seatId,sectionId,rowNumber,seatNumber,seatType,status,version
SEC_STD01_A_R01_S01,SEC_STD01_A,1,R01-S01,VIP,BOOKED,0
SEC_STD01_A_R01_S02,SEC_STD01_A,1,R01-S02,VIP,BOOKED,0
SEC_STD01_A_R01_S03,SEC_STD01_A,1,R01-S03,VIP,BOOKED,0
SEC_STD01_A_R01_S04,SEC_STD01_A,1,R01-S04,VIP,BOOKED,0
SEC_STD01_A_R01_S05,SEC_STD01_A,1,R01-S05,VIP,BOOKED,0
SEC_STD01_A_R01_S06,SEC_STD01_A,1,R01-S06,VIP,BOOKED,0
SEC_STD01_A_R01_S07,SEC_STD01_A,1,R01-S07,VIP,BOOKED,0
SEC_STD01_A_R01_S08,SEC_STD01_A,1,R01-S08,VIP,BOOKED,0
SEC_STD01_A_R01_S09,SEC_STD01_A,1,R01-S09,VIP,BOOKED,0
SEC_STD01_A_R01_S10,SEC_STD01_A,1,R01-S10,VIP,BOOKED,0
SEC_STD01_A_R01_S11,SEC_STD01_A,1,R01-S11,VIP,BOOKED,0
SEC_STD01_A_R01_S12,SEC_STD01_A,1,R01-S12,VIP,BOOKED,0
SEC_STD01_A_R01_S13,SEC_STD01_A,1,R01-S13,VIP,BOOKED,0
SEC_STD01_A_R01_S14,SEC_STD01_A,1,R01-S14,VIP,BOOKED,0
SEC_STD01_A_R01_S15,SEC_STD01_A,1,R01-S15,VIP,BOOKED,0
SEC_STD01_A_R01_S16,SEC_STD01_A,1,R01-S16,VIP,BOOKED,0
SEC_STD01_A_R01_S17,SEC_STD01_A,1,R01-S17,VIP,BOOKED,0
SEC_STD01_A_R01_S18,SEC_STD01_A,1,R01-S18,VIP,BOOKED,0
SEC_STD01_A_R01_S19,SEC_STD01_A,1,R01-S19,VIP,BOOKED,0
SEC_STD01_A_R01_S20,SEC_STD01_A,1,R01-S20,VIP,BOOKED,0
SEC_STD01_A_R01_S21,SEC_STD01_A,1,R01-S21,VIP,BOOKED,0
SEC_STD01_A_R01_S22,SEC_STD01_A,1,R01-S22,VIP,BOOKED,0
SEC_STD01_A_R01_S23,SEC_STD01_A,1,R01-S23,VIP,BOOKED,0
SEC_STD01_A_R01_S24,SEC_STD01_A,1,R01-S24,VIP,BOOKED,0
SEC_STD01_A_R01_S25,SEC_STD01_A,1,R01-S25,VIP,BOOKED,0
SEC_STD01_A_R01_S26,SEC_STD01_A,1,R01-S26,VIP,BOOKED,0
SEC_STD01_A_R01_S27,SEC_STD01_A,1,R01-S27,VIP,BOOKED,0
SEC_STD01_A_R01_S28,SEC_STD01_A,1,R01-S28,VIP,BOOKED,0
SEC_STD01_A_R01_S29,SEC_STD01_A,1,R01-S29,VIP,BOOKED,0
SEC_STD01_A_R01_S30,SEC_STD01_A,1,R01-S30,VIP,BOOKED,0
SEC_STD01_A_R01_S31,SEC_STD01_A,1,R01-S31,VIP,BOOKED,0
SEC_STD01_A_R01_S32,SEC_STD01_A,1,R01-S32,VIP,BOOKED,0
SEC_STD01_A_R01_S33,SEC_STD01_A,1,R01-S33,VIP,BOOKED,0
SEC_STD01_A_R01_S34,SEC_STD01_A,1,R01-S34,VIP,BOOKED,0
SEC_STD01_A_R01_S35,SEC_STD01_A,1,R01-S35,VIP,BOOKED,0
SEC_STD01_A_R01_S36,SEC_STD01_A,1,R01-S36,VIP,BOOKED,0
SEC_STD01_A_R01_S37,SEC_STD01_A,1,R01-S37,VIP,BOOKED,0
SEC_STD01_A_R01_S38,SEC_STD01_A,1,R01-S38,VIP,BOOKED,0
SEC_STD01_A_R01_S39,SEC_STD01_A,1,R01-S39,VIP,BOOKED,0
SEC_STD01_A_R01_S40,SEC_STD01_A,1,R01-S40,VIP,BOOKED,0
SEC_STD01_A_R01_S41,SEC_STD01_A,1,R01-S41,VIP,BOOKED,0
SEC_STD01_A_R01_S42,SEC_STD01_A,1,R01-S42,VIP,BOOKED,0
SEC_STD01_A_R01_S43,SEC_STD01_A,1,R01-S43,VIP,BOOKED,0
SEC_STD01_A_R01_S44,SEC_STD01_A,1,R01-S44,VIP,BOOKED,0
SEC_STD01_A_R01_S45,SEC_STD01_A,1,R01-S45,VIP,BOOKED,0
SEC_STD01_A_R01_S46,SEC_STD01_A,1,R01-S46,VIP,BOOKED,0
SEC_STD01_A_R01_S47,SEC_STD01_A,1,R01-S47,VIP,BOOKED,0
SEC_STD01_A_R01_S48,SEC_STD01_A,1,R01-S48,VIP,BOOKED,0
SEC_STD01_A_R01_S49,SEC_STD01_A,1,R01-S49,VIP,BOOKED,0
SEC_STD01_A_R01_S50,SEC_STD01_A,1,R01-S50,VIP,BOOKED,0
SEC_STD01_A_R01_S51,SEC_STD01_A,1,R01-S51,VIP,BOOKED,0
SEC_STD01_A_R01_S52,SEC_STD01_A,1,R01-S52,VIP,BOOKED,0
SEC_STD01_A_R01_S53,SEC_STD01_A,1,R01-S53,VIP,BOOKED,0
SEC_STD01_A_R01_S54,SEC_STD01_A,1,R01-S54,VIP,BOOKED,0
SEC_STD01_A_R01_S55,SEC_STD01_A,1,R01-S55,VIP,BOOKED,0
SEC_STD01_A_R01_S56,SEC_STD01_A,1,R01-S56,VIP,BOOKED,0
SEC_STD01_A_R01_S57,SEC_STD01_A,1,R01-S57,VIP,BOOKED,0
SEC_STD01_A_R01_S58,SEC_STD01_A,1,R01-S58,VIP,BOOKED,0
SEC_STD01_A_R01_S59,SEC_STD01_A,1,R01-S59,VIP,BOOKED,0
SEC_STD01_A_R01_S60,SEC_STD01_A,1,R01-S60,VIP,BOOKED,0
SEC_STD01_A_R02_S01,SEC_STD01_A,2,R02-S01,VIP,BOOKED,0
SEC_STD01_A_R02_S02,SEC_STD01_A,2,R02-S02,VIP,BOOKED,0
SEC_STD01_A_R02_S03,SEC_STD01_A,2,R02-S03,VIP,BOOKED,0
SEC_STD01_A_R02_S04,SEC_STD01_A,2,R02-S04,VIP,BOOKED,0
SEC_STD01_A_R02_S05,SEC_STD01_A,2,R02-S05,VIP,BOOKED,0
SEC_STD01_A_R02_S06,SEC_STD01_A,2,R02-S06,VIP,BOOKED,0
SEC_STD01_A_R02_S07,SEC_STD01_A,2,R02-S07,VIP,BOOKED,0
SEC_STD01_A_R02_S08,SEC_STD01_A,2,R02-S08,VIP,BOOKED,0
SEC_STD01_A_R02_S09,SEC_STD01_A,2,R02-S09,VIP,BOOKED,0
SEC_STD01_A_R02_S10,SEC_STD01_A,2,R02-S10,VIP,BOOKED,0
SEC_STD01_A_R02_S11,SEC_STD01_A,2,R02-S11,VIP,BOOKED,0
SEC_STD01_A_R02_S12,SEC_STD01_A,2,R02-S12,VIP,BOOKED,0
SEC_STD01_A_R02_S13,SEC_STD01_A,2,R02-S13,VIP,BOOKED,0
SEC_STD01_A_R02_S14,SEC_STD01_A,2,R02-S14,VIP,BOOKED,0
SEC_STD01_A_R02_S15,SEC_STD01_A,2,R02-S15,VIP,BOOKED,0
SEC_STD01_A_R02_S16,SEC_STD01_A,2,R02-S16,VIP,BOOKED,0
SEC_STD01_A_R02_S17,SEC_STD01_A,2,R02-S17,VIP,BOOKED,0
SEC_STD01_A_R02_S18,SEC_STD01_A,2,R02-S18,VIP,BOOKED,0
SEC_STD01_A_R02_S19,SEC_STD01_A,2,R02-S19,VIP,BOOKED,0
SEC_STD01_A_R02_S20,SEC_STD01_A,2,R02-S20,VIP,BOOKED,0
SEC_STD01_A_R02_S21,SEC_STD01_A,2,R02-S21,VIP,BOOKED,0
SEC_STD01_A_R02_S22,SEC_STD01_A,2,R02-S22,VIP,BOOKED,0
SEC_STD01_A_R02_S23,SEC_STD01_A,2,R02-S23,VIP,BOOKED,0
SEC_STD01_A_R02_S24,SEC_STD01_A,2,R02-S24,VIP,BOOKED,0
SEC_STD01_A_R02_S25,SEC_STD01_A,2,R02-S25,VIP,BOOKED,0
SEC_STD01_A_R02_S26,SEC_STD01_A,2,R02-S26,VIP,BOOKED,0
SEC_STD01_A_R02_S27,SEC_STD01_A,2,R02-S27,VIP,BOOKED,0
SEC_STD01_A_R02_S28,SEC_STD01_A,2,R02-S28,VIP,BOOKED,0
SEC_STD01_A_R02_S29,SEC_STD01_A,2,R02-S29,VIP,BOOKED,0
SEC_STD01_A_R02_S30,SEC_STD01_A,2,R02-S30,VIP,BOOKED,0
SEC_STD01_A_R02_S31,SEC_STD01_A,2,R02-S31,VIP,BOOKED,0
SEC_STD01_A_R02_S32,SEC_STD01_A,2,R02-S32,VIP,BOOKED,0
SEC_STD01_A_R02_S33,SEC_STD01_A,2,R02-S33,VIP,BOOKED,0
SEC_STD01_A_R02_S34,SEC_STD01_A,2,R02-S34,VIP,BOOKED,0
SEC_STD01_A_R02_S35,SEC_STD01_A,2,R02-S35,VIP,BOOKED,0
SEC_STD01_A_R02_S36,SEC_STD01_A,2,R02-S36,VIP,BOOKED,0
SEC_STD01_A_R02_S37,SEC_STD01_A,2,R02-S37,VIP,BOOKED,0
SEC_STD01_A_R02_S38,SEC_STD01_A,2,R02-S38,VIP,BOOKED,0
SEC_STD01_A_R02_S39,SEC_STD01_A,2,R02-S39,VIP,BOOKED,0
SEC_STD01_A_R02_S40,SEC_STD01_A,2,R02-S40,VIP,BOOKED,0
SEC_STD01_A_R02_S41,SEC_STD01_A,2,R02-S41,VIP,BOOKED,0
SEC_STD01_A_R02_S42,SEC_STD01_A,2,R02-S42,VIP,BOOKED,0
SEC_STD01_A_R02_S43,SEC_STD01_A,2,R02-S43,VIP,BOOKED,0
SEC_STD01_A_R02_S44,SEC_STD01_A,2,R02-S44,VIP,BOOKED,0
SEC_STD01_A_R02_S45,SEC_STD01_A,2,R02-S45,VIP,BOOKED,0
SEC_STD01_A_R02_S46,SEC_STD01_A,2,R02-S46,VIP,BOOKED,0
SEC_STD01_A_R02_S47,SEC_STD01_A,2,R02-S47,VIP,BOOKED,0
SEC_STD01_A_R02_S48,SEC_STD01_A,2,R02-S48,VIP,BOOKED,0
SEC_STD01_A_R02_S49,SEC_STD01_A,2,R02-S49,VIP,BOOKED,0
SEC_STD01_A_R02_S50,SEC_STD01_A,2,R02-S50,VIP,BOOKED,0
SEC_STD01_A_R02_S51,SEC_STD01_A,2,R02-S51,VIP,BOOKED,0
SEC_STD01_A_R02_S52,SEC_STD01_A,2,R02-S52,VIP,BOOKED,0
SEC_STD01_A_R02_S53,SEC_STD01_A,2,R02-S53,VIP,BOOKED,0
SEC_STD01_A_R02_S54,SEC_STD01_A,2,R02-S54,VIP,BOOKED,0
SEC_STD01_A_R02_S55,SEC_STD01_A,2,R02-S55,VIP,BOOKED,0
SEC_STD01_A_R02_S56,SEC_STD01_A,2,R02-S56,VIP,BOOKED,0
SEC_STD01_A_R02_S57,SEC_STD01_A,2,R02-S57,VIP,BOOKED,0
SEC_STD01_A_R02_S58,SEC_STD01_A,2,R02-S58,VIP,BOOKED,0
SEC_STD01_A_R02_S59,SEC_STD01_A,2,R02-S59,VIP,BOOKED,0
SEC_STD01_A_R02_S60,SEC_STD01_A,2,R02-S60,VIP,BOOKED,0
SEC_STD01_A_R03_S01,SEC_STD01_A,3,R03-S01,VIP,BOOKED,0
SEC_STD01_A_R03_S02,SEC_STD01_A,3,R03-S02,VIP,BOOKED,0
SEC_STD01_A_R03_S03,SEC_STD01_A,3,R03-S03,VIP,BOOKED,0
SEC_STD01_A_R03_S04,SEC_STD01_A,3,R03-S04,VIP,BOOKED,0
SEC_STD01_A_R03_S05,SEC_STD01_A,3,R03-S05,VIP,BOOKED,0
SEC_STD01_A_R03_S06,SEC_STD01_A,3,R03-S06,VIP,BOOKED,0
SEC_STD01_A_R03_S07,SEC_STD01_A,3,R03-S07,VIP,BOOKED,0
SEC_STD01_A_R03_S08,SEC_STD01_A,3,R03-S08,VIP,BOOKED,0
SEC_STD01_A_R03_S09,SEC_STD01_A,3,R03-S09,VIP,BOOKED,0
SEC_STD01_A_R03_S10,SEC_STD01_A,3,R03-S10,VIP,BOOKED,0
SEC_STD01_A_R03_S11,SEC_STD01_A,3,R03-S11,VIP,BOOKED,0
SEC_STD01_A_R03_S12,SEC_STD01_A,3,R03-S12,VIP,BOOKED,0
SEC_STD01_A_R03_S13,SEC_STD01_A,3,R03-S13,VIP,BOOKED,0
SEC_STD01_A_R03_S14,SEC_STD01_A,3,R03-S14,VIP,BOOKED,0
SEC_STD01_A_R03_S15,SEC_STD01_A,3,R03-S15,VIP,BOOKED,0
SEC_STD01_A_R03_S16,SEC_STD01_A,3,R03-S16,VIP,BOOKED,0
SEC_STD01_A_R03_S17,SEC_STD01_A,3,R03-S17,VIP,BOOKED,0
SEC_STD01_A_R03_S18,SEC_STD01_A,3,R03-S18,VIP,BOOKED,0
SEC_STD01_A_R03_S19,SEC_STD01_A,3,R03-S19,VIP,BOOKED,0
SEC_STD01_A_R03_S20,SEC_STD01_A,3,R03-S20,VIP,BOOKED,0
SEC_STD01_A_R03_S21,SEC_STD01_A,3,R03-S21,VIP,BOOKED,0
SEC_STD01_A_R03_S22,SEC_STD01_A,3,R03-S22,VIP,BOOKED,0
SEC_STD01_A_R03_S23,SEC_STD01_A,3,R03-S23,VIP,BOOKED,0
SEC_STD01_A_R03_S24,SEC_STD01_A,3,R03-S24,VIP,BOOKED,0
SEC_STD01_A_R03_S25,SEC_STD01_A,3,R03-S25,VIP,BOOKED,0
SEC_STD01_A_R03_S26,SEC_STD01_A,3,R03-S26,VIP,BOOKED,0
SEC_STD01_A_R03_S27,SEC_STD01_A,3,R03-S27,VIP,BOOKED,0
SEC_STD01_A_R03_S28,SEC_STD01_A,3,R03-S28,VIP,BOOKED,0
SEC_STD01_A_R03_S29,SEC_STD01_A,3,R03-S29,VIP,BOOKED,0
SEC_STD01_A_R03_S30,SEC_STD01_A,3,R03-S30,VIP,BOOKED,0
SEC_STD01_A_R03_S31,SEC_STD01_A,3,R03-S31,VIP,BOOKED,0
SEC_STD01_A_R03_S32,SEC_STD01_A,3,R03-S32,VIP,BOOKED,0
SEC_STD01_A_R03_S33,SEC_STD01_A,3,R03-S33,VIP,AVAILABLE,0
SEC_STD01_A_R03_S34,SEC_STD01_A,3,R03-S34,VIP,AVAILABLE,0
SEC_STD01_A_R03_S35,SEC_STD01_A,3,R03-S35,VIP,AVAILABLE,0
SEC_STD01_A_R03_S36,SEC_STD01_A,3,R03-S36,VIP,AVAILABLE,0
SEC_STD01_A_R03_S37,SEC_STD01_A,3,R03-S37,VIP,AVAILABLE,0
SEC_STD01_A_R03_S38,SEC_STD01_A,3,R03-S38,VIP,AVAILABLE,0
SEC_STD01_A_R03_S39,SEC_STD01_A,3,R03-S39,VIP,AVAILABLE,0
SEC_STD01_A_R03_S40,SEC_STD01_A,3,R03-S40,VIP,AVAILABLE,0
SEC_STD01_A_R03_S41,SEC_STD01_A,3,R03-S41,VIP,AVAILABLE,0
SEC_STD01_A_R03_S42,SEC_STD01_A,3,R03-S42,VIP,AVAILABLE,0
SEC_STD01_A_R03_S43,SEC_STD01_A,3,R03-S43,VIP,AVAILABLE,0
SEC_STD01_A_R03_S44,SEC_STD01_A,3,R03-S44,VIP,AVAILABLE,0
SEC_STD01_A_R03_S45,SEC_STD01_A,3,R03-S45,VIP,AVAILABLE,0
SEC_STD01_A_R03_S46,SEC_STD01_A,3,R03-S46,VIP,AVAILABLE,0
SEC_STD01_A_R03_S47,SEC_STD01_A,3,R03-S47,VIP,AVAILABLE,0
SEC_STD01_A_R03_S48,SEC_STD01_A,3,R03-S48,VIP,AVAILABLE,0
SEC_STD01_A_R03_S49,SEC_STD01_A,3,R03-S49,VIP,AVAILABLE,0
SEC_STD01_A_R03_S50,SEC_STD01_A,3,R03-S50,VIP,AVAILABLE,0
SEC_STD01_A_R03_S51,SEC_STD01_A,3,R03-S51,VIP,AVAILABLE,0
SEC_STD01_A_R03_S52,SEC_STD01_A,3,R03-S52,VIP,AVAILABLE,0
SEC_STD01_A_R03_S53,SEC_STD01_A,3,R03-S53,VIP,AVAILABLE,0
SEC_STD01_A_R03_S54,SEC_STD01_A,3,R03-S54,VIP,AVAILABLE,0
SEC_STD01_A_R03_S55,SEC_STD01_A,3,R03-S55,VIP,AVAILABLE,0
SEC_STD01_A_R03_S56,SEC_STD01_A,3,R03-S56,VIP,AVAILABLE,0
SEC_STD01_A_R03_S57,SEC_STD01_A,3,R03-S57,VIP,AVAILABLE,0
SEC_STD01_A_R03_S58,SEC_STD01_A,3,R03-S58,VIP,AVAILABLE,0
SEC_STD01_A_R03_S59,SEC_STD01_A,3,R03-S59,VIP,AVAILABLE,0
SEC_STD01_A_R03_S60,SEC_STD01_A,3,R03-S60,VIP,AVAILABLE,0
SEC_STD01_A_R04_S01,SEC_STD01_A,4,R04-S01,VIP,AVAILABLE,0
SEC_STD01_A_R04_S02,SEC_STD01_A,4,R04-S02,VIP,AVAILABLE,0
SEC_STD01_A_R04_S03,SEC_STD01_A,4,R04-S03,VIP,AVAILABLE,0
SEC_STD01_A_R04_S04,SEC_STD01_A,4,R04-S04,VIP,AVAILABLE,0
SEC_STD01_A_R04_S05,SEC_STD01_A,4,R04-S05,VIP,AVAILABLE,0
SEC_STD01_A_R04_S06,SEC_STD01_A,4,R04-S06,VIP,AVAILABLE,0
SEC_STD01_A_R04_S07,SEC_STD01_A,4,R04-S07,VIP,AVAILABLE,0
SEC_STD01_A_R04_S08,SEC_STD01_A,4,R04-S08,VIP,AVAILABLE,0
SEC_STD01_A_R04_S09,SEC_STD01_A,4,R04-S09,VIP,AVAILABLE,0
SEC_STD01_A_R04_S10,SEC_STD01_A,4,R04-S10,VIP,AVAILABLE,0
SEC_STD01_A_R04_S11,SEC_STD01_A,4,R04-S11,VIP,AVAILABLE,0
SEC_STD01_A_R04_S12,SEC_STD01_A,4,R04-S12,VIP,AVAILABLE,0
SEC_STD01_A_R04_S13,SEC_STD01_A,4,R04-S13,VIP,AVAILABLE,0
SEC_STD01_A_R04_S14,SEC_STD01_A,4,R04-S14,VIP,AVAILABLE,0
SEC_STD01_A_R04_S15,SEC_STD01_A,4,R04-S15,VIP,AVAILABLE,0
SEC_STD01_A_R04_S16,SEC_STD01_A,4,R04-S16,VIP,AVAILABLE,0
SEC_STD01_A_R04_S17,SEC_STD01_A,4,R04-S17,VIP,AVAILABLE,0
SEC_STD01_A_R04_S18,SEC_STD01_A,4,R04-S18,VIP,AVAILABLE,0
SEC_STD01_A_R04_S19,SEC_STD01_A,4,R04-S19,VIP,AVAILABLE,0
SEC_STD01_A_R04_S20,SEC_STD01_A,4,R04-S20,VIP,AVAILABLE,0
SEC_STD01_A_R04_S21,SEC_STD01_A,4,R04-S21,VIP,AVAILABLE,0
SEC_STD01_A_R04_S22,SEC_STD01_A,4,R04-S22,VIP,AVAILABLE,0
SEC_STD01_A_R04_S23,SEC_STD01_A,4,R04-S23,VIP,AVAILABLE,0
SEC_STD01_A_R04_S24,SEC_STD01_A,4,R04-S24,VIP,AVAILABLE,0
SEC_STD01_A_R04_S25,SEC_STD01_A,4,R04-S25,VIP,AVAILABLE,0
SEC_STD01_A_R04_S26,SEC_STD01_A,4,R04-S26,VIP,AVAILABLE,0
SEC_STD01_A_R04_S27,SEC_STD01_A,4,R04-S27,VIP,AVAILABLE,0
SEC_STD01_A_R04_S28,SEC_STD01_A,4,R04-S28,VIP,AVAILABLE,0
SEC_STD01_A_R04_S29,SEC_STD01_A,4,R04-S29,VIP,AVAILABLE,0
SEC_STD01_A_R04_S30,SEC_STD01_A,4,R04-S30,VIP,AVAILABLE,0
SEC_STD01_A_R04_S31,SEC_STD01_A,4,R04-S31,VIP,AVAILABLE,0
SEC_STD01_A_R04_S32,SEC_STD01_A,4,R04-S32,VIP,AVAILABLE,0
SEC_STD01_A_R04_S33,SEC_STD01_A,4,R04-S33,VIP,AVAILABLE,0
SEC_STD01_A_R04_S34,SEC_STD01_A,4,R04-S34,VIP,AVAILABLE,0
SEC_STD01_A_R04_S35,SEC_STD01_A,4,R04-S35,VIP,AVAILABLE,0
SEC_STD01_A_R04_S36,SEC_STD01_A,4,R04-S36,VIP,AVAILABLE,0
SEC_STD01_A_R04_S37,SEC_STD01_A,4,R04-S37,VIP,AVAILABLE,0
SEC_STD01_A_R04_S38,SEC_STD01_A,4,R04-S38,VIP,AVAILABLE,0
SEC_STD01_A_R04_S39,SEC_STD01_A,4,R04-S39,VIP,AVAILABLE,0
SEC_STD01_A_R04_S40,SEC_STD01_A,4,R04-S40,VIP,AVAILABLE,0
SEC_STD01_A_R04_S41,SEC_STD01_A,4,R04-S41,VIP,AVAILABLE,0
SEC_STD01_A_R04_S42,SEC_STD01_A,4,R04-S42,VIP,AVAILABLE,0
SEC_STD01_A_R04_S43,SEC_STD01_A,4,R04-S43,VIP,AVAILABLE,0
SEC_STD01_A_R04_S44,SEC_STD01_A,4,R04-S44,VIP,AVAILABLE,0
SEC_STD01_A_R04_S45,SEC_STD01_A,4,R04-S45,VIP,AVAILABLE,0
SEC_STD01_A_R04_S46,SEC_STD01_A,4,R04-S46,VIP,AVAILABLE,0
SEC_STD01_A_R04_S47,SEC_STD01_A,4,R04-S47,VIP,AVAILABLE,0
SEC_STD01_A_R04_S48,SEC_STD01_A,4,R04-S48,VIP,AVAILABLE,0
SEC_STD01_A_R04_S49,SEC_STD01_A,4,R04-S49,VIP,AVAILABLE,0
SEC_STD01_A_R04_S50,SEC_STD01_A,4,R04-S50,VIP,AVAILABLE,0
SEC_STD01_A_R04_S51,SEC_STD01_A,4,R04-S51,VIP,AVAILABLE,0
SEC_STD01_A_R04_S52,SEC_STD01_A,4,R04-S52,VIP,AVAILABLE,0
SEC_STD01_A_R04_S53,SEC_STD01_A,4,R04-S53,VIP,AVAILABLE,0
SEC_STD01_A_R04_S54,SEC_STD01_A,4,R04-S54,VIP,AVAILABLE,0
SEC_STD01_A_R04_S55,SEC_STD01_A,4,R04-S55,VIP,AVAILABLE,0
SEC_STD01_A_R04_S56,SEC_STD01_A,4,R04-S56,VIP,AVAILABLE,0
SEC_STD01_A_R04_S57,SEC_STD01_A,4,R04-S57,VIP,AVAILABLE,0
SEC_STD01_A_R04_S58,SEC_STD01_A,4,R04-S58,VIP,AVAILABLE,0
SEC_STD01_A_R04_S59,SEC_STD01_A,4,R04-S59,VIP,AVAILABLE,0
SEC_STD01_A_R04_S60,SEC_STD01_A,4,R04-S60,VIP,AVAILABLE,0
SEC_STD01_A_R05_S01,SEC_STD01_A,5,R05-S01,VIP,AVAILABLE,0
SEC_STD01_A_R05_S02,SEC_STD01_A,5,R05-S02,VIP,AVAILABLE,0
SEC_STD01_A_R05_S03,SEC_STD01_A,5,R05-S03,VIP,AVAILABLE,0
SEC_STD01_A_R05_S04,SEC_STD01_A,5,R05-S04,VIP,AVAILABLE,0
SEC_STD01_A_R05_S05,SEC_STD01_A,5,R05-S05,VIP,AVAILABLE,0
SEC_STD01_A_R05_S06,SEC_STD01_A,5,R05-S06,VIP,AVAILABLE,0
SEC_STD01_A_R05_S07,SEC_STD01_A,5,R05-S07,VIP,AVAILABLE,0
SEC_STD01_A_R05_S08,SEC_STD01_A,5,R05-S08,VIP,AVAILABLE,0
SEC_STD01_A_R05_S09,SEC_STD01_A,5,R05-S09,VIP,AVAILABLE,0
SEC_STD01_A_R05_S10,SEC_STD01_A,5,R05-S10,VIP,AVAILABLE,0
SEC_STD01_A_R05_S11,SEC_STD01_A,5,R05-S11,VIP,AVAILABLE,0
SEC_STD01_A_R05_S12,SEC_STD01_A,5,R05-S12,VIP,AVAILABLE,0
SEC_STD01_A_R05_S13,SEC_STD01_A,5,R05-S13,VIP,AVAILABLE,0
SEC_STD01_A_R05_S14,SEC_STD01_A,5,R05-S14,VIP,AVAILABLE,0
SEC_STD01_A_R05_S15,SEC_STD01_A,5,R05-S15,VIP,AVAILABLE,0
SEC_STD01_A_R05_S16,SEC_STD01_A,5,R05-S16,VIP,AVAILABLE,0
SEC_STD01_A_R05_S17,SEC_STD01_A,5,R05-S17,VIP,AVAILABLE,0
SEC_STD01_A_R05_S18,SEC_STD01_A,5,R05-S18,VIP,AVAILABLE,0
SEC_STD01_A_R05_S19,SEC_STD01_A,5,R05-S19,VIP,AVAILABLE,0
SEC_STD01_A_R05_S20,SEC_STD01_A,5,R05-S20,VIP,AVAILABLE,0
SEC_STD01_A_R05_S21,SEC_STD01_A,5,R05-S21,VIP,AVAILABLE,0
SEC_STD01_A_R05_S22,SEC_STD01_A,5,R05-S22,VIP,AVAILABLE,0
SEC_STD01_A_R05_S23,SEC_STD01_A,5,R05-S23,VIP,AVAILABLE,0
SEC_STD01_A_R05_S24,SEC_STD01_A,5,R05-S24,VIP,AVAILABLE,0
SEC_STD01_A_R05_S25,SEC_STD01_A,5,R05-S25,VIP,AVAILABLE,0
SEC_STD01_A_R05_S26,SEC_STD01_A,5,R05-S26,VIP,AVAILABLE,0
SEC_STD01_A_R05_S27,SEC_STD01_A,5,R05-S27,VIP,AVAILABLE,0
SEC_STD01_A_R05_S28,SEC_STD01_A,5,R05-S28,VIP,AVAILABLE,0
SEC_STD01_A_R05_S29,SEC_STD01_A,5,R05-S29,VIP,AVAILABLE,0
SEC_STD01_A_R05_S30,SEC_STD01_A,5,R05-S30,VIP,AVAILABLE,0
SEC_STD01_A_R05_S31,SEC_STD01_A,5,R05-S31,VIP,AVAILABLE,0
SEC_STD01_A_R05_S32,SEC_STD01_A,5,R05-S32,VIP,AVAILABLE,0
SEC_STD01_A_R05_S33,SEC_STD01_A,5,R05-S33,VIP,AVAILABLE,0
SEC_STD01_A_R05_S34,SEC_STD01_A,5,R05-S34,VIP,AVAILABLE,0
SEC_STD01_A_R05_S35,SEC_STD01_A,5,R05-S35,VIP,AVAILABLE,0
SEC_STD01_A_R05_S36,SEC_STD01_A,5,R05-S36,VIP,AVAILABLE,0
SEC_STD01_A_R05_S37,SEC_STD01_A,5,R05-S37,VIP,AVAILABLE,0
SEC_STD01_A_R05_S38,SEC_STD01_A,5,R05-S38,VIP,AVAILABLE,0
SEC_STD01_A_R05_S39,SEC_STD01_A,5,R05-S39,VIP,AVAILABLE,0
SEC_STD01_A_R05_S40,SEC_STD01_A,5,R05-S40,VIP,AVAILABLE,0
SEC_STD01_A_R05_S41,SEC_STD01_A,5,R05-S41,VIP,AVAILABLE,0
SEC_STD01_A_R05_S42,SEC_STD01_A,5,R05-S42,VIP,AVAILABLE,0
SEC_STD01_A_R05_S43,SEC_STD01_A,5,R05-S43,VIP,AVAILABLE,0
SEC_STD01_A_R05_S44,SEC_STD01_A,5,R05-S44,VIP,AVAILABLE,0
SEC_STD01_A_R05_S45,SEC_STD01_A,5,R05-S45,VIP,AVAILABLE,0
SEC_STD01_A_R05_S46,SEC_STD01_A,5,R05-S46,VIP,AVAILABLE,0
SEC_STD01_A_R05_S47,SEC_STD01_A,5,R05-S47,VIP,AVAILABLE,0
SEC_STD01_A_R05_S48,SEC_STD01_A,5,R05-S48,VIP,AVAILABLE,0
SEC_STD01_A_R05_S49,SEC_STD01_A,5,R05-S49,VIP,AVAILABLE,0
SEC_STD01_A_R05_S50,SEC_STD01_A,5,R05-S50,VIP,AVAILABLE,0
SEC_STD01_A_R05_S51,SEC_STD01_A,5,R05-S51,VIP,AVAILABLE,0
SEC_STD01_A_R05_S52,SEC_STD01_A,5,R05-S52,VIP,AVAILABLE,0
SEC_STD01_A_R05_S53,SEC_STD01_A,5,R05-S53,VIP,AVAILABLE,0
SEC_STD01_A_R05_S54,SEC_STD01_A,5,R05-S54,VIP,AVAILABLE,0
SEC_STD01_A_R05_S55,SEC_STD01_A,5,R05-S55,VIP,AVAILABLE,0
SEC_STD01_A_R05_S56,SEC_STD01_A,5,R05-S56,VIP,AVAILABLE,0
SEC_STD01_A_R05_S57,SEC_STD01_A,5,R05-S57,VIP,AVAILABLE,0
SEC_STD01_A_R05_S58,SEC_STD01_A,5,R05-S58,VIP,AVAILABLE,0
SEC_STD01_A_R05_S59,SEC_STD01_A,5,R05-S59,VIP,AVAILABLE,0
SEC_STD01_A_R05_S60,SEC_STD01_A,5,R05-S60,VIP,AVAILABLE,0
SEC_STD01_A_R06_S01,SEC_STD01_A,6,R06-S01,VIP,AVAILABLE,0
SEC_STD01_A_R06_S02,SEC_STD01_A,6,R06-S02,VIP,AVAILABLE,0
SEC_STD01_A_R06_S03,SEC_STD01_A,6,R06-S03,VIP,AVAILABLE,0
SEC_STD01_A_R06_S04,SEC_STD01_A,6,R06-S04,VIP,AVAILABLE,0
SEC_STD01_A_R06_S05,SEC_STD01_A,6,R06-S05,VIP,AVAILABLE,0
SEC_STD01_A_R06_S06,SEC_STD01_A,6,R06-S06,VIP,AVAILABLE,0
SEC_STD01_A_R06_S07,SEC_STD01_A,6,R06-S07,VIP,AVAILABLE,0
SEC_STD01_A_R06_S08,SEC_STD01_A,6,R06-S08,VIP,AVAILABLE,0
SEC_STD01_A_R06_S09,SEC_STD01_A,6,R06-S09,VIP,AVAILABLE,0
SEC_STD01_A_R06_S10,SEC_STD01_A,6,R06-S10,VIP,AVAILABLE,0
SEC_STD01_A_R06_S11,SEC_STD01_A,6,R06-S11,VIP,AVAILABLE,0
SEC_STD01_A_R06_S12,SEC_STD01_A,6,R06-S12,VIP,AVAILABLE,0
SEC_STD01_A_R06_S13,SEC_STD01_A,6,R06-S13,VIP,AVAILABLE,0
SEC_STD01_A_R06_S14,SEC_STD01_A,6,R06-S14,VIP,AVAILABLE,0
SEC_STD01_A_R06_S15,SEC_STD01_A,6,R06-S15,VIP,AVAILABLE,0
SEC_STD01_A_R06_S16,SEC_STD01_A,6,R06-S16,VIP,AVAILABLE,0
SEC_STD01_A_R06_S17,SEC_STD01_A,6,R06-S17,VIP,AVAILABLE,0
SEC_STD01_A_R06_S18,SEC_STD01_A,6,R06-S18,VIP,AVAILABLE,0
SEC_STD01_A_R06_S19,SEC_STD01_A,6,R06-S19,VIP,AVAILABLE,0
SEC_STD01_A_R06_S20,SEC_STD01_A,6,R06-S20,VIP,AVAILABLE,0
SEC_STD01_A_R06_S21,SEC_STD01_A,6,R06-S21,VIP,AVAILABLE,0
SEC_STD01_A_R06_S22,SEC_STD01_A,6,R06-S22,VIP,AVAILABLE,0
SEC_STD01_A_R06_S23,SEC_STD01_A,6,R06-S23,VIP,AVAILABLE,0
SEC_STD01_A_R06_S24,SEC_STD01_A,6,R06-S24,VIP,AVAILABLE,0
SEC_STD01_A_R06_S25,SEC_STD01_A,6,R06-S25,VIP,AVAILABLE,0
SEC_STD01_A_R06_S26,SEC_STD01_A,6,R06-S26,VIP,AVAILABLE,0
SEC_STD01_A_R06_S27,SEC_STD01_A,6,R06-S27,VIP,AVAILABLE,0
SEC_STD01_A_R06_S28,SEC_STD01_A,6,R06-S28,VIP,AVAILABLE,0
SEC_STD01_A_R06_S29,SEC_STD01_A,6,R06-S29,VIP,AVAILABLE,0
SEC_STD01_A_R06_S30,SEC_STD01_A,6,R06-S30,VIP,AVAILABLE,0
SEC_STD01_A_R06_S31,SEC_STD01_A,6,R06-S31,VIP,AVAILABLE,0
SEC_STD01_A_R06_S32,SEC_STD01_A,6,R06-S32,VIP,AVAILABLE,0
SEC_STD01_A_R06_S33,SEC_STD01_A,6,R06-S33,VIP,AVAILABLE,0
SEC_STD01_A_R06_S34,SEC_STD01_A,6,R06-S34,VIP,AVAILABLE,0
SEC_STD01_A_R06_S35,SEC_STD01_A,6,R06-S35,VIP,AVAILABLE,0
SEC_STD01_A_R06_S36,SEC_STD01_A,6,R06-S36,VIP,AVAILABLE,0
SEC_STD01_A_R06_S37,SEC_STD01_A,6,R06-S37,VIP,AVAILABLE,0
SEC_STD01_A_R06_S38,SEC_STD01_A,6,R06-S38,VIP,AVAILABLE,0
SEC_STD01_A_R06_S39,SEC_STD01_A,6,R06-S39,VIP,AVAILABLE,0
SEC_STD01_A_R06_S40,SEC_STD01_A,6,R06-S40,VIP,AVAILABLE,0
SEC_STD01_A_R06_S41,SEC_STD01_A,6,R06-S41,VIP,AVAILABLE,0
SEC_STD01_A_R06_S42,SEC_STD01_A,6,R06-S42,VIP,AVAILABLE,0
SEC_STD01_A_R06_S43,SEC_STD01_A,6,R06-S43,VIP,AVAILABLE,0
SEC_STD01_A_R06_S44,SEC_STD01_A,6,R06-S44,VIP,AVAILABLE,0
SEC_STD01_A_R06_S45,SEC_STD01_A,6,R06-S45,VIP,AVAILABLE,0
SEC_STD01_A_R06_S46,SEC_STD01_A,6,R06-S46,VIP,AVAILABLE,0
SEC_STD01_A_R06_S47,SEC_STD01_A,6,R06-S47,VIP,AVAILABLE,0
SEC_STD01_A_R06_S48,SEC_STD01_A,6,R06-S48,VIP,AVAILABLE,0
SEC_STD01_A_R06_S49,SEC_STD01_A,6,R06-S49,VIP,AVAILABLE,0
SEC_STD01_A_R06_S50,SEC_STD01_A,6,R06-S50,VIP,AVAILABLE,0
SEC_STD01_A_R06_S51,SEC_STD01_A,6,R06-S51,VIP,AVAILABLE,0
SEC_STD01_A_R06_S52,SEC_STD01_A,6,R06-S52,VIP,AVAILABLE,0
SEC_STD01_A_R06_S53,SEC_STD01_A,6,R06-S53,VIP,AVAILABLE,0
SEC_STD01_A_R06_S54,SEC_STD01_A,6,R06-S54,VIP,AVAILABLE,0
SEC_STD01_A_R06_S55,SEC_STD01_A,6,R06-S55,VIP,AVAILABLE,0
SEC_STD01_A_R06_S56,SEC_STD01_A,6,R06-S56,VIP,AVAILABLE,0
SEC_STD01_A_R06_S57,SEC_STD01_A,6,R06-S57,VIP,AVAILABLE,0
SEC_STD01_A_R06_S58,SEC_STD01_A,6,R06-S58,VIP,AVAILABLE,0
SEC_STD01_A_R06_S59,SEC_STD01_A,6,R06-S59,VIP,AVAILABLE,0
SEC_STD01_A_R06_S60,SEC_STD01_A,6,R06-S60,VIP,AVAILABLE,0
SEC_STD01_A_R07_S01,SEC_STD01_A,7,R07-S01,VIP,AVAILABLE,0
SEC_STD01_A_R07_S02,SEC_STD01_A,7,R07-S02,VIP,AVAILABLE,0
SEC_STD01_A_R07_S03,SEC_STD01_A,7,R07-S03,VIP,AVAILABLE,0
SEC_STD01_A_R07_S04,SEC_STD01_A,7,R07-S04,VIP,AVAILABLE,0
SEC_STD01_A_R07_S05,SEC_STD01_A,7,R07-S05,VIP,AVAILABLE,0
SEC_STD01_A_R07_S06,SEC_STD01_A,7,R07-S06,VIP,AVAILABLE,0
SEC_STD01_A_R07_S07,SEC_STD01_A,7,R07-S07,VIP,AVAILABLE,0
SEC_STD01_A_R07_S08,SEC_STD01_A,7,R07-S08,VIP,AVAILABLE,0
SEC_STD01_A_R07_S09,SEC_STD01_A,7,R07-S09,VIP,AVAILABLE,0
SEC_STD01_A_R07_S10,SEC_STD01_A,7,R07-S10,VIP,AVAILABLE,0
SEC_STD01_A_R07_S11,SEC_STD01_A,7,R07-S11,VIP,AVAILABLE,0
SEC_STD01_A_R07_S12,SEC_STD01_A,7,R07-S12,VIP,AVAILABLE,0
SEC_STD01_A_R07_S13,SEC_STD01_A,7,R07-S13,VIP,AVAILABLE,0
SEC_STD01_A_R07_S14,SEC_STD01_A,7,R07-S14,VIP,AVAILABLE,0
SEC_STD01_A_R07_S15,SEC_STD01_A,7,R07-S15,VIP,AVAILABLE,0
SEC_STD01_A_R07_S16,SEC_STD01_A,7,R07-S16,VIP,AVAILABLE,0
SEC_STD01_A_R07_S17,SEC_STD01_A,7,R07-S17,VIP,AVAILABLE,0
SEC_STD01_A_R07_S18,SEC_STD01_A,7,R07-S18,VIP,AVAILABLE,0
SEC_STD01_A_R07_S19,SEC_STD01_A,7,R07-S19,VIP,AVAILABLE,0
SEC_STD01_A_R07_S20,SEC_STD01_A,7,R07-S20,VIP,AVAILABLE,0
SEC_STD01_A_R07_S21,SEC_STD01_A,7,R07-S21,VIP,AVAILABLE,0
SEC_STD01_A_R07_S22,SEC_STD01_A,7,R07-S22,VIP,AVAILABLE,0
SEC_STD01_A_R07_S23,SEC_STD01_A,7,R07-S23,VIP,AVAILABLE,0
SEC_STD01_A_R07_S24,SEC_STD01_A,7,R07-S24,VIP,AVAILABLE,0
SEC_STD01_A_R07_S25,SEC_STD01_A,7,R07-S25,VIP,AVAILABLE,0
SEC_STD01_A_R07_S26,SEC_STD01_A,7,R07-S26,VIP,AVAILABLE,0
SEC_STD01_A_R07_S27,SEC_STD01_A,7,R07-S27,VIP,AVAILABLE,0
SEC_STD01_A_R07_S28,SEC_STD01_A,7,R07-S28,VIP,AVAILABLE,0
SEC_STD01_A_R07_S29,SEC_STD01_A,7,R07-S29,VIP,AVAILABLE,0
SEC_STD01_A_R07_S30,SEC_STD01_A,7,R07-S30,VIP,AVAILABLE,0
SEC_STD01_A_R07_S31,SEC_STD01_A,7,R07-S31,VIP,AVAILABLE,0
SEC_STD01_A_R07_S32,SEC_STD01_A,7,R07-S32,VIP,AVAILABLE,0
SEC_STD01_A_R07_S33,SEC_STD01_A,7,R07-S33,VIP,AVAILABLE,0
SEC_STD01_A_R07_S34,SEC_STD01_A,7,R07-S34,VIP,AVAILABLE,0
SEC_STD01_A_R07_S35,SEC_STD01_A,7,R07-S35,VIP,AVAILABLE,0
SEC_STD01_A_R07_S36,SEC_STD01_A,7,R07-S36,VIP,AVAILABLE,0
SEC_STD01_A_R07_S37,SEC_STD01_A,7,R07-S37,VIP,AVAILABLE,0
SEC_STD01_A_R07_S38,SEC_STD01_A,7,R07-S38,VIP,AVAILABLE,0
SEC_STD01_A_R07_S39,SEC_STD01_A,7,R07-S39,VIP,AVAILABLE,0
SEC_STD01_A_R07_S40,SEC_STD01_A,7,R07-S40,VIP,AVAILABLE,0
SEC_STD01_A_R07_S41,SEC_STD01_A,7,R07-S41,VIP,AVAILABLE,0
SEC_STD01_A_R07_S42,SEC_STD01_A,7,R07-S42,VIP,AVAILABLE,0
SEC_STD01_A_R07_S43,SEC_STD01_A,7,R07-S43,VIP,AVAILABLE,0
SEC_STD01_A_R07_S44,SEC_STD01_A,7,R07-S44,VIP,AVAILABLE,0
SEC_STD01_A_R07_S45,SEC_STD01_A,7,R07-S45,VIP,AVAILABLE,0
SEC_STD01_A_R07_S46,SEC_STD01_A,7,R07-S46,VIP,AVAILABLE,0
SEC_STD01_A_R07_S47,SEC_STD01_A,7,R07-S47,VIP,AVAILABLE,0
SEC_STD01_A_R07_S48,SEC_STD01_A,7,R07-S48,VIP,AVAILABLE,0
SEC_STD01_A_R07_S49,SEC_STD01_A,7,R07-S49,VIP,AVAILABLE,0
SEC_STD01_A_R07_S50,SEC_STD01_A,7,R07-S50,VIP,AVAILABLE,0
SEC_STD01_A_R07_S51,SEC_STD01_A,7,R07-S51,VIP,AVAILABLE,0
SEC_STD01_A_R07_S52,SEC_STD01_A,7,R07-S52,VIP,AVAILABLE,0
SEC_STD01_A_R07_S53,SEC_STD01_A,7,R07-S53,VIP,AVAILABLE,0
SEC_STD01_A_R07_S54,SEC_STD01_A,7,R07-S54,VIP,AVAILABLE,0
SEC_STD01_A_R07_S55,SEC_STD01_A,7,R07-S55,VIP,AVAILABLE,0
SEC_STD01_A_R07_S56,SEC_STD01_A,7,R07-S56,VIP,AVAILABLE,0
SEC_STD01_A_R07_S57,SEC_STD01_A,7,R07-S57,VIP,AVAILABLE,0
SEC_STD01_A_R07_S58,SEC_STD01_A,7,R07-S58,VIP,AVAILABLE,0
SEC_STD01_A_R07_S59,SEC_STD01_A,7,R07-S59,VIP,AVAILABLE,0
SEC_STD01_A_R07_S60,SEC_STD01_A,7,R07-S60,VIP,AVAILABLE,0
SEC_STD01_A_R08_S01,SEC_STD01_A,8,R08-S01,VIP,AVAILABLE,0
SEC_STD01_A_R08_S02,SEC_STD01_A,8,R08-S02,VIP,AVAILABLE,0
SEC_STD01_A_R08_S03,SEC_STD01_A,8,R08-S03,VIP,AVAILABLE,0
SEC_STD01_A_R08_S04,SEC_STD01_A,8,R08-S04,VIP,AVAILABLE,0
SEC_STD01_A_R08_S05,SEC_STD01_A,8,R08-S05,VIP,AVAILABLE,0
SEC_STD01_A_R08_S06,SEC_STD01_A,8,R08-S06,VIP,AVAILABLE,0
SEC_STD01_A_R08_S07,SEC_STD01_A,8,R08-S07,VIP,AVAILABLE,0
SEC_STD01_A_R08_S08,SEC_STD01_A,8,R08-S08,VIP,AVAILABLE,0
SEC_STD01_A_R08_S09,SEC_STD01_A,8,R08-S09,VIP,AVAILABLE,0
SEC_STD01_A_R08_S10,SEC_STD01_A,8,R08-S10,VIP,AVAILABLE,0
SEC_STD01_A_R08_S11,SEC_STD01_A,8,R08-S11,VIP,AVAILABLE,0
SEC_STD01_A_R08_S12,SEC_STD01_A,8,R08-S12,VIP,AVAILABLE,0
SEC_STD01_A_R08_S13,SEC_STD01_A,8,R08-S13,VIP,AVAILABLE,0
SEC_STD01_A_R08_S14,SEC_STD01_A,8,R08-S14,VIP,AVAILABLE,0
SEC_STD01_A_R08_S15,SEC_STD01_A,8,R08-S15,VIP,AVAILABLE,0
SEC_STD01_A_R08_S16,SEC_STD01_A,8,R08-S16,VIP,AVAILABLE,0
SEC_STD01_A_R08_S17,SEC_STD01_A,8,R08-S17,VIP,AVAILABLE,0
SEC_STD01_A_R08_S18,SEC_STD01_A,8,R08-S18,VIP,AVAILABLE,0
SEC_STD01_A_R08_S19,SEC_STD01_A,8,R08-S19,VIP,AVAILABLE,0
SEC_STD01_A_R08_S20,SEC_STD01_A,8,R08-S20,VIP,AVAILABLE,0
SEC_STD01_A_R08_S21,SEC_STD01_A,8,R08-S21,VIP,AVAILABLE,0
SEC_STD01_A_R08_S22,SEC_STD01_A,8,R08-S22,VIP,AVAILABLE,0
SEC_STD01_A_R08_S23,SEC_STD01_A,8,R08-S23,VIP,AVAILABLE,0
SEC_STD01_A_R08_S24,SEC_STD01_A,8,R08-S24,VIP,AVAILABLE,0
SEC_STD01_A_R08_S25,SEC_STD01_A,8,R08-S25,VIP,AVAILABLE,0
SEC_STD01_A_R08_S26,SEC_STD01_A,8,R08-S26,VIP,AVAILABLE,0
SEC_STD01_A_R08_S27,SEC_STD01_A,8,R08-S27,VIP,AVAILABLE,0
SEC_STD01_A_R08_S28,SEC_STD01_A,8,R08-S28,VIP,AVAILABLE,0
SEC_STD01_A_R08_S29,SEC_STD01_A,8,R08-S29,VIP,AVAILABLE,0
SEC_STD01_A_R08_S30,SEC_STD01_A,8,R08-S30,VIP,AVAILABLE,0
SEC_STD01_A_R08_S31,SEC_STD01_A,8,R08-S31,VIP,AVAILABLE,0
SEC_STD01_A_R08_S32,SEC_STD01_A,8,R08-S32,VIP,AVAILABLE,0
SEC_STD01_A_R08_S33,SEC_STD01_A,8,R08-S33,VIP,AVAILABLE,0
SEC_STD01_A_R08_S34,SEC_STD01_A,8,R08-S34,VIP,AVAILABLE,0
SEC_STD01_A_R08_S35,SEC_STD01_A,8,R08-S35,VIP,AVAILABLE,0
SEC_STD01_A_R08_S36,SEC_STD01_A,8,R08-S36,VIP,AVAILABLE,0
SEC_STD01_A_R08_S37,SEC_STD01_A,8,R08-S37,VIP,AVAILABLE,0
SEC_STD01_A_R08_S38,SEC_STD01_A,8,R08-S38,VIP,AVAILABLE,0
SEC_STD01_A_R08_S39,SEC_STD01_A,8,R08-S39,VIP,AVAILABLE,0
SEC_STD01_A_R08_S40,SEC_STD01_A,8,R08-S40,VIP,AVAILABLE,0
SEC_STD01_A_R08_S41,SEC_STD01_A,8,R08-S41,VIP,AVAILABLE,0
SEC_STD01_A_R08_S42,SEC_STD01_A,8,R08-S42,VIP,AVAILABLE,0
SEC_STD01_A_R08_S43,SEC_STD01_A,8,R08-S43,VIP,AVAILABLE,0
SEC_STD01_A_R08_S44,SEC_STD01_A,8,R08-S44,VIP,AVAILABLE,0
SEC_STD01_A_R08_S45,SEC_STD01_A,8,R08-S45,VIP,AVAILABLE,0
SEC_STD01_A_R08_S46,SEC_STD01_A,8,R08-S46,VIP,AVAILABLE,0
SEC_STD01_A_R08_S47,SEC_STD01_A,8,R08-S47,VIP,AVAILABLE,0
SEC_STD01_A_R08_S48,SEC_STD01_A,8,R08-S48,VIP,AVAILABLE,0
SEC_STD01_A_R08_S49,SEC_STD01_A,8,R08-S49,VIP,AVAILABLE,0
SEC_STD01_A_R08_S50,SEC_STD01_A,8,R08-S50,VIP,AVAILABLE,0
SEC_STD01_A_R08_S51,SEC_STD01_A,8,R08-S51,VIP,AVAILABLE,0
SEC_STD01_A_R08_S52,SEC_STD01_A,8,R08-S52,VIP,AVAILABLE,0
SEC_STD01_A_R08_S53,SEC_STD01_A,8,R08-S53,VIP,AVAILABLE,0
SEC_STD01_A_R08_S54,SEC_STD01_A,8,R08-S54,VIP,AVAILABLE,0
SEC_STD01_A_R08_S55,SEC_STD01_A,8,R08-S55,VIP,AVAILABLE,0
SEC_STD01_A_R08_S56,SEC_STD01_A,8,R08-S56,VIP,AVAILABLE,0
SEC_STD01_A_R08_S57,SEC_STD01_A,8,R08-S57,VIP,AVAILABLE,0
SEC_STD01_A_R08_S58,SEC_STD01_A,8,R08-S58,VIP,AVAILABLE,0
SEC_STD01_A_R08_S59,SEC_STD01_A,8,R08-S59,VIP,AVAILABLE,0
SEC_STD01_A_R08_S60,SEC_STD01_A,8,R08-S60,VIP,AVAILABLE,0
SEC_STD01_A_R09_S01,SEC_STD01_A,9,R09-S01,VIP,AVAILABLE,0
SEC_STD01_A_R09_S02,SEC_STD01_A,9,R09-S02,VIP,AVAILABLE,0
SEC_STD01_A_R09_S03,SEC_STD01_A,9,R09-S03,VIP,AVAILABLE,0
SEC_STD01_A_R09_S04,SEC_STD01_A,9,R09-S04,VIP,AVAILABLE,0
SEC_STD01_A_R09_S05,SEC_STD01_A,9,R09-S05,VIP,AVAILABLE,0
SEC_STD01_A_R09_S06,SEC_STD01_A,9,R09-S06,VIP,AVAILABLE,0
SEC_STD01_A_R09_S07,SEC_STD01_A,9,R09-S07,VIP,AVAILABLE,0
SEC_STD01_A_R09_S08,SEC_STD01_A,9,R09-S08,VIP,AVAILABLE,0
SEC_STD01_A_R09_S09,SEC_STD01_A,9,R09-S09,VIP,AVAILABLE,0
SEC_STD01_A_R09_S10,SEC_STD01_A,9,R09-S10,VIP,AVAILABLE,0
SEC_STD01_A_R09_S11,SEC_STD01_A,9,R09-S11,VIP,AVAILABLE,0
SEC_STD01_A_R09_S12,SEC_STD01_A,9,R09-S12,VIP,AVAILABLE,0
SEC_STD01_A_R09_S13,SEC_STD01_A,9,R09-S13,VIP,AVAILABLE,0
SEC_STD01_A_R09_S14,SEC_STD01_A,9,R09-S14,VIP,AVAILABLE,0
SEC_STD01_A_R09_S15,SEC_STD01_A,9,R09-S15,VIP,AVAILABLE,0
SEC_STD01_A_R09_S16,SEC_STD01_A,9,R09-S16,VIP,AVAILABLE,0
SEC_STD01_A_R09_S17,SEC_STD01_A,9,R09-S17,VIP,AVAILABLE,0
SEC_STD01_A_R09_S18,SEC_STD01_A,9,R09-S18,VIP,AVAILABLE,0
SEC_STD01_A_R09_S19,SEC_STD01_A,9,R09-S19,VIP,AVAILABLE,0
SEC_STD01_A_R09_S20,SEC_STD01_A,9,R09-S20,VIP,AVAILABLE,0
SEC_STD01_A_R09_S21,SEC_STD01_A,9,R09-S21,VIP,AVAILABLE,0
SEC_STD01_A_R09_S22,SEC_STD01_A,9,R09-S22,VIP,AVAILABLE,0
SEC_STD01_A_R09_S23,SEC_STD01_A,9,R09-S23,VIP,AVAILABLE,0
SEC_STD01_A_R09_S24,SEC_STD01_A,9,R09-S24,VIP,AVAILABLE,0
SEC_STD01_A_R09_S25,SEC_STD01_A,9,R09-S25,VIP,AVAILABLE,0
SEC_STD01_A_R09_S26,SEC_STD01_A,9,R09-S26,VIP,AVAILABLE,0
SEC_STD01_A_R09_S27,SEC_STD01_A,9,R09-S27,VIP,AVAILABLE,0
SEC_STD01_A_R09_S28,SEC_STD01_A,9,R09-S28,VIP,AVAILABLE,0
SEC_STD01_A_R09_S29,SEC_STD01_A,9,R09-S29,VIP,AVAILABLE,0
SEC_STD01_A_R09_S30,SEC_STD01_A,9,R09-S30,VIP,AVAILABLE,0
SEC_STD01_A_R09_S31,SEC_STD01_A,9,R09-S31,VIP,AVAILABLE,0
SEC_STD01_A_R09_S32,SEC_STD01_A,9,R09-S32,VIP,AVAILABLE,0
SEC_STD01_A_R09_S33,SEC_STD01_A,9,R09-S33,VIP,AVAILABLE,0
SEC_STD01_A_R09_S34,SEC_STD01_A,9,R09-S34,VIP,AVAILABLE,0
SEC_STD01_A_R09_S35,SEC_STD01_A,9,R09-S35,VIP,AVAILABLE,0
SEC_STD01_A_R09_S36,SEC_STD01_A,9,R09-S36,VIP,AVAILABLE,0
SEC_STD01_A_R09_S37,SEC_STD01_A,9,R09-S37,VIP,AVAILABLE,0
SEC_STD01_A_R09_S38,SEC_STD01_A,9,R09-S38,VIP,AVAILABLE,0
SEC_STD01_A_R09_S39,SEC_STD01_A,9,R09-S39,VIP,AVAILABLE,0
SEC_STD01_A_R09_S40,SEC_STD01_A,9,R09-S40,VIP,AVAILABLE,0
SEC_STD01_A_R09_S41,SEC_STD01_A,9,R09-S41,VIP,AVAILABLE,0
SEC_STD01_A_R09_S42,SEC_STD01_A,9,R09-S42,VIP,AVAILABLE,0
SEC_STD01_A_R09_S43,SEC_STD01_A,9,R09-S43,VIP,AVAILABLE,0
SEC_STD01_A_R09_S44,SEC_STD01_A,9,R09-S44,VIP,AVAILABLE,0
SEC_STD01_A_R09_S45,SEC_STD01_A,9,R09-S45,VIP,AVAILABLE,0
SEC_STD01_A_R09_S46,SEC_STD01_A,9,R09-S46,VIP,AVAILABLE,0
SEC_STD01_A_R09_S47,SEC_STD01_A,9,R09-S47,VIP,AVAILABLE,0
SEC_STD01_A_R09_S48,SEC_STD01_A,9,R09-S48,VIP,AVAILABLE,0
SEC_STD01_A_R09_S49,SEC_STD01_A,9,R09-S49,VIP,AVAILABLE,0
SEC_STD01_A_R09_S50,SEC_STD01_A,9,R09-S50,VIP,AVAILABLE,0
SEC_STD01_A_R09_S51,SEC_STD01_A,9,R09-S51,VIP,AVAILABLE,0
SEC_STD01_A_R09_S52,SEC_STD01_A,9,R09-S52,VIP,AVAILABLE,0
SEC_STD01_A_R09_S53,SEC_STD01_A,9,R09-S53,VIP,AVAILABLE,0
SEC_STD01_A_R09_S54,SEC_STD01_A,9,R09-S54,VIP,AVAILABLE,0
SEC_STD01_A_R09_S55,SEC_STD01_A,9,R09-S55,VIP,AVAILABLE,0
SEC_STD01_A_R09_S56,SEC_STD01_A,9,R09-S56,VIP,AVAILABLE,0
SEC_STD01_A_R09_S57,SEC_STD01_A,9,R09-S57,VIP,AVAILABLE,0
SEC_STD01_A_R09_S58,SEC_STD01_A,9,R09-S58,VIP,AVAILABLE,0
SEC_STD01_A_R09_S59,SEC_STD01_A,9,R09-S59,VIP,AVAILABLE,0
SEC_STD01_A_R09_S60,SEC_STD01_A,9,R09-S60,VIP,AVAILABLE,0
SEC_STD01_A_R10_S01,SEC_STD01_A,10,R10-S01,VIP,AVAILABLE,0
SEC_STD01_A_R10_S02,SEC_STD01_A,10,R10-S02,VIP,AVAILABLE,0
SEC_STD01_A_R10_S03,SEC_STD01_A,10,R10-S03,VIP,AVAILABLE,0
SEC_STD01_A_R10_S04,SEC_STD01_A,10,R10-S04,VIP,AVAILABLE,0
SEC_STD01_A_R10_S05,SEC_STD01_A,10,R10-S05,VIP,AVAILABLE,0
SEC_STD01_A_R10_S06,SEC_STD01_A,10,R10-S06,VIP,AVAILABLE,0
SEC_STD01_A_R10_S07,SEC_STD01_A,10,R10-S07,VIP,AVAILABLE,0
SEC_STD01_A_R10_S08,SEC_STD01_A,10,R10-S08,VIP,AVAILABLE,0
SEC_STD01_A_R10_S09,SEC_STD01_A,10,R10-S09,VIP,AVAILABLE,0
SEC_STD01_A_R10_S10,SEC_STD01_A,10,R10-S10,VIP,AVAILABLE,0
SEC_STD01_A_R10_S11,SEC_STD01_A,10,R10-S11,VIP,AVAILABLE,0
SEC_STD01_A_R10_S12,SEC_STD01_A,10,R10-S12,VIP,AVAILABLE,0
SEC_STD01_A_R10_S13,SEC_STD01_A,10,R10-S13,VIP,AVAILABLE,0
SEC_STD01_A_R10_S14,SEC_STD01_A,10,R10-S14,VIP,AVAILABLE,0
SEC_STD01_A_R10_S15,SEC_STD01_A,10,R10-S15,VIP,AVAILABLE,0
SEC_STD01_A_R10_S16,SEC_STD01_A,10,R10-S16,VIP,AVAILABLE,0
SEC_STD01_A_R10_S17,SEC_STD01_A,10,R10-S17,VIP,AVAILABLE,0
SEC_STD01_A_R10_S18,SEC_STD01_A,10,R10-S18,VIP,AVAILABLE,0
SEC_STD01_A_R10_S19,SEC_STD01_A,10,R10-S19,VIP,AVAILABLE,0
SEC_STD01_A_R10_S20,SEC_STD01_A,10,R10-S20,VIP,AVAILABLE,0
SEC_STD01_A_R10_S21,SEC_STD01_A,10,R10-S21,VIP,AVAILABLE,0
SEC_STD01_A_R10_S22,SEC_STD01_A,10,R10-S22,VIP,AVAILABLE,0
SEC_STD01_A_R10_S23,SEC_STD01_A,10,R10-S23,VIP,AVAILABLE,0
SEC_STD01_A_R10_S24,SEC_STD01_A,10,R10-S24,VIP,AVAILABLE,0
SEC_STD01_A_R10_S25,SEC_STD01_A,10,R10-S25,VIP,AVAILABLE,0
SEC_STD01_A_R10_S26,SEC_STD01_A,10,R10-S26,VIP,AVAILABLE,0
SEC_STD01_A_R10_S27,SEC_STD01_A,10,R10-S27,VIP,AVAILABLE,0
SEC_STD01_A_R10_S28,SEC_STD01_A,10,R10-S28,VIP,AVAILABLE,0
SEC_STD01_A_R10_S29,SEC_STD01_A,10,R10-S29,VIP,AVAILABLE,0
SEC_STD01_A_R10_S30,SEC_STD01_A,10,R10-S30,VIP,AVAILABLE,0
SEC_STD01_A_R10_S31,SEC_STD01_A,10,R10-S31,VIP,AVAILABLE,0
SEC_STD01_A_R10_S32,SEC_STD01_A,10,R10-S32,VIP,AVAILABLE,0
SEC_STD01_A_R10_S33,SEC_STD01_A,10,R10-S33,VIP,AVAILABLE,0
SEC_STD01_A_R10_S34,SEC_STD01_A,10,R10-S34,VIP,AVAILABLE,0
SEC_STD01_A_R10_S35,SEC_STD01_A,10,R10-S35,VIP,AVAILABLE,0
SEC_STD01_A_R10_S36,SEC_STD01_A,10,R10-S36,VIP,AVAILABLE,0
SEC_STD01_A_R10_S37,SEC_STD01_A,10,R10-S37,VIP,AVAILABLE,0
SEC_STD01_A_R10_S38,SEC_STD01_A,10,R10-S38,VIP,AVAILABLE,0
SEC_STD01_A_R10_S39,SEC_STD01_A,10,R10-S39,VIP,AVAILABLE,0
SEC_STD01_A_R10_S40,SEC_STD01_A,10,R10-S40,VIP,AVAILABLE,0
SEC_STD01_A_R10_S41,SEC_STD01_A,10,R10-S41,VIP,AVAILABLE,0
SEC_STD01_A_R10_S42,SEC_STD01_A,10,R10-S42,VIP,AVAILABLE,0
SEC_STD01_A_R10_S43,SEC_STD01_A,10,R10-S43,VIP,AVAILABLE,0
SEC_STD01_A_R10_S44,SEC_STD01_A,10,R10-S44,VIP,AVAILABLE,0
SEC_STD01_A_R10_S45,SEC_STD01_A,10,R10-S45,VIP,AVAILABLE,0
SEC_STD01_A_R10_S46,SEC_STD01_A,10,R10-S46,VIP,AVAILABLE,0
SEC_STD01_A_R10_S47,SEC_STD01_A,10,R10-S47,VIP,AVAILABLE,0
SEC_STD01_A_R10_S48,SEC_STD01_A,10,R10-S48,VIP,AVAILABLE,0
SEC_STD01_A_R10_S49,SEC_STD01_A,10,R10-S49,VIP,AVAILABLE,0
SEC_STD01_A_R10_S50,SEC_STD01_A,10,R10-S50,VIP,AVAILABLE,0
SEC_STD01_A_R10_S51,SEC_STD01_A,10,R10-S51,VIP,AVAILABLE,0
SEC_STD01_A_R10_S52,SEC_STD01_A,10,R10-S52,VIP,AVAILABLE,0
SEC_STD01_A_R10_S53,SEC_STD01_A,10,R10-S53,VIP,AVAILABLE,0
SEC_STD01_A_R10_S54,SEC_STD01_A,10,R10-S54,VIP,AVAILABLE,0
SEC_STD01_A_R10_S55,SEC_STD01_A,10,R10-S55,VIP,AVAILABLE,0
SEC_STD01_A_R10_S56,SEC_STD01_A,10,R10-S56,VIP,AVAILABLE,0
SEC_STD01_A_R10_S57,SEC_STD01_A,10,R10-S57,VIP,AVAILABLE,0
SEC_STD01_A_R10_S58,SEC_STD01_A,10,R10-S58,VIP,AVAILABLE,0
SEC_STD01_A_R10_S59,SEC_STD01_A,10,R10-S59,VIP,AVAILABLE,0
SEC_STD01_A_R10_S60,SEC_STD01_A,10,R10-S60,VIP,AVAILABLE,0
SEC_STD01_A_R11_S01,SEC_STD01_A,11,R11-S01,VIP,AVAILABLE,0
SEC_STD01_A_R11_S02,SEC_STD01_A,11,R11-S02,VIP,AVAILABLE,0
SEC_STD01_A_R11_S03,SEC_STD01_A,11,R11-S03,VIP,AVAILABLE,0
SEC_STD01_A_R11_S04,SEC_STD01_A,11,R11-S04,VIP,AVAILABLE,0
SEC_STD01_A_R11_S05,SEC_STD01_A,11,R11-S05,VIP,AVAILABLE,0
SEC_STD01_A_R11_S06,SEC_STD01_A,11,R11-S06,VIP,AVAILABLE,0
SEC_STD01_A_R11_S07,SEC_STD01_A,11,R11-S07,VIP,AVAILABLE,0
SEC_STD01_A_R11_S08,SEC_STD01_A,11,R11-S08,VIP,AVAILABLE,0
SEC_STD01_A_R11_S09,SEC_STD01_A,11,R11-S09,VIP,AVAILABLE,0
SEC_STD01_A_R11_S10,SEC_STD01_A,11,R11-S10,VIP,AVAILABLE,0
SEC_STD01_A_R11_S11,SEC_STD01_A,11,R11-S11,VIP,AVAILABLE,0
SEC_STD01_A_R11_S12,SEC_STD01_A,11,R11-S12,VIP,AVAILABLE,0
SEC_STD01_A_R11_S13,SEC_STD01_A,11,R11-S13,VIP,AVAILABLE,0
SEC_STD01_A_R11_S14,SEC_STD01_A,11,R11-S14,VIP,AVAILABLE,0
SEC_STD01_A_R11_S15,SEC_STD01_A,11,R11-S15,VIP,AVAILABLE,0
SEC_STD01_A_R11_S16,SEC_STD01_A,11,R11-S16,VIP,AVAILABLE,0
SEC_STD01_A_R11_S17,SEC_STD01_A,11,R11-S17,VIP,AVAILABLE,0
SEC_STD01_A_R11_S18,SEC_STD01_A,11,R11-S18,VIP,AVAILABLE,0
SEC_STD01_A_R11_S19,SEC_STD01_A,11,R11-S19,VIP,AVAILABLE,0
SEC_STD01_A_R11_S20,SEC_STD01_A,11,R11-S20,VIP,AVAILABLE,0
SEC_STD01_A_R11_S21,SEC_STD01_A,11,R11-S21,VIP,AVAILABLE,0
SEC_STD01_A_R11_S22,SEC_STD01_A,11,R11-S22,VIP,AVAILABLE,0
SEC_STD01_A_R11_S23,SEC_STD01_A,11,R11-S23,VIP,AVAILABLE,0
SEC_STD01_A_R11_S24,SEC_STD01_A,11,R11-S24,VIP,AVAILABLE,0
SEC_STD01_A_R11_S25,SEC_STD01_A,11,R11-S25,VIP,AVAILABLE,0
SEC_STD01_A_R11_S26,SEC_STD01_A,11,R11-S26,VIP,AVAILABLE,0
SEC_STD01_A_R11_S27,SEC_STD01_A,11,R11-S27,VIP,AVAILABLE,0
SEC_STD01_A_R11_S28,SEC_STD01_A,11,R11-S28,VIP,AVAILABLE,0
SEC_STD01_A_R11_S29,SEC_STD01_A,11,R11-S29,VIP,AVAILABLE,0
SEC_STD01_A_R11_S30,SEC_STD01_A,11,R11-S30,VIP,AVAILABLE,0
SEC_STD01_A_R11_S31,SEC_STD01_A,11,R11-S31,VIP,AVAILABLE,0
SEC_STD01_A_R11_S32,SEC_STD01_A,11,R11-S32,VIP,AVAILABLE,0
SEC_STD01_A_R11_S33,SEC_STD01_A,11,R11-S33,VIP,AVAILABLE,0
SEC_STD01_A_R11_S34,SEC_STD01_A,11,R11-S34,VIP,AVAILABLE,0
SEC_STD01_A_R11_S35,SEC_STD01_A,11,R11-S35,VIP,AVAILABLE,0
SEC_STD01_A_R11_S36,SEC_STD01_A,11,R11-S36,VIP,AVAILABLE,0
SEC_STD01_A_R11_S37,SEC_STD01_A,11,R11-S37,VIP,AVAILABLE,0
SEC_STD01_A_R11_S38,SEC_STD01_A,11,R11-S38,VIP,AVAILABLE,0
SEC_STD01_A_R11_S39,SEC_STD01_A,11,R11-S39,VIP,AVAILABLE,0
SEC_STD01_A_R11_S40,SEC_STD01_A,11,R11-S40,VIP,AVAILABLE,0
SEC_STD01_A_R11_S41,SEC_STD01_A,11,R11-S41,VIP,AVAILABLE,0
SEC_STD01_A_R11_S42,SEC_STD01_A,11,R11-S42,VIP,AVAILABLE,0
SEC_STD01_A_R11_S43,SEC_STD01_A,11,R11-S43,VIP,AVAILABLE,0
SEC_STD01_A_R11_S44,SEC_STD01_A,11,R11-S44,VIP,AVAILABLE,0
SEC_STD01_A_R11_S45,SEC_STD01_A,11,R11-S45,VIP,AVAILABLE,0
SEC_STD01_A_R11_S46,SEC_STD01_A,11,R11-S46,VIP,AVAILABLE,0
SEC_STD01_A_R11_S47,SEC_STD01_A,11,R11-S47,VIP,AVAILABLE,0
SEC_STD01_A_R11_S48,SEC_STD01_A,11,R11-S48,VIP,AVAILABLE,0
SEC_STD01_A_R11_S49,SEC_STD01_A,11,R11-S49,VIP,AVAILABLE,0
SEC_STD01_A_R11_S50,SEC_STD01_A,11,R11-S50,VIP,AVAILABLE,0
SEC_STD01_A_R11_S51,SEC_STD01_A,11,R11-S51,VIP,AVAILABLE,0
SEC_STD01_A_R11_S52,SEC_STD01_A,11,R11-S52,VIP,AVAILABLE,0
SEC_STD01_A_R11_S53,SEC_STD01_A,11,R11-S53,VIP,AVAILABLE,0
SEC_STD01_A_R11_S54,SEC_STD01_A,11,R11-S54,VIP,AVAILABLE,0
SEC_STD01_A_R11_S55,SEC_STD01_A,11,R11-S55,VIP,AVAILABLE,0
SEC_STD01_A_R11_S56,SEC_STD01_A,11,R11-S56,VIP,AVAILABLE,0
SEC_STD01_A_R11_S57,SEC_STD01_A,11,R11-S57,VIP,AVAILABLE,0
SEC_STD01_A_R11_S58,SEC_STD01_A,11,R11-S58,VIP,AVAILABLE,0
SEC_STD01_A_R11_S59,SEC_STD01_A,11,R11-S59,VIP,AVAILABLE,0
SEC_STD01_A_R11_S60,SEC_STD01_A,11,R11-S60,VIP,AVAILABLE,0
SEC_STD01_A_R12_S01,SEC_STD01_A,12,R12-S01,VIP,AVAILABLE,0
SEC_STD01_A_R12_S02,SEC_STD01_A,12,R12-S02,VIP,AVAILABLE,0
SEC_STD01_A_R12_S03,SEC_STD01_A,12,R12-S03,VIP,AVAILABLE,0
SEC_STD01_A_R12_S04,SEC_STD01_A,12,R12-S04,VIP,AVAILABLE,0
SEC_STD01_A_R12_S05,SEC_STD01_A,12,R12-S05,VIP,AVAILABLE,0
SEC_STD01_A_R12_S06,SEC_STD01_A,12,R12-S06,VIP,AVAILABLE,0
SEC_STD01_A_R12_S07,SEC_STD01_A,12,R12-S07,VIP,AVAILABLE,0
SEC_STD01_A_R12_S08,SEC_STD01_A,12,R12-S08,VIP,AVAILABLE,0
SEC_STD01_A_R12_S09,SEC_STD01_A,12,R12-S09,VIP,AVAILABLE,0
SEC_STD01_A_R12_S10,SEC_STD01_A,12,R12-S10,VIP,AVAILABLE,0
SEC_STD01_A_R12_S11,SEC_STD01_A,12,R12-S11,VIP,AVAILABLE,0
SEC_STD01_A_R12_S12,SEC_STD01_A,12,R12-S12,VIP,AVAILABLE,0
SEC_STD01_A_R12_S13,SEC_STD01_A,12,R12-S13,VIP,AVAILABLE,0
SEC_STD01_A_R12_S14,SEC_STD01_A,12,R12-S14,VIP,AVAILABLE,0
SEC_STD01_A_R12_S15,SEC_STD01_A,12,R12-S15,VIP,AVAILABLE,0
SEC_STD01_A_R12_S16,SEC_STD01_A,12,R12-S16,VIP,AVAILABLE,0
SEC_STD01_A_R12_S17,SEC_STD01_A,12,R12-S17,VIP,AVAILABLE,0
SEC_STD01_A_R12_S18,SEC_STD01_A,12,R12-S18,VIP,AVAILABLE,0
SEC_STD01_A_R12_S19,SEC_STD01_A,12,R12-S19,VIP,AVAILABLE,0
SEC_STD01_A_R12_S20,SEC_STD01_A,12,R12-S20,VIP,AVAILABLE,0
SEC_STD01_A_R12_S21,SEC_STD01_A,12,R12-S21,VIP,AVAILABLE,0
SEC_STD01_A_R12_S22,SEC_STD01_A,12,R12-S22,VIP,AVAILABLE,0
SEC_STD01_A_R12_S23,SEC_STD01_A,12,R12-S23,VIP,AVAILABLE,0
SEC_STD01_A_R12_S24,SEC_STD01_A,12,R12-S24,VIP,AVAILABLE,0
SEC_STD01_A_R12_S25,SEC_STD01_A,12,R12-S25,VIP,AVAILABLE,0
SEC_STD01_A_R12_S26,SEC_STD01_A,12,R12-S26,VIP,AVAILABLE,0
SEC_STD01_A_R12_S27,SEC_STD01_A,12,R12-S27,VIP,AVAILABLE,0
SEC_STD01_A_R12_S28,SEC_STD01_A,12,R12-S28,VIP,AVAILABLE,0
SEC_STD01_A_R12_S29,SEC_STD01_A,12,R12-S29,VIP,AVAILABLE,0
SEC_STD01_A_R12_S30,SEC_STD01_A,12,R12-S30,VIP,AVAILABLE,0
SEC_STD01_A_R12_S31,SEC_STD01_A,12,R12-S31,VIP,AVAILABLE,0
SEC_STD01_A_R12_S32,SEC_STD01_A,12,R12-S32,VIP,AVAILABLE,0
SEC_STD01_A_R12_S33,SEC_STD01_A,12,R12-S33,VIP,AVAILABLE,0
SEC_STD01_A_R12_S34,SEC_STD01_A,12,R12-S34,VIP,AVAILABLE,0
SEC_STD01_A_R12_S35,SEC_STD01_A,12,R12-S35,VIP,AVAILABLE,0
SEC_STD01_A_R12_S36,SEC_STD01_A,12,R12-S36,VIP,AVAILABLE,0
SEC_STD01_A_R12_S37,SEC_STD01_A,12,R12-S37,VIP,AVAILABLE,0
SEC_STD01_A_R12_S38,SEC_STD01_A,12,R12-S38,VIP,AVAILABLE,0
SEC_STD01_A_R12_S39,SEC_STD01_A,12,R12-S39,VIP,AVAILABLE,0
SEC_STD01_A_R12_S40,SEC_STD01_A,12,R12-S40,VIP,AVAILABLE,0
SEC_STD01_A_R12_S41,SEC_STD01_A,12,R12-S41,VIP,AVAILABLE,0
SEC_STD01_A_R12_S42,SEC_STD01_A,12,R12-S42,VIP,AVAILABLE,0
SEC_STD01_A_R12_S43,SEC_STD01_A,12,R12-S43,VIP,AVAILABLE,0
SEC_STD01_A_R12_S44,SEC_STD01_A,12,R12-S44,VIP,AVAILABLE,0
SEC_STD01_A_R12_S45,SEC_STD01_A,12,R12-S45,VIP,AVAILABLE,0
SEC_STD01_A_R12_S46,SEC_STD01_A,12,R12-S46,VIP,AVAILABLE,0
SEC_STD01_A_R12_S47,SEC_STD01_A,12,R12-S47,VIP,AVAILABLE,0
SEC_STD01_A_R12_S48,SEC_STD01_A,12,R12-S48,VIP,AVAILABLE,0
SEC_STD01_A_R12_S49,SEC_STD01_A,12,R12-S49,VIP,AVAILABLE,0
SEC_STD01_A_R12_S50,SEC_STD01_A,12,R12-S50,VIP,AVAILABLE,0
SEC_STD01_A_R12_S51,SEC_STD01_A,12,R12-S51,VIP,AVAILABLE,0
SEC_STD01_A_R12_S52,SEC_STD01_A,12,R12-S52,VIP,AVAILABLE,0
SEC_STD01_A_R12_S53,SEC_STD01_A,12,R12-S53,VIP,AVAILABLE,0
SEC_STD01_A_R12_S54,SEC_STD01_A,12,R12-S54,VIP,AVAILABLE,0
SEC_STD01_A_R12_S55,SEC_STD01_A,12,R12-S55,VIP,AVAILABLE,0
SEC_STD01_A_R12_S56,SEC_STD01_A,12,R12-S56,VIP,AVAILABLE,0
SEC_STD01_A_R12_S57,SEC_STD01_A,12,R12-S57,VIP,AVAILABLE,0
SEC_STD01_A_R12_S58,SEC_STD01_A,12,R12-S58,VIP,AVAILABLE,0
SEC_STD01_A_R12_S59,SEC_STD01_A,12,R12-S59,VIP,AVAILABLE,0
SEC_STD01_A_R12_S60,SEC_STD01_A,12,R12-S60,VIP,AVAILABLE,0
SEC_STD01_A_R13_S01,SEC_STD01_A,13,R13-S01,VIP,AVAILABLE,0
SEC_STD01_A_R13_S02,SEC_STD01_A,13,R13-S02,VIP,AVAILABLE,0
SEC_STD01_A_R13_S03,SEC_STD01_A,13,R13-S03,VIP,AVAILABLE,0
SEC_STD01_A_R13_S04,SEC_STD01_A,13,R13-S04,VIP,AVAILABLE,0
SEC_STD01_A_R13_S05,SEC_STD01_A,13,R13-S05,VIP,AVAILABLE,0
SEC_STD01_A_R13_S06,SEC_STD01_A,13,R13-S06,VIP,AVAILABLE,0
SEC_STD01_A_R13_S07,SEC_STD01_A,13,R13-S07,VIP,AVAILABLE,0
SEC_STD01_A_R13_S08,SEC_STD01_A,13,R13-S08,VIP,AVAILABLE,0
SEC_STD01_A_R13_S09,SEC_STD01_A,13,R13-S09,VIP,AVAILABLE,0
SEC_STD01_A_R13_S10,SEC_STD01_A,13,R13-S10,VIP,AVAILABLE,0
SEC_STD01_A_R13_S11,SEC_STD01_A,13,R13-S11,VIP,AVAILABLE,0
SEC_STD01_A_R13_S12,SEC_STD01_A,13,R13-S12,VIP,AVAILABLE,0
SEC_STD01_A_R13_S13,SEC_STD01_A,13,R13-S13,VIP,AVAILABLE,0
SEC_STD01_A_R13_S14,SEC_STD01_A,13,R13-S14,VIP,AVAILABLE,0
SEC_STD01_A_R13_S15,SEC_STD01_A,13,R13-S15,VIP,AVAILABLE,0
SEC_STD01_A_R13_S16,SEC_STD01_A,13,R13-S16,VIP,AVAILABLE,0
SEC_STD01_A_R13_S17,SEC_STD01_A,13,R13-S17,VIP,AVAILABLE,0
SEC_STD01_A_R13_S18,SEC_STD01_A,13,R13-S18,VIP,AVAILABLE,0
SEC_STD01_A_R13_S19,SEC_STD01_A,13,R13-S19,VIP,AVAILABLE,0
SEC_STD01_A_R13_S20,SEC_STD01_A,13,R13-S20,VIP,AVAILABLE,0
SEC_STD01_A_R13_S21,SEC_STD01_A,13,R13-S21,VIP,AVAILABLE,0
SEC_STD01_A_R13_S22,SEC_STD01_A,13,R13-S22,VIP,AVAILABLE,0
SEC_STD01_A_R13_S23,SEC_STD01_A,13,R13-S23,VIP,AVAILABLE,0
SEC_STD01_A_R13_S24,SEC_STD01_A,13,R13-S24,VIP,AVAILABLE,0
SEC_STD01_A_R13_S25,SEC_STD01_A,13,R13-S25,VIP,AVAILABLE,0
SEC_STD01_A_R13_S26,SEC_STD01_A,13,R13-S26,VIP,AVAILABLE,0
SEC_STD01_A_R13_S27,SEC_STD01_A,13,R13-S27,VIP,AVAILABLE,0
SEC_STD01_A_R13_S28,SEC_STD01_A,13,R13-S28,VIP,AVAILABLE,0
SEC_STD01_A_R13_S29,SEC_STD01_A,13,R13-S29,VIP,AVAILABLE,0
SEC_STD01_A_R13_S30,SEC_STD01_A,13,R13-S30,VIP,AVAILABLE,0
SEC_STD01_A_R13_S31,SEC_STD01_A,13,R13-S31,VIP,AVAILABLE,0
SEC_STD01_A_R13_S32,SEC_STD01_A,13,R13-S32,VIP,AVAILABLE,0
SEC_STD01_A_R13_S33,SEC_STD01_A,13,R13-S33,VIP,AVAILABLE,0
SEC_STD01_A_R13_S34,SEC_STD01_A,13,R13-S34,VIP,AVAILABLE,0
SEC_STD01_A_R13_S35,SEC_STD01_A,13,R13-S35,VIP,AVAILABLE,0
SEC_STD01_A_R13_S36,SEC_STD01_A,13,R13-S36,VIP,AVAILABLE,0
SEC_STD01_A_R13_S37,SEC_STD01_A,13,R13-S37,VIP,AVAILABLE,0
SEC_STD01_A_R13_S38,SEC_STD01_A,13,R13-S38,VIP,AVAILABLE,0
SEC_STD01_A_R13_S39,SEC_STD01_A,13,R13-S39,VIP,AVAILABLE,0
SEC_STD01_A_R13_S40,SEC_STD01_A,13,R13-S40,VIP,AVAILABLE,0
SEC_STD01_A_R13_S41,SEC_STD01_A,13,R13-S41,VIP,AVAILABLE,0
SEC_STD01_A_R13_S42,SEC_STD01_A,13,R13-S42,VIP,AVAILABLE,0
SEC_STD01_A_R13_S43,SEC_STD01_A,13,R13-S43,VIP,AVAILABLE,0
SEC_STD01_A_R13_S44,SEC_STD01_A,13,R13-S44,VIP,AVAILABLE,0
SEC_STD01_A_R13_S45,SEC_STD01_A,13,R13-S45,VIP,AVAILABLE,0
SEC_STD01_A_R13_S46,SEC_STD01_A,13,R13-S46,VIP,AVAILABLE,0
SEC_STD01_A_R13_S47,SEC_STD01_A,13,R13-S47,VIP,AVAILABLE,0
SEC_STD01_A_R13_S48,SEC_STD01_A,13,R13-S48,VIP,AVAILABLE,0
SEC_STD01_A_R13_S49,SEC_STD01_A,13,R13-S49,VIP,AVAILABLE,0
SEC_STD01_A_R13_S50,SEC_STD01_A,13,R13-S50,VIP,AVAILABLE,0
SEC_STD01_A_R13_S51,SEC_STD01_A,13,R13-S51,VIP,AVAILABLE,0
SEC_STD01_A_R13_S52,SEC_STD01_A,13,R13-S52,VIP,AVAILABLE,0
SEC_STD01_A_R13_S53,SEC_STD01_A,13,R13-S53,VIP,AVAILABLE,0
SEC_STD01_A_R13_S54,SEC_STD01_A,13,R13-S54,VIP,AVAILABLE,0
SEC_STD01_A_R13_S55,SEC_STD01_A,13,R13-S55,VIP,AVAILABLE,0
SEC_STD01_A_R13_S56,SEC_STD01_A,13,R13-S56,VIP,AVAILABLE,0
SEC_STD01_A_R13_S57,SEC_STD01_A,13,R13-S57,VIP,AVAILABLE,0
SEC_STD01_A_R13_S58,SEC_STD01_A,13,R13-S58,VIP,AVAILABLE,0
SEC_STD01_A_R13_S59,SEC_STD01_A,13,R13-S59,VIP,AVAILABLE,0
SEC_STD01_A_R13_S60,SEC_STD01_A,13,R13-S60,VIP,AVAILABLE,0
SEC_STD01_A_R14_S01,SEC_STD01_A,14,R14-S01,VIP,AVAILABLE,0
SEC_STD01_A_R14_S02,SEC_STD01_A,14,R14-S02,VIP,AVAILABLE,0
SEC_STD01_A_R14_S03,SEC_STD01_A,14,R14-S03,VIP,AVAILABLE,0
SEC_STD01_A_R14_S04,SEC_STD01_A,14,R14-S04,VIP,AVAILABLE,0
SEC_STD01_A_R14_S05,SEC_STD01_A,14,R14-S05,VIP,AVAILABLE,0
SEC_STD01_A_R14_S06,SEC_STD01_A,14,R14-S06,VIP,AVAILABLE,0
SEC_STD01_A_R14_S07,SEC_STD01_A,14,R14-S07,VIP,AVAILABLE,0
SEC_STD01_A_R14_S08,SEC_STD01_A,14,R14-S08,VIP,AVAILABLE,0
SEC_STD01_A_R14_S09,SEC_STD01_A,14,R14-S09,VIP,AVAILABLE,0
SEC_STD01_A_R14_S10,SEC_STD01_A,14,R14-S10,VIP,AVAILABLE,0
SEC_STD01_A_R14_S11,SEC_STD01_A,14,R14-S11,VIP,AVAILABLE,0
SEC_STD01_A_R14_S12,SEC_STD01_A,14,R14-S12,VIP,AVAILABLE,0
SEC_STD01_A_R14_S13,SEC_STD01_A,14,R14-S13,VIP,AVAILABLE,0
SEC_STD01_A_R14_S14,SEC_STD01_A,14,R14-S14,VIP,AVAILABLE,0
SEC_STD01_A_R14_S15,SEC_STD01_A,14,R14-S15,VIP,AVAILABLE,0
SEC_STD01_A_R14_S16,SEC_STD01_A,14,R14-S16,VIP,AVAILABLE,0
SEC_STD01_A_R14_S17,SEC_STD01_A,14,R14-S17,VIP,AVAILABLE,0
SEC_STD01_A_R14_S18,SEC_STD01_A,14,R14-S18,VIP,AVAILABLE,0
SEC_STD01_A_R14_S19,SEC_STD01_A,14,R14-S19,VIP,AVAILABLE,0
SEC_STD01_A_R14_S20,SEC_STD01_A,14,R14-S20,VIP,AVAILABLE,0
SEC_STD01_A_R14_S21,SEC_STD01_A,14,R14-S21,VIP,AVAILABLE,0
SEC_STD01_A_R14_S22,SEC_STD01_A,14,R14-S22,VIP,AVAILABLE,0
SEC_STD01_A_R14_S23,SEC_STD01_A,14,R14-S23,VIP,AVAILABLE,0
SEC_STD01_A_R14_S24,SEC_STD01_A,14,R14-S24,VIP,AVAILABLE,0
SEC_STD01_A_R14_S25,SEC_STD01_A,14,R14-S25,VIP,AVAILABLE,0
SEC_STD01_A_R14_S26,SEC_STD01_A,14,R14-S26,VIP,AVAILABLE,0
SEC_STD01_A_R14_S27,SEC_STD01_A,14,R14-S27,VIP,AVAILABLE,0
SEC_STD01_A_R14_S28,SEC_STD01_A,14,R14-S28,VIP,AVAILABLE,0
SEC_STD01_A_R14_S29,SEC_STD01_A,14,R14-S29,VIP,AVAILABLE,0
SEC_STD01_A_R14_S30,SEC_STD01_A,14,R14-S30,VIP,AVAILABLE,0
SEC_STD01_A_R14_S31,SEC_STD01_A,14,R14-S31,VIP,AVAILABLE,0
SEC_STD01_A_R14_S32,SEC_STD01_A,14,R14-S32,VIP,AVAILABLE,0
SEC_STD01_A_R14_S33,SEC_STD01_A,14,R14-S33,VIP,AVAILABLE,0
SEC_STD01_A_R14_S34,SEC_STD01_A,14,R14-S34,VIP,AVAILABLE,0
SEC_STD01_A_R14_S35,SEC_STD01_A,14,R14-S35,VIP,AVAILABLE,0
SEC_STD01_A_R14_S36,SEC_STD01_A,14,R14-S36,VIP,AVAILABLE,0
SEC_STD01_A_R14_S37,SEC_STD01_A,14,R14-S37,VIP,AVAILABLE,0
SEC_STD01_A_R14_S38,SEC_STD01_A,14,R14-S38,VIP,AVAILABLE,0
SEC_STD01_A_R14_S39,SEC_STD01_A,14,R14-S39,VIP,AVAILABLE,0
SEC_STD01_A_R14_S40,SEC_STD01_A,14,R14-S40,VIP,AVAILABLE,0
SEC_STD01_A_R14_S41,SEC_STD01_A,14,R14-S41,VIP,AVAILABLE,0
SEC_STD01_A_R14_S42,SEC_STD01_A,14,R14-S42,VIP,AVAILABLE,0
SEC_STD01_A_R14_S43,SEC_STD01_A,14,R14-S43,VIP,AVAILABLE,0
SEC_STD01_A_R14_S44,SEC_STD01_A,14,R14-S44,VIP,AVAILABLE,0
SEC_STD01_A_R14_S45,SEC_STD01_A,14,R14-S45,VIP,AVAILABLE,0
SEC_STD01_A_R14_S46,SEC_STD01_A,14,R14-S46,VIP,AVAILABLE,0
SEC_STD01_A_R14_S47,SEC_STD01_A,14,R14-S47,VIP,AVAILABLE,0
SEC_STD01_A_R14_S48,SEC_STD01_A,14,R14-S48,VIP,AVAILABLE,0
SEC_STD01_A_R14_S49,SEC_STD01_A,14,R14-S49,VIP,AVAILABLE,0
SEC_STD01_A_R14_S50,SEC_STD01_A,14,R14-S50,VIP,AVAILABLE,0
SEC_STD01_A_R14_S51,SEC_STD01_A,14,R14-S51,VIP,AVAILABLE,0
SEC_STD01_A_R14_S52,SEC_STD01_A,14,R14-S52,VIP,AVAILABLE,0
SEC_STD01_A_R14_S53,SEC_STD01_A,14,R14-S53,VIP,AVAILABLE,0
SEC_STD01_A_R14_S54,SEC_STD01_A,14,R14-S54,VIP,AVAILABLE,0
SEC_STD01_A_R14_S55,SEC_STD01_A,14,R14-S55,VIP,AVAILABLE,0
SEC_STD01_A_R14_S56,SEC_STD01_A,14,R14-S56,VIP,AVAILABLE,0
SEC_STD01_A_R14_S57,SEC_STD01_A,14,R14-S57,VIP,AVAILABLE,0
SEC_STD01_A_R14_S58,SEC_STD01_A,14,R14-S58,VIP,AVAILABLE,0
SEC_STD01_A_R14_S59,SEC_STD01_A,14,R14-S59,VIP,AVAILABLE,0
SEC_STD01_A_R14_S60,SEC_STD01_A,14,R14-S60,VIP,AVAILABLE,0
SEC_STD01_A_R15_S01,SEC_STD01_A,15,R15-S01,VIP,AVAILABLE,0
SEC_STD01_A_R15_S02,SEC_STD01_A,15,R15-S02,VIP,AVAILABLE,0
SEC_STD01_A_R15_S03,SEC_STD01_A,15,R15-S03,VIP,AVAILABLE,0
SEC_STD01_A_R15_S04,SEC_STD01_A,15,R15-S04,VIP,AVAILABLE,0
SEC_STD01_A_R15_S05,SEC_STD01_A,15,R15-S05,VIP,AVAILABLE,0
SEC_STD01_A_R15_S06,SEC_STD01_A,15,R15-S06,VIP,AVAILABLE,0
SEC_STD01_A_R15_S07,SEC_STD01_A,15,R15-S07,VIP,AVAILABLE,0
SEC_STD01_A_R15_S08,SEC_STD01_A,15,R15-S08,VIP,AVAILABLE,0
SEC_STD01_A_R15_S09,SEC_STD01_A,15,R15-S09,VIP,AVAILABLE,0
SEC_STD01_A_R15_S10,SEC_STD01_A,15,R15-S10,VIP,AVAILABLE,0
SEC_STD01_A_R15_S11,SEC_STD01_A,15,R15-S11,VIP,AVAILABLE,0
SEC_STD01_A_R15_S12,SEC_STD01_A,15,R15-S12,VIP,AVAILABLE,0
SEC_STD01_A_R15_S13,SEC_STD01_A,15,R15-S13,VIP,AVAILABLE,0
SEC_STD01_A_R15_S14,SEC_STD01_A,15,R15-S14,VIP,AVAILABLE,0
SEC_STD01_A_R15_S15,SEC_STD01_A,15,R15-S15,VIP,AVAILABLE,0
SEC_STD01_A_R15_S16,SEC_STD01_A,15,R15-S16,VIP,AVAILABLE,0
SEC_STD01_A_R15_S17,SEC_STD01_A,15,R15-S17,VIP,AVAILABLE,0
SEC_STD01_A_R15_S18,SEC_STD01_A,15,R15-S18,VIP,AVAILABLE,0
SEC_STD01_A_R15_S19,SEC_STD01_A,15,R15-S19,VIP,AVAILABLE,0
SEC_STD01_A_R15_S20,SEC_STD01_A,15,R15-S20,VIP,AVAILABLE,0
SEC_STD01_A_R15_S21,SEC_STD01_A,15,R15-S21,VIP,AVAILABLE,0
SEC_STD01_A_R15_S22,SEC_STD01_A,15,R15-S22,VIP,AVAILABLE,0
SEC_STD01_A_R15_S23,SEC_STD01_A,15,R15-S23,VIP,AVAILABLE,0
SEC_STD01_A_R15_S24,SEC_STD01_A,15,R15-S24,VIP,AVAILABLE,0
SEC_STD01_A_R15_S25,SEC_STD01_A,15,R15-S25,VIP,AVAILABLE,0
SEC_STD01_A_R15_S26,SEC_STD01_A,15,R15-S26,VIP,AVAILABLE,0
SEC_STD01_A_R15_S27,SEC_STD01_A,15,R15-S27,VIP,AVAILABLE,0
SEC_STD01_A_R15_S28,SEC_STD01_A,15,R15-S28,VIP,AVAILABLE,0
SEC_STD01_A_R15_S29,SEC_STD01_A,15,R15-S29,VIP,AVAILABLE,0
SEC_STD01_A_R15_S30,SEC_STD01_A,15,R15-S30,VIP,AVAILABLE,0
SEC_STD01_A_R15_S31,SEC_STD01_A,15,R15-S31,VIP,AVAILABLE,0
SEC_STD01_A_R15_S32,SEC_STD01_A,15,R15-S32,VIP,AVAILABLE,0
SEC_STD01_A_R15_S33,SEC_STD01_A,15,R15-S33,VIP,AVAILABLE,0
SEC_STD01_A_R15_S34,SEC_STD01_A,15,R15-S34,VIP,AVAILABLE,0
SEC_STD01_A_R15_S35,SEC_STD01_A,15,R15-S35,VIP,AVAILABLE,0
SEC_STD01_A_R15_S36,SEC_STD01_A,15,R15-S36,VIP,AVAILABLE,0
SEC_STD01_A_R15_S37,SEC_STD01_A,15,R15-S37,VIP,AVAILABLE,0
SEC_STD01_A_R15_S38,SEC_STD01_A,15,R15-S38,VIP,AVAILABLE,0
SEC_STD01_A_R15_S39,SEC_STD01_A,15,R15-S39,VIP,AVAILABLE,0
SEC_STD01_A_R15_S40,SEC_STD01_A,15,R15-S40,VIP,AVAILABLE,0
SEC_STD01_A_R15_S41,SEC_STD01_A,15,R15-S41,VIP,AVAILABLE,0
SEC_STD01_A_R15_S42,SEC_STD01_A,15,R15-S42,VIP,AVAILABLE,0
SEC_STD01_A_R15_S43,SEC_STD01_A,15,R15-S43,VIP,AVAILABLE,0
SEC_STD01_A_R15_S44,SEC_STD01_A,15,R15-S44,VIP,AVAILABLE,0
SEC_STD01_A_R15_S45,SEC_STD01_A,15,R15-S45,VIP,AVAILABLE,0
SEC_STD01_A_R15_S46,SEC_STD01_A,15,R15-S46,VIP,AVAILABLE,0
SEC_STD01_A_R15_S47,SEC_STD01_A,15,R15-S47,VIP,AVAILABLE,0
SEC_STD01_A_R15_S48,SEC_STD01_A,15,R15-S48,VIP,AVAILABLE,0
SEC_STD01_A_R15_S49,SEC_STD01_A,15,R15-S49,VIP,AVAILABLE,0
SEC_STD01_A_R15_S50,SEC_STD01_A,15,R15-S50,VIP,AVAILABLE,0
SEC_STD01_A_R15_S51,SEC_STD01_A,15,R15-S51,VIP,AVAILABLE,0
SEC_STD01_A_R15_S52,SEC_STD01_A,15,R15-S52,VIP,AVAILABLE,0
SEC_STD01_A_R15_S53,SEC_STD01_A,15,R15-S53,VIP,AVAILABLE,0
SEC_STD01_A_R15_S54,SEC_STD01_A,15,R15-S54,VIP,AVAILABLE,0
SEC_STD01_A_R15_S55,SEC_STD01_A,15,R15-S55,VIP,AVAILABLE,0
SEC_STD01_A_R15_S56,SEC_STD01_A,15,R15-S56,VIP,AVAILABLE,0
SEC_STD01_A_R15_S57,SEC_STD01_A,15,R15-S57,VIP,AVAILABLE,0
SEC_STD01_A_R15_S58,SEC_STD01_A,15,R15-S58,VIP,AVAILABLE,0
SEC_STD01_A_R15_S59,SEC_STD01_A,15,R15-S59,VIP,AVAILABLE,0
SEC_STD01_A_R15_S60,SEC_STD01_A,15,R15-S60,VIP,AVAILABLE,0
SEC_STD01_A_R16_S01,SEC_STD01_A,16,R16-S01,VIP,AVAILABLE,0
SEC_STD01_A_R16_S02,SEC_STD01_A,16,R16-S02,VIP,AVAILABLE,0
SEC_STD01_A_R16_S03,SEC_STD01_A,16,R16-S03,VIP,AVAILABLE,0
SEC_STD01_A_R16_S04,SEC_STD01_A,16,R16-S04,VIP,AVAILABLE,0
SEC_STD01_A_R16_S05,SEC_STD01_A,16,R16-S05,VIP,AVAILABLE,0
SEC_STD01_A_R16_S06,SEC_STD01_A,16,R16-S06,VIP,AVAILABLE,0
SEC_STD01_A_R16_S07,SEC_STD01_A,16,R16-S07,VIP,AVAILABLE,0
SEC_STD01_A_R16_S08,SEC_STD01_A,16,R16-S08,VIP,AVAILABLE,0
SEC_STD01_A_R16_S09,SEC_STD01_A,16,R16-S09,VIP,AVAILABLE,0
SEC_STD01_A_R16_S10,SEC_STD01_A,16,R16-S10,VIP,AVAILABLE,0
SEC_STD01_A_R16_S11,SEC_STD01_A,16,R16-S11,VIP,AVAILABLE,0
SEC_STD01_A_R16_S12,SEC_STD01_A,16,R16-S12,VIP,AVAILABLE,0
SEC_STD01_A_R16_S13,SEC_STD01_A,16,R16-S13,VIP,AVAILABLE,0
SEC_STD01_A_R16_S14,SEC_STD01_A,16,R16-S14,VIP,AVAILABLE,0
SEC_STD01_A_R16_S15,SEC_STD01_A,16,R16-S15,VIP,AVAILABLE,0
SEC_STD01_A_R16_S16,SEC_STD01_A,16,R16-S16,VIP,AVAILABLE,0
SEC_STD01_A_R16_S17,SEC_STD01_A,16,R16-S17,VIP,AVAILABLE,0
SEC_STD01_A_R16_S18,SEC_STD01_A,16,R16-S18,VIP,AVAILABLE,0
SEC_STD01_A_R16_S19,SEC_STD01_A,16,R16-S19,VIP,AVAILABLE,0
SEC_STD01_A_R16_S20,SEC_STD01_A,16,R16-S20,VIP,AVAILABLE,0
SEC_STD01_A_R16_S21,SEC_STD01_A,16,R16-S21,VIP,AVAILABLE,0
SEC_STD01_A_R16_S22,SEC_STD01_A,16,R16-S22,VIP,AVAILABLE,0
SEC_STD01_A_R16_S23,SEC_STD01_A,16,R16-S23,VIP,AVAILABLE,0
SEC_STD01_A_R16_S24,SEC_STD01_A,16,R16-S24,VIP,AVAILABLE,0
SEC_STD01_A_R16_S25,SEC_STD01_A,16,R16-S25,VIP,AVAILABLE,0
SEC_STD01_A_R16_S26,SEC_STD01_A,16,R16-S26,VIP,AVAILABLE,0
SEC_STD01_A_R16_S27,SEC_STD01_A,16,R16-S27,VIP,AVAILABLE,0
SEC_STD01_A_R16_S28,SEC_STD01_A,16,R16-S28,VIP,AVAILABLE,0
SEC_STD01_A_R16_S29,SEC_STD01_A,16,R16-S29,VIP,AVAILABLE,0
SEC_STD01_A_R16_S30,SEC_STD01_A,16,R16-S30,VIP,AVAILABLE,0
SEC_STD01_A_R16_S31,SEC_STD01_A,16,R16-S31,VIP,AVAILABLE,0
SEC_STD01_A_R16_S32,SEC_STD01_A,16,R16-S32,VIP,AVAILABLE,0
SEC_STD01_A_R16_S33,SEC_STD01_A,16,R16-S33,VIP,AVAILABLE,0
SEC_STD01_A_R16_S34,SEC_STD01_A,16,R16-S34,VIP,AVAILABLE,0
SEC_STD01_A_R16_S35,SEC_STD01_A,16,R16-S35,VIP,AVAILABLE,0
SEC_STD01_A_R16_S36,SEC_STD01_A,16,R16-S36,VIP,AVAILABLE,0
SEC_STD01_A_R16_S37,SEC_STD01_A,16,R16-S37,VIP,AVAILABLE,0
SEC_STD01_A_R16_S38,SEC_STD01_A,16,R16-S38,VIP,AVAILABLE,0
SEC_STD01_A_R16_S39,SEC_STD01_A,16,R16-S39,VIP,AVAILABLE,0
SEC_STD01_A_R16_S40,SEC_STD01_A,16,R16-S40,VIP,AVAILABLE,0
SEC_STD01_A_R16_S41,SEC_STD01_A,16,R16-S41,VIP,AVAILABLE,0
SEC_STD01_A_R16_S42,SEC_STD01_A,16,R16-S42,VIP,AVAILABLE,0
SEC_STD01_A_R16_S43,SEC_STD01_A,16,R16-S43,VIP,AVAILABLE,0
SEC_STD01_A_R16_S44,SEC_STD01_A,16,R16-S44,VIP,AVAILABLE,0
SEC_STD01_A_R16_S45,SEC_STD01_A,16,R16-S45,VIP,AVAILABLE,0
SEC_STD01_A_R16_S46,SEC_STD01_A,16,R16-S46,VIP,AVAILABLE,0
SEC_STD01_A_R16_S47,SEC_STD01_A,16,R16-S47,VIP,AVAILABLE,0
SEC_STD01_A_R16_S48,SEC_STD01_A,16,R16-S48,VIP,AVAILABLE,0
SEC_STD01_A_R16_S49,SEC_STD01_A,16,R16-S49,VIP,AVAILABLE,0
SEC_STD01_A_R16_S50,SEC_STD01_A,16,R16-S50,VIP,AVAILABLE,0
SEC_STD01_A_R16_S51,SEC_STD01_A,16,R16-S51,VIP,AVAILABLE,0
SEC_STD01_A_R16_S52,SEC_STD01_A,16,R16-S52,VIP,AVAILABLE,0
SEC_STD01_A_R16_S53,SEC_STD01_A,16,R16-S53,VIP,AVAILABLE,0
SEC_STD01_A_R16_S54,SEC_STD01_A,16,R16-S54,VIP,AVAILABLE,0
SEC_STD01_A_R16_S55,SEC_STD01_A,16,R16-S55,VIP,AVAILABLE,0
SEC_STD01_A_R16_S56,SEC_STD01_A,16,R16-S56,VIP,AVAILABLE,0
SEC_STD01_A_R16_S57,SEC_STD01_A,16,R16-S57,VIP,AVAILABLE,0
SEC_STD01_A_R16_S58,SEC_STD01_A,16,R16-S58,VIP,AVAILABLE,0
SEC_STD01_A_R16_S59,SEC_STD01_A,16,R16-S59,VIP,AVAILABLE,0
SEC_STD01_A_R16_S60,SEC_STD01_A,16,R16-S60,VIP,AVAILABLE,0
SEC_STD01_A_R17_S01,SEC_STD01_A,17,R17-S01,VIP,AVAILABLE,0
SEC_STD01_A_R17_S02,SEC_STD01_A,17,R17-S02,VIP,AVAILABLE,0
SEC_STD01_A_R17_S03,SEC_STD01_A,17,R17-S03,VIP,AVAILABLE,0
SEC_STD01_A_R17_S04,SEC_STD01_A,17,R17-S04,VIP,AVAILABLE,0
SEC_STD01_A_R17_S05,SEC_STD01_A,17,R17-S05,VIP,AVAILABLE,0
SEC_STD01_A_R17_S06,SEC_STD01_A,17,R17-S06,VIP,AVAILABLE,0
SEC_STD01_A_R17_S07,SEC_STD01_A,17,R17-S07,VIP,AVAILABLE,0
SEC_STD01_A_R17_S08,SEC_STD01_A,17,R17-S08,VIP,AVAILABLE,0
SEC_STD01_A_R17_S09,SEC_STD01_A,17,R17-S09,VIP,AVAILABLE,0
SEC_STD01_A_R17_S10,SEC_STD01_A,17,R17-S10,VIP,AVAILABLE,0
SEC_STD01_A_R17_S11,SEC_STD01_A,17,R17-S11,VIP,AVAILABLE,0
SEC_STD01_A_R17_S12,SEC_STD01_A,17,R17-S12,VIP,AVAILABLE,0
SEC_STD01_A_R17_S13,SEC_STD01_A,17,R17-S13,VIP,AVAILABLE,0
SEC_STD01_A_R17_S14,SEC_STD01_A,17,R17-S14,VIP,AVAILABLE,0
SEC_STD01_A_R17_S15,SEC_STD01_A,17,R17-S15,VIP,AVAILABLE,0
SEC_STD01_A_R17_S16,SEC_STD01_A,17,R17-S16,VIP,AVAILABLE,0
SEC_STD01_A_R17_S17,SEC_STD01_A,17,R17-S17,VIP,AVAILABLE,0
SEC_STD01_A_R17_S18,SEC_STD01_A,17,R17-S18,VIP,AVAILABLE,0
SEC_STD01_A_R17_S19,SEC_STD01_A,17,R17-S19,VIP,AVAILABLE,0
SEC_STD01_A_R17_S20,SEC_STD01_A,17,R17-S20,VIP,AVAILABLE,0
SEC_STD01_A_R17_S21,SEC_STD01_A,17,R17-S21,VIP,AVAILABLE,0
SEC_STD01_A_R17_S22,SEC_STD01_A,17,R17-S22,VIP,AVAILABLE,0
SEC_STD01_A_R17_S23,SEC_STD01_A,17,R17-S23,VIP,AVAILABLE,0
SEC_STD01_A_R17_S24,SEC_STD01_A,17,R17-S24,VIP,AVAILABLE,0
SEC_STD01_A_R17_S25,SEC_STD01_A,17,R17-S25,VIP,AVAILABLE,0
SEC_STD01_A_R17_S26,SEC_STD01_A,17,R17-S26,VIP,AVAILABLE,0
SEC_STD01_A_R17_S27,SEC_STD01_A,17,R17-S27,VIP,AVAILABLE,0
SEC_STD01_A_R17_S28,SEC_STD01_A,17,R17-S28,VIP,AVAILABLE,0
SEC_STD01_A_R17_S29,SEC_STD01_A,17,R17-S29,VIP,AVAILABLE,0
SEC_STD01_A_R17_S30,SEC_STD01_A,17,R17-S30,VIP,AVAILABLE,0
SEC_STD01_A_R17_S31,SEC_STD01_A,17,R17-S31,VIP,AVAILABLE,0
SEC_STD01_A_R17_S32,SEC_STD01_A,17,R17-S32,VIP,AVAILABLE,0
SEC_STD01_A_R17_S33,SEC_STD01_A,17,R17-S33,VIP,AVAILABLE,0
SEC_STD01_A_R17_S34,SEC_STD01_A,17,R17-S34,VIP,AVAILABLE,0
SEC_STD01_A_R17_S35,SEC_STD01_A,17,R17-S35,VIP,AVAILABLE,0
SEC_STD01_A_R17_S36,SEC_STD01_A,17,R17-S36,VIP,AVAILABLE,0
SEC_STD01_A_R17_S37,SEC_STD01_A,17,R17-S37,VIP,AVAILABLE,0
SEC_STD01_A_R17_S38,SEC_STD01_A,17,R17-S38,VIP,AVAILABLE,0
SEC_STD01_A_R17_S39,SEC_STD01_A,17,R17-S39,VIP,AVAILABLE,0
SEC_STD01_A_R17_S40,SEC_STD01_A,17,R17-S40,VIP,AVAILABLE,0
SEC_STD01_A_R17_S41,SEC_STD01_A,17,R17-S41,VIP,AVAILABLE,0
SEC_STD01_A_R17_S42,SEC_STD01_A,17,R17-S42,VIP,AVAILABLE,0
SEC_STD01_A_R17_S43,SEC_STD01_A,17,R17-S43,VIP,AVAILABLE,0
SEC_STD01_A_R17_S44,SEC_STD01_A,17,R17-S44,VIP,AVAILABLE,0
SEC_STD01_A_R17_S45,SEC_STD01_A,17,R17-S45,VIP,AVAILABLE,0
SEC_STD01_A_R17_S46,SEC_STD01_A,17,R17-S46,VIP,AVAILABLE,0
SEC_STD01_A_R17_S47,SEC_STD01_A,17,R17-S47,VIP,AVAILABLE,0
SEC_STD01_A_R17_S48,SEC_STD01_A,17,R17-S48,VIP,AVAILABLE,0
SEC_STD01_A_R17_S49,SEC_STD01_A,17,R17-S49,VIP,AVAILABLE,0
SEC_STD01_A_R17_S50,SEC_STD01_A,17,R17-S50,VIP,AVAILABLE,0
SEC_STD01_A_R17_S51,SEC_STD01_A,17,R17-S51,VIP,AVAILABLE,0
SEC_STD01_A_R17_S52,SEC_STD01_A,17,R17-S52,VIP,AVAILABLE,0
SEC_STD01_A_R17_S53,SEC_STD01_A,17,R17-S53,VIP,AVAILABLE,0
SEC_STD01_A_R17_S54,SEC_STD01_A,17,R17-S54,VIP,AVAILABLE,0
SEC_STD01_A_R17_S55,SEC_STD01_A,17,R17-S55,VIP,AVAILABLE,0
SEC_STD01_A_R17_S56,SEC_STD01_A,17,R17-S56,VIP,AVAILABLE,0
SEC_STD01_A_R17_S57,SEC_STD01_A,17,R17-S57,VIP,AVAILABLE,0
SEC_STD01_A_R17_S58,SEC_STD01_A,17,R17-S58,VIP,AVAILABLE,0
SEC_STD01_A_R17_S59,SEC_STD01_A,17,R17-S59,VIP,AVAILABLE,0
SEC_STD01_A_R17_S60,SEC_STD01_A,17,R17-S60,VIP,AVAILABLE,0
SEC_STD01_A_R18_S01,SEC_STD01_A,18,R18-S01,VIP,AVAILABLE,0
SEC_STD01_A_R18_S02,SEC_STD01_A,18,R18-S02,VIP,AVAILABLE,0
SEC_STD01_A_R18_S03,SEC_STD01_A,18,R18-S03,VIP,AVAILABLE,0
SEC_STD01_A_R18_S04,SEC_STD01_A,18,R18-S04,VIP,AVAILABLE,0
SEC_STD01_A_R18_S05,SEC_STD01_A,18,R18-S05,VIP,AVAILABLE,0
SEC_STD01_A_R18_S06,SEC_STD01_A,18,R18-S06,VIP,AVAILABLE,0
SEC_STD01_A_R18_S07,SEC_STD01_A,18,R18-S07,VIP,AVAILABLE,0
SEC_STD01_A_R18_S08,SEC_STD01_A,18,R18-S08,VIP,AVAILABLE,0
SEC_STD01_A_R18_S09,SEC_STD01_A,18,R18-S09,VIP,AVAILABLE,0
SEC_STD01_A_R18_S10,SEC_STD01_A,18,R18-S10,VIP,AVAILABLE,0
SEC_STD01_A_R18_S11,SEC_STD01_A,18,R18-S11,VIP,AVAILABLE,0
SEC_STD01_A_R18_S12,SEC_STD01_A,18,R18-S12,VIP,AVAILABLE,0
SEC_STD01_A_R18_S13,SEC_STD01_A,18,R18-S13,VIP,AVAILABLE,0
SEC_STD01_A_R18_S14,SEC_STD01_A,18,R18-S14,VIP,AVAILABLE,0
SEC_STD01_A_R18_S15,SEC_STD01_A,18,R18-S15,VIP,AVAILABLE,0
SEC_STD01_A_R18_S16,SEC_STD01_A,18,R18-S16,VIP,AVAILABLE,0
SEC_STD01_A_R18_S17,SEC_STD01_A,18,R18-S17,VIP,AVAILABLE,0
SEC_STD01_A_R18_S18,SEC_STD01_A,18,R18-S18,VIP,AVAILABLE,0
SEC_STD01_A_R18_S19,SEC_STD01_A,18,R18-S19,VIP,AVAILABLE,0
SEC_STD01_A_R18_S20,SEC_STD01_A,18,R18-S20,VIP,AVAILABLE,0
SEC_STD01_A_R18_S21,SEC_STD01_A,18,R18-S21,VIP,AVAILABLE,0
SEC_STD01_A_R18_S22,SEC_STD01_A,18,R18-S22,VIP,AVAILABLE,0
SEC_STD01_A_R18_S23,SEC_STD01_A,18,R18-S23,VIP,AVAILABLE,0
SEC_STD01_A_R18_S24,SEC_STD01_A,18,R18-S24,VIP,AVAILABLE,0
SEC_STD01_A_R18_S25,SEC_STD01_A,18,R18-S25,VIP,AVAILABLE,0
SEC_STD01_A_R18_S26,SEC_STD01_A,18,R18-S26,VIP,AVAILABLE,0
SEC_STD01_A_R18_S27,SEC_STD01_A,18,R18-S27,VIP,AVAILABLE,0
SEC_STD01_A_R18_S28,SEC_STD01_A,18,R18-S28,VIP,AVAILABLE,0
SEC_STD01_A_R18_S29,SEC_STD01_A,18,R18-S29,VIP,AVAILABLE,0
SEC_STD01_A_R18_S30,SEC_STD01_A,18,R18-S30,VIP,AVAILABLE,0
SEC_STD01_A_R18_S31,SEC_STD01_A,18,R18-S31,VIP,AVAILABLE,0
SEC_STD01_A_R18_S32,SEC_STD01_A,18,R18-S32,VIP,AVAILABLE,0
SEC_STD01_A_R18_S33,SEC_STD01_A,18,R18-S33,VIP,AVAILABLE,0
SEC_STD01_A_R18_S34,SEC_STD01_A,18,R18-S34,VIP,AVAILABLE,0
SEC_STD01_A_R18_S35,SEC_STD01_A,18,R18-S35,VIP,AVAILABLE,0
SEC_STD01_A_R18_S36,SEC_STD01_A,18,R18-S36,VIP,AVAILABLE,0
SEC_STD01_A_R18_S37,SEC_STD01_A,18,R18-S37,VIP,AVAILABLE,0
SEC_STD01_A_R18_S38,SEC_STD01_A,18,R18-S38,VIP,AVAILABLE,0
SEC_STD01_A_R18_S39,SEC_STD01_A,18,R18-S39,VIP,AVAILABLE,0
SEC_STD01_A_R18_S40,SEC_STD01_A,18,R18-S40,VIP,AVAILABLE,0
SEC_STD01_A_R18_S41,SEC_STD01_A,18,R18-S41,VIP,AVAILABLE,0
SEC_STD01_A_R18_S42,SEC_STD01_A,18,R18-S42,VIP,AVAILABLE,0
SEC_STD01_A_R18_S43,SEC_STD01_A,18,R18-S43,VIP,AVAILABLE,0
SEC_STD01_A_R18_S44,SEC_STD01_A,18,R18-S44,VIP,AVAILABLE,0
SEC_STD01_A_R18_S45,SEC_STD01_A,18,R18-S45,VIP,AVAILABLE,0
SEC_STD01_A_R18_S46,SEC_STD01_A,18,R18-S46,VIP,AVAILABLE,0
SEC_STD01_A_R18_S47,SEC_STD01_A,18,R18-S47,VIP,AVAILABLE,0
SEC_STD01_A_R18_S48,SEC_STD01_A,18,R18-S48,VIP,AVAILABLE,0
SEC_STD01_A_R18_S49,SEC_STD01_A,18,R18-S49,VIP,AVAILABLE,0
SEC_STD01_A_R18_S50,SEC_STD01_A,18,R18-S50,VIP,AVAILABLE,0
SEC_STD01_A_R18_S51,SEC_STD01_A,18,R18-S51,VIP,AVAILABLE,0
SEC_STD01_A_R18_S52,SEC_STD01_A,18,R18-S52,VIP,AVAILABLE,0
SEC_STD01_A_R18_S53,SEC_STD01_A,18,R18-S53,VIP,AVAILABLE,0
SEC_STD01_A_R18_S54,SEC_STD01_A,18,R18-S54,VIP,AVAILABLE,0
SEC_STD01_A_R18_S55,SEC_STD01_A,18,R18-S55,VIP,AVAILABLE,0
SEC_STD01_A_R18_S56,SEC_STD01_A,18,R18-S56,VIP,AVAILABLE,0
SEC_STD01_A_R18_S57,SEC_STD01_A,18,R18-S57,VIP,AVAILABLE,0
SEC_STD01_A_R18_S58,SEC_STD01_A,18,R18-S58,VIP,AVAILABLE,0
SEC_STD01_A_R18_S59,SEC_STD01_A,18,R18-S59,VIP,AVAILABLE,0
SEC_STD01_A_R18_S60,SEC_STD01_A,18,R18-S60,VIP,AVAILABLE,0
SEC_STD01_A_R19_S01,SEC_STD01_A,19,R19-S01,VIP,AVAILABLE,0
SEC_STD01_A_R19_S02,SEC_STD01_A,19,R19-S02,VIP,AVAILABLE,0
SEC_STD01_A_R19_S03,SEC_STD01_A,19,R19-S03,VIP,AVAILABLE,0
SEC_STD01_A_R19_S04,SEC_STD01_A,19,R19-S04,VIP,AVAILABLE,0
SEC_STD01_A_R19_S05,SEC_STD01_A,19,R19-S05,VIP,AVAILABLE,0
SEC_STD01_A_R19_S06,SEC_STD01_A,19,R19-S06,VIP,AVAILABLE,0
SEC_STD01_A_R19_S07,SEC_STD01_A,19,R19-S07,VIP,AVAILABLE,0
SEC_STD01_A_R19_S08,SEC_STD01_A,19,R19-S08,VIP,AVAILABLE,0
SEC_STD01_A_R19_S09,SEC_STD01_A,19,R19-S09,VIP,AVAILABLE,0
SEC_STD01_A_R19_S10,SEC_STD01_A,19,R19-S10,VIP,AVAILABLE,0
SEC_STD01_A_R19_S11,SEC_STD01_A,19,R19-S11,VIP,AVAILABLE,0
SEC_STD01_A_R19_S12,SEC_STD01_A,19,R19-S12,VIP,AVAILABLE,0
SEC_STD01_A_R19_S13,SEC_STD01_A,19,R19-S13,VIP,AVAILABLE,0
SEC_STD01_A_R19_S14,SEC_STD01_A,19,R19-S14,VIP,AVAILABLE,0
SEC_STD01_A_R19_S15,SEC_STD01_A,19,R19-S15,VIP,AVAILABLE,0
SEC_STD01_A_R19_S16,SEC_STD01_A,19,R19-S16,VIP,AVAILABLE,0
SEC_STD01_A_R19_S17,SEC_STD01_A,19,R19-S17,VIP,AVAILABLE,0
SEC_STD01_A_R19_S18,SEC_STD01_A,19,R19-S18,VIP,AVAILABLE,0
SEC_STD01_A_R19_S19,SEC_STD01_A,19,R19-S19,VIP,AVAILABLE,0
SEC_STD01_A_R19_S20,SEC_STD01_A,19,R19-S20,VIP,AVAILABLE,0
SEC_STD01_A_R19_S21,SEC_STD01_A,19,R19-S21,VIP,AVAILABLE,0
SEC_STD01_A_R19_S22,SEC_STD01_A,19,R19-S22,VIP,AVAILABLE,0
SEC_STD01_A_R19_S23,SEC_STD01_A,19,R19-S23,VIP,AVAILABLE,0
SEC_STD01_A_R19_S24,SEC_STD01_A,19,R19-S24,VIP,AVAILABLE,0
SEC_STD01_A_R19_S25,SEC_STD01_A,19,R19-S25,VIP,AVAILABLE,0
SEC_STD01_A_R19_S26,SEC_STD01_A,19,R19-S26,VIP,AVAILABLE,0
SEC_STD01_A_R19_S27,SEC_STD01_A,19,R19-S27,VIP,AVAILABLE,0
SEC_STD01_A_R19_S28,SEC_STD01_A,19,R19-S28,VIP,AVAILABLE,0
SEC_STD01_A_R19_S29,SEC_STD01_A,19,R19-S29,VIP,AVAILABLE,0
SEC_STD01_A_R19_S30,SEC_STD01_A,19,R19-S30,VIP,AVAILABLE,0
SEC_STD01_A_R19_S31,SEC_STD01_A,19,R19-S31,VIP,AVAILABLE,0
SEC_STD01_A_R19_S32,SEC_STD01_A,19,R19-S32,VIP,AVAILABLE,0
SEC_STD01_A_R19_S33,SEC_STD01_A,19,R19-S33,VIP,AVAILABLE,0
SEC_STD01_A_R19_S34,SEC_STD01_A,19,R19-S34,VIP,AVAILABLE,0
SEC_STD01_A_R19_S35,SEC_STD01_A,19,R19-S35,VIP,AVAILABLE,0
SEC_STD01_A_R19_S36,SEC_STD01_A,19,R19-S36,VIP,AVAILABLE,0
SEC_STD01_A_R19_S37,SEC_STD01_A,19,R19-S37,VIP,AVAILABLE,0
SEC_STD01_A_R19_S38,SEC_STD01_A,19,R19-S38,VIP,AVAILABLE,0
SEC_STD01_A_R19_S39,SEC_STD01_A,19,R19-S39,VIP,AVAILABLE,0
SEC_STD01_A_R19_S40,SEC_STD01_A,19,R19-S40,VIP,AVAILABLE,0
SEC_STD01_A_R19_S41,SEC_STD01_A,19,R19-S41,VIP,AVAILABLE,0
SEC_STD01_A_R19_S42,SEC_STD01_A,19,R19-S42,VIP,AVAILABLE,0
SEC_STD01_A_R19_S43,SEC_STD01_A,19,R19-S43,VIP,AVAILABLE,0
SEC_STD01_A_R19_S44,SEC_STD01_A,19,R19-S44,VIP,AVAILABLE,0
SEC_STD01_A_R19_S45,SEC_STD01_A,19,R19-S45,VIP,AVAILABLE,0
SEC_STD01_A_R19_S46,SEC_STD01_A,19,R19-S46,VIP,AVAILABLE,0
SEC_STD01_A_R19_S47,SEC_STD01_A,19,R19-S47,VIP,AVAILABLE,0
SEC_STD01_A_R19_S48,SEC_STD01_A,19,R19-S48,VIP,AVAILABLE,0
SEC_STD01_A_R19_S49,SEC_STD01_A,19,R19-S49,VIP,AVAILABLE,0
SEC_STD01_A_R19_S50,SEC_STD01_A,19,R19-S50,VIP,AVAILABLE,0
SEC_STD01_A_R19_S51,SEC_STD01_A,19,R19-S51,VIP,AVAILABLE,0
SEC_STD01_A_R19_S52,SEC_STD01_A,19,R19-S52,VIP,AVAILABLE,0
SEC_STD01_A_R19_S53,SEC_STD01_A,19,R19-S53,VIP,AVAILABLE,0
SEC_STD01_A_R19_S54,SEC_STD01_A,19,R19-S54,VIP,AVAILABLE,0
SEC_STD01_A_R19_S55,SEC_STD01_A,19,R19-S55,VIP,AVAILABLE,0
SEC_STD01_A_R19_S56,SEC_STD01_A,19,R19-S56,VIP,AVAILABLE,0
SEC_STD01_A_R19_S57,SEC_STD01_A,19,R19-S57,VIP,AVAILABLE,0
SEC_STD01_A_R19_S58,SEC_STD01_A,19,R19-S58,VIP,AVAILABLE,0
SEC_STD01_A_R19_S59,SEC_STD01_A,19,R19-S59,VIP,AVAILABLE,0
SEC_STD01_A_R19_S60,SEC_STD01_A,19,R19-S60,VIP,AVAILABLE,0
SEC_STD01_A_R20_S01,SEC_STD01_A,20,R20-S01,VIP,AVAILABLE,0
SEC_STD01_A_R20_S02,SEC_STD01_A,20,R20-S02,VIP,AVAILABLE,0
SEC_STD01_A_R20_S03,SEC_STD01_A,20,R20-S03,VIP,AVAILABLE,0
SEC_STD01_A_R20_S04,SEC_STD01_A,20,R20-S04,VIP,AVAILABLE,0
SEC_STD01_A_R20_S05,SEC_STD01_A,20,R20-S05,VIP,AVAILABLE,0
SEC_STD01_A_R20_S06,SEC_STD01_A,20,R20-S06,VIP,AVAILABLE,0
SEC_STD01_A_R20_S07,SEC_STD01_A,20,R20-S07,VIP,AVAILABLE,0
SEC_STD01_A_R20_S08,SEC_STD01_A,20,R20-S08,VIP,AVAILABLE,0
SEC_STD01_A_R20_S09,SEC_STD01_A,20,R20-S09,VIP,AVAILABLE,0
SEC_STD01_A_R20_S10,SEC_STD01_A,20,R20-S10,VIP,AVAILABLE,0
SEC_STD01_A_R20_S11,SEC_STD01_A,20,R20-S11,VIP,AVAILABLE,0
SEC_STD01_A_R20_S12,SEC_STD01_A,20,R20-S12,VIP,AVAILABLE,0
SEC_STD01_A_R20_S13,SEC_STD01_A,20,R20-S13,VIP,AVAILABLE,0
SEC_STD01_A_R20_S14,SEC_STD01_A,20,R20-S14,VIP,AVAILABLE,0
SEC_STD01_A_R20_S15,SEC_STD01_A,20,R20-S15,VIP,AVAILABLE,0
SEC_STD01_A_R20_S16,SEC_STD01_A,20,R20-S16,VIP,AVAILABLE,0
SEC_STD01_A_R20_S17,SEC_STD01_A,20,R20-S17,VIP,AVAILABLE,0
SEC_STD01_A_R20_S18,SEC_STD01_A,20,R20-S18,VIP,AVAILABLE,0
SEC_STD01_A_R20_S19,SEC_STD01_A,20,R20-S19,VIP,AVAILABLE,0
SEC_STD01_A_R20_S20,SEC_STD01_A,20,R20-S20,VIP,AVAILABLE,0
SEC_STD01_A_R20_S21,SEC_STD01_A,20,R20-S21,VIP,AVAILABLE,0
SEC_STD01_A_R20_S22,SEC_STD01_A,20,R20-S22,VIP,AVAILABLE,0
SEC_STD01_A_R20_S23,SEC_STD01_A,20,R20-S23,VIP,AVAILABLE,0
SEC_STD01_A_R20_S24,SEC_STD01_A,20,R20-S24,VIP,AVAILABLE,0
SEC_STD01_A_R20_S25,SEC_STD01_A,20,R20-S25,VIP,AVAILABLE,0
SEC_STD01_A_R20_S26,SEC_STD01_A,20,R20-S26,VIP,AVAILABLE,0
SEC_STD01_A_R20_S27,SEC_STD01_A,20,R20-S27,VIP,AVAILABLE,0
SEC_STD01_A_R20_S28,SEC_STD01_A,20,R20-S28,VIP,AVAILABLE,0
SEC_STD01_A_R20_S29,SEC_STD01_A,20,R20-S29,VIP,AVAILABLE,0
SEC_STD01_A_R20_S30,SEC_STD01_A,20,R20-S30,VIP,AVAILABLE,0
SEC_STD01_A_R20_S31,SEC_STD01_A,20,R20-S31,VIP,AVAILABLE,0
SEC_STD01_A_R20_S32,SEC_STD01_A,20,R20-S32,VIP,AVAILABLE,0
SEC_STD01_A_R20_S33,SEC_STD01_A,20,R20-S33,VIP,AVAILABLE,0
SEC_STD01_A_R20_S34,SEC_STD01_A,20,R20-S34,VIP,AVAILABLE,0
SEC_STD01_A_R20_S35,SEC_STD01_A,20,R20-S35,VIP,AVAILABLE,0
SEC_STD01_A_R20_S36,SEC_STD01_A,20,R20-S36,VIP,AVAILABLE,0
SEC_STD01_A_R20_S37,SEC_STD01_A,20,R20-S37,VIP,AVAILABLE,0
SEC_STD01_A_R20_S38,SEC_STD01_A,20,R20-S38,VIP,AVAILABLE,0
SEC_STD01_A_R20_S39,SEC_STD01_A,20,R20-S39,VIP,AVAILABLE,0
SEC_STD01_A_R20_S40,SEC_STD01_A,20,R20-S40,VIP,AVAILABLE,0
SEC_STD01_A_R20_S41,SEC_STD01_A,20,R20-S41,VIP,AVAILABLE,0
SEC_STD01_A_R20_S42,SEC_STD01_A,20,R20-S42,VIP,AVAILABLE,0
SEC_STD01_A_R20_S43,SEC_STD01_A,20,R20-S43,VIP,AVAILABLE,0
SEC_STD01_A_R20_S44,SEC_STD01_A,20,R20-S44,VIP,AVAILABLE,0
SEC_STD01_A_R20_S45,SEC_STD01_A,20,R20-S45,VIP,AVAILABLE,0
SEC_STD01_A_R20_S46,SEC_STD01_A,20,R20-S46,VIP,AVAILABLE,0
SEC_STD01_A_R20_S47,SEC_STD01_A,20,R20-S47,VIP,AVAILABLE,0
SEC_STD01_A_R20_S48,SEC_STD01_A,20,R20-S48,VIP,AVAILABLE,0
SEC_STD01_A_R20_S49,SEC_STD01_A,20,R20-S49,VIP,AVAILABLE,0
SEC_STD01_A_R20_S50,SEC_STD01_A,20,R20-S50,VIP,AVAILABLE,0
SEC_STD01_A_R20_S51,SEC_STD01_A,20,R20-S51,VIP,AVAILABLE,0
SEC_STD01_A_R20_S52,SEC_STD01_A,20,R20-S52,VIP,AVAILABLE,0
SEC_STD01_A_R20_S53,SEC_STD01_A,20,R20-S53,VIP,AVAILABLE,0
SEC_STD01_A_R20_S54,SEC_STD01_A,20,R20-S54,VIP,AVAILABLE,0
SEC_STD01_A_R20_S55,SEC_STD01_A,20,R20-S55,VIP,AVAILABLE,0
SEC_STD01_A_R20_S56,SEC_STD01_A,20,R20-S56,VIP,AVAILABLE,0
SEC_STD01_A_R20_S57,SEC_STD01_A,20,R20-S57,VIP,AVAILABLE,0
SEC_STD01_A_R20_S58,SEC_STD01_A,20,R20-S58,VIP,AVAILABLE,0
SEC_STD01_A_R20_S59,SEC_STD01_A,20,R20-S59,VIP,AVAILABLE,0
SEC_STD01_A_R20_S60,SEC_STD01_A,20,R20-S60,VIP,AVAILABLE,0
SEC_STD01_A_R21_S01,SEC_STD01_A,21,R21-S01,VIP,AVAILABLE,0
SEC_STD01_A_R21_S02,SEC_STD01_A,21,R21-S02,VIP,AVAILABLE,0
SEC_STD01_A_R21_S03,SEC_STD01_A,21,R21-S03,VIP,AVAILABLE,0
SEC_STD01_A_R21_S04,SEC_STD01_A,21,R21-S04,VIP,AVAILABLE,0
SEC_STD01_A_R21_S05,SEC_STD01_A,21,R21-S05,VIP,AVAILABLE,0
SEC_STD01_A_R21_S06,SEC_STD01_A,21,R21-S06,VIP,AVAILABLE,0
SEC_STD01_A_R21_S07,SEC_STD01_A,21,R21-S07,VIP,AVAILABLE,0
SEC_STD01_A_R21_S08,SEC_STD01_A,21,R21-S08,VIP,AVAILABLE,0
SEC_STD01_A_R21_S09,SEC_STD01_A,21,R21-S09,VIP,AVAILABLE,0
SEC_STD01_A_R21_S10,SEC_STD01_A,21,R21-S10,VIP,AVAILABLE,0
SEC_STD01_A_R21_S11,SEC_STD01_A,21,R21-S11,VIP,AVAILABLE,0
SEC_STD01_A_R21_S12,SEC_STD01_A,21,R21-S12,VIP,AVAILABLE,0
SEC_STD01_A_R21_S13,SEC_STD01_A,21,R21-S13,VIP,AVAILABLE,0
SEC_STD01_A_R21_S14,SEC_STD01_A,21,R21-S14,VIP,AVAILABLE,0
SEC_STD01_A_R21_S15,SEC_STD01_A,21,R21-S15,VIP,AVAILABLE,0
SEC_STD01_A_R21_S16,SEC_STD01_A,21,R21-S16,VIP,AVAILABLE,0
SEC_STD01_A_R21_S17,SEC_STD01_A,21,R21-S17,VIP,AVAILABLE,0
SEC_STD01_A_R21_S18,SEC_STD01_A,21,R21-S18,VIP,AVAILABLE,0
SEC_STD01_A_R21_S19,SEC_STD01_A,21,R21-S19,VIP,AVAILABLE,0
SEC_STD01_A_R21_S20,SEC_STD01_A,21,R21-S20,VIP,AVAILABLE,0
SEC_STD01_A_R21_S21,SEC_STD01_A,21,R21-S21,VIP,AVAILABLE,0
SEC_STD01_A_R21_S22,SEC_STD01_A,21,R21-S22,VIP,AVAILABLE,0
SEC_STD01_A_R21_S23,SEC_STD01_A,21,R21-S23,VIP,AVAILABLE,0
SEC_STD01_A_R21_S24,SEC_STD01_A,21,R21-S24,VIP,AVAILABLE,0
SEC_STD01_A_R21_S25,SEC_STD01_A,21,R21-S25,VIP,AVAILABLE,0
SEC_STD01_A_R21_S26,SEC_STD01_A,21,R21-S26,VIP,AVAILABLE,0
SEC_STD01_A_R21_S27,SEC_STD01_A,21,R21-S27,VIP,AVAILABLE,0
SEC_STD01_A_R21_S28,SEC_STD01_A,21,R21-S28,VIP,AVAILABLE,0
SEC_STD01_A_R21_S29,SEC_STD01_A,21,R21-S29,VIP,AVAILABLE,0
SEC_STD01_A_R21_S30,SEC_STD01_A,21,R21-S30,VIP,AVAILABLE,0
SEC_STD01_A_R21_S31,SEC_STD01_A,21,R21-S31,VIP,AVAILABLE,0
SEC_STD01_A_R21_S32,SEC_STD01_A,21,R21-S32,VIP,AVAILABLE,0
SEC_STD01_A_R21_S33,SEC_STD01_A,21,R21-S33,VIP,AVAILABLE,0
SEC_STD01_A_R21_S34,SEC_STD01_A,21,R21-S34,VIP,AVAILABLE,0
SEC_STD01_A_R21_S35,SEC_STD01_A,21,R21-S35,VIP,AVAILABLE,0
SEC_STD01_A_R21_S36,SEC_STD01_A,21,R21-S36,VIP,AVAILABLE,0
SEC_STD01_A_R21_S37,SEC_STD01_A,21,R21-S37,VIP,AVAILABLE,0
SEC_STD01_A_R21_S38,SEC_STD01_A,21,R21-S38,VIP,AVAILABLE,0
SEC_STD01_A_R21_S39,SEC_STD01_A,21,R21-S39,VIP,AVAILABLE,0
SEC_STD01_A_R21_S40,SEC_STD01_A,21,R21-S40,VIP,AVAILABLE,0
SEC_STD01_A_R21_S41,SEC_STD01_A,21,R21-S41,VIP,AVAILABLE,0
SEC_STD01_A_R21_S42,SEC_STD01_A,21,R21-S42,VIP,AVAILABLE,0
SEC_STD01_A_R21_S43,SEC_STD01_A,21,R21-S43,VIP,AVAILABLE,0
SEC_STD01_A_R21_S44,SEC_STD01_A,21,R21-S44,VIP,AVAILABLE,0
SEC_STD01_A_R21_S45,SEC_STD01_A,21,R21-S45,VIP,AVAILABLE,0
SEC_STD01_A_R21_S46,SEC_STD01_A,21,R21-S46,VIP,AVAILABLE,0
SEC_STD01_A_R21_S47,SEC_STD01_A,21,R21-S47,VIP,AVAILABLE,0
SEC_STD01_A_R21_S48,SEC_STD01_A,21,R21-S48,VIP,AVAILABLE,0
SEC_STD01_A_R21_S49,SEC_STD01_A,21,R21-S49,VIP,AVAILABLE,0
SEC_STD01_A_R21_S50,SEC_STD01_A,21,R21-S50,VIP,AVAILABLE,0
SEC_STD01_A_R21_S51,SEC_STD01_A,21,R21-S51,VIP,AVAILABLE,0
SEC_STD01_A_R21_S52,SEC_STD01_A,21,R21-S52,VIP,AVAILABLE,0
SEC_STD01_A_R21_S53,SEC_STD01_A,21,R21-S53,VIP,AVAILABLE,0
SEC_STD01_A_R21_S54,SEC_STD01_A,21,R21-S54,VIP,AVAILABLE,0
SEC_STD01_A_R21_S55,SEC_STD01_A,21,R21-S55,VIP,AVAILABLE,0
SEC_STD01_A_R21_S56,SEC_STD01_A,21,R21-S56,VIP,AVAILABLE,0
SEC_STD01_A_R21_S57,SEC_STD01_A,21,R21-S57,VIP,AVAILABLE,0
SEC_STD01_A_R21_S58,SEC_STD01_A,21,R21-S58,VIP,AVAILABLE,0
SEC_STD01_A_R21_S59,SEC_STD01_A,21,R21-S59,VIP,AVAILABLE,0
SEC_STD01_A_R21_S60,SEC_STD01_A,21,R21-S60,VIP,AVAILABLE,0
SEC_STD01_A_R22_S01,SEC_STD01_A,22,R22-S01,VIP,AVAILABLE,0
SEC_STD01_A_R22_S02,SEC_STD01_A,22,R22-S02,VIP,AVAILABLE,0
SEC_STD01_A_R22_S03,SEC_STD01_A,22,R22-S03,VIP,AVAILABLE,0
SEC_STD01_A_R22_S04,SEC_STD01_A,22,R22-S04,VIP,AVAILABLE,0
SEC_STD01_A_R22_S05,SEC_STD01_A,22,R22-S05,VIP,AVAILABLE,0
SEC_STD01_A_R22_S06,SEC_STD01_A,22,R22-S06,VIP,AVAILABLE,0
SEC_STD01_A_R22_S07,SEC_STD01_A,22,R22-S07,VIP,AVAILABLE,0
SEC_STD01_A_R22_S08,SEC_STD01_A,22,R22-S08,VIP,AVAILABLE,0
SEC_STD01_A_R22_S09,SEC_STD01_A,22,R22-S09,VIP,AVAILABLE,0
SEC_STD01_A_R22_S10,SEC_STD01_A,22,R22-S10,VIP,AVAILABLE,0
SEC_STD01_A_R22_S11,SEC_STD01_A,22,R22-S11,VIP,AVAILABLE,0
SEC_STD01_A_R22_S12,SEC_STD01_A,22,R22-S12,VIP,AVAILABLE,0
SEC_STD01_A_R22_S13,SEC_STD01_A,22,R22-S13,VIP,AVAILABLE,0
SEC_STD01_A_R22_S14,SEC_STD01_A,22,R22-S14,VIP,AVAILABLE,0
SEC_STD01_A_R22_S15,SEC_STD01_A,22,R22-S15,VIP,AVAILABLE,0
SEC_STD01_A_R22_S16,SEC_STD01_A,22,R22-S16,VIP,AVAILABLE,0
SEC_STD01_A_R22_S17,SEC_STD01_A,22,R22-S17,VIP,AVAILABLE,0
SEC_STD01_A_R22_S18,SEC_STD01_A,22,R22-S18,VIP,AVAILABLE,0
SEC_STD01_A_R22_S19,SEC_STD01_A,22,R22-S19,VIP,AVAILABLE,0
SEC_STD01_A_R22_S20,SEC_STD01_A,22,R22-S20,VIP,AVAILABLE,0
SEC_STD01_A_R22_S21,SEC_STD01_A,22,R22-S21,VIP,AVAILABLE,0
SEC_STD01_A_R22_S22,SEC_STD01_A,22,R22-S22,VIP,AVAILABLE,0
SEC_STD01_A_R22_S23,SEC_STD01_A,22,R22-S23,VIP,AVAILABLE,0
SEC_STD01_A_R22_S24,SEC_STD01_A,22,R22-S24,VIP,AVAILABLE,0
SEC_STD01_A_R22_S25,SEC_STD01_A,22,R22-S25,VIP,AVAILABLE,0
SEC_STD01_A_R22_S26,SEC_STD01_A,22,R22-S26,VIP,AVAILABLE,0
SEC_STD01_A_R22_S27,SEC_STD01_A,22,R22-S27,VIP,AVAILABLE,0
SEC_STD01_A_R22_S28,SEC_STD01_A,22,R22-S28,VIP,AVAILABLE,0
SEC_STD01_A_R22_S29,SEC_STD01_A,22,R22-S29,VIP,AVAILABLE,0
SEC_STD01_A_R22_S30,SEC_STD01_A,22,R22-S30,VIP,AVAILABLE,0
SEC_STD01_A_R22_S31,SEC_STD01_A,22,R22-S31,VIP,AVAILABLE,0
SEC_STD01_A_R22_S32,SEC_STD01_A,22,R22-S32,VIP,AVAILABLE,0
SEC_STD01_A_R22_S33,SEC_STD01_A,22,R22-S33,VIP,AVAILABLE,0
SEC_STD01_A_R22_S34,SEC_STD01_A,22,R22-S34,VIP,AVAILABLE,0
SEC_STD01_A_R22_S35,SEC_STD01_A,22,R22-S35,VIP,AVAILABLE,0
SEC_STD01_A_R22_S36,SEC_STD01_A,22,R22-S36,VIP,AVAILABLE,0
SEC_STD01_A_R22_S37,SEC_STD01_A,22,R22-S37,VIP,AVAILABLE,0
SEC_STD01_A_R22_S38,SEC_STD01_A,22,R22-S38,VIP,AVAILABLE,0
SEC_STD01_A_R22_S39,SEC_STD01_A,22,R22-S39,VIP,AVAILABLE,0
SEC_STD01_A_R22_S40,SEC_STD01_A,22,R22-S40,VIP,AVAILABLE,0
SEC_STD01_A_R22_S41,SEC_STD01_A,22,R22-S41,VIP,AVAILABLE,0
SEC_STD01_A_R22_S42,SEC_STD01_A,22,R22-S42,VIP,AVAILABLE,0
SEC_STD01_A_R22_S43,SEC_STD01_A,22,R22-S43,VIP,AVAILABLE,0
SEC_STD01_A_R22_S44,SEC_STD01_A,22,R22-S44,VIP,AVAILABLE,0
SEC_STD01_A_R22_S45,SEC_STD01_A,22,R22-S45,VIP,AVAILABLE,0
SEC_STD01_A_R22_S46,SEC_STD01_A,22,R22-S46,VIP,AVAILABLE,0
SEC_STD01_A_R22_S47,SEC_STD01_A,22,R22-S47,VIP,AVAILABLE,0
SEC_STD01_A_R22_S48,SEC_STD01_A,22,R22-S48,VIP,AVAILABLE,0
SEC_STD01_A_R22_S49,SEC_STD01_A,22,R22-S49,VIP,AVAILABLE,0
SEC_STD01_A_R22_S50,SEC_STD01_A,22,R22-S50,VIP,AVAILABLE,0
SEC_STD01_A_R22_S51,SEC_STD01_A,22,R22-S51,VIP,AVAILABLE,0
SEC_STD01_A_R22_S52,SEC_STD01_A,22,R22-S52,VIP,AVAILABLE,0
SEC_STD01_A_R22_S53,SEC_STD01_A,22,R22-S53,VIP,AVAILABLE,0
SEC_STD01_A_R22_S54,SEC_STD01_A,22,R22-S54,VIP,AVAILABLE,0
SEC_STD01_A_R22_S55,SEC_STD01_A,22,R22-S55,VIP,AVAILABLE,0
SEC_STD01_A_R22_S56,SEC_STD01_A,22,R22-S56,VIP,AVAILABLE,0
SEC_STD01_A_R22_S57,SEC_STD01_A,22,R22-S57,VIP,AVAILABLE,0
SEC_STD01_A_R22_S58,SEC_STD01_A,22,R22-S58,VIP,AVAILABLE,0
SEC_STD01_A_R22_S59,SEC_STD01_A,22,R22-S59,VIP,AVAILABLE,0
SEC_STD01_A_R22_S60,SEC_STD01_A,22,R22-S60,VIP,AVAILABLE,0
SEC_STD01_A_R23_S01,SEC_STD01_A,23,R23-S01,VIP,AVAILABLE,0
SEC_STD01_A_R23_S02,SEC_STD01_A,23,R23-S02,VIP,AVAILABLE,0
SEC_STD01_A_R23_S03,SEC_STD01_A,23,R23-S03,VIP,AVAILABLE,0
SEC_STD01_A_R23_S04,SEC_STD01_A,23,R23-S04,VIP,AVAILABLE,0
SEC_STD01_A_R23_S05,SEC_STD01_A,23,R23-S05,VIP,AVAILABLE,0
SEC_STD01_A_R23_S06,SEC_STD01_A,23,R23-S06,VIP,AVAILABLE,0
SEC_STD01_A_R23_S07,SEC_STD01_A,23,R23-S07,VIP,AVAILABLE,0
SEC_STD01_A_R23_S08,SEC_STD01_A,23,R23-S08,VIP,AVAILABLE,0
SEC_STD01_A_R23_S09,SEC_STD01_A,23,R23-S09,VIP,AVAILABLE,0
SEC_STD01_A_R23_S10,SEC_STD01_A,23,R23-S10,VIP,AVAILABLE,0
SEC_STD01_A_R23_S11,SEC_STD01_A,23,R23-S11,VIP,AVAILABLE,0
SEC_STD01_A_R23_S12,SEC_STD01_A,23,R23-S12,VIP,AVAILABLE,0
SEC_STD01_A_R23_S13,SEC_STD01_A,23,R23-S13,VIP,AVAILABLE,0
SEC_STD01_A_R23_S14,SEC_STD01_A,23,R23-S14,VIP,AVAILABLE,0
SEC_STD01_A_R23_S15,SEC_STD01_A,23,R23-S15,VIP,AVAILABLE,0
SEC_STD01_A_R23_S16,SEC_STD01_A,23,R23-S16,VIP,AVAILABLE,0
SEC_STD01_A_R23_S17,SEC_STD01_A,23,R23-S17,VIP,AVAILABLE,0
SEC_STD01_A_R23_S18,SEC_STD01_A,23,R23-S18,VIP,AVAILABLE,0
SEC_STD01_A_R23_S19,SEC_STD01_A,23,R23-S19,VIP,AVAILABLE,0
SEC_STD01_A_R23_S20,SEC_STD01_A,23,R23-S20,VIP,AVAILABLE,0
SEC_STD01_A_R23_S21,SEC_STD01_A,23,R23-S21,VIP,AVAILABLE,0
SEC_STD01_A_R23_S22,SEC_STD01_A,23,R23-S22,VIP,AVAILABLE,0
SEC_STD01_A_R23_S23,SEC_STD01_A,23,R23-S23,VIP,AVAILABLE,0
SEC_STD01_A_R23_S24,SEC_STD01_A,23,R23-S24,VIP,AVAILABLE,0
SEC_STD01_A_R23_S25,SEC_STD01_A,23,R23-S25,VIP,AVAILABLE,0
SEC_STD01_A_R23_S26,SEC_STD01_A,23,R23-S26,VIP,AVAILABLE,0
SEC_STD01_A_R23_S27,SEC_STD01_A,23,R23-S27,VIP,AVAILABLE,0
SEC_STD01_A_R23_S28,SEC_STD01_A,23,R23-S28,VIP,AVAILABLE,0
SEC_STD01_A_R23_S29,SEC_STD01_A,23,R23-S29,VIP,AVAILABLE,0
SEC_STD01_A_R23_S30,SEC_STD01_A,23,R23-S30,VIP,AVAILABLE,0
SEC_STD01_A_R23_S31,SEC_STD01_A,23,R23-S31,VIP,AVAILABLE,0
SEC_STD01_A_R23_S32,SEC_STD01_A,23,R23-S32,VIP,AVAILABLE,0
SEC_STD01_A_R23_S33,SEC_STD01_A,23,R23-S33,VIP,AVAILABLE,0
SEC_STD01_A_R23_S34,SEC_STD01_A,23,R23-S34,VIP,AVAILABLE,0
SEC_STD01_A_R23_S35,SEC_STD01_A,23,R23-S35,VIP,AVAILABLE,0
SEC_STD01_A_R23_S36,SEC_STD01_A,23,R23-S36,VIP,AVAILABLE,0
SEC_STD01_A_R23_S37,SEC_STD01_A,23,R23-S37,VIP,AVAILABLE,0
SEC_STD01_A_R23_S38,SEC_STD01_A,23,R23-S38,VIP,AVAILABLE,0
SEC_STD01_A_R23_S39,SEC_STD01_A,23,R23-S39,VIP,AVAILABLE,0
SEC_STD01_A_R23_S40,SEC_STD01_A,23,R23-S40,VIP,AVAILABLE,0
SEC_STD01_A_R23_S41,SEC_STD01_A,23,R23-S41,VIP,AVAILABLE,0
SEC_STD01_A_R23_S42,SEC_STD01_A,23,R23-S42,VIP,AVAILABLE,0
SEC_STD01_A_R23_S43,SEC_STD01_A,23,R23-S43,VIP,AVAILABLE,0
SEC_STD01_A_R23_S44,SEC_STD01_A,23,R23-S44,VIP,AVAILABLE,0
SEC_STD01_A_R23_S45,SEC_STD01_A,23,R23-S45,VIP,AVAILABLE,0
SEC_STD01_A_R23_S46,SEC_STD01_A,23,R23-S46,VIP,AVAILABLE,0
SEC_STD01_A_R23_S47,SEC_STD01_A,23,R23-S47,VIP,AVAILABLE,0
SEC_STD01_A_R23_S48,SEC_STD01_A,23,R23-S48,VIP,AVAILABLE,0
SEC_STD01_A_R23_S49,SEC_STD01_A,23,R23-S49,VIP,AVAILABLE,0
SEC_STD01_A_R23_S50,SEC_STD01_A,23,R23-S50,VIP,AVAILABLE,0
SEC_STD01_A_R23_S51,SEC_STD01_A,23,R23-S51,VIP,AVAILABLE,0
SEC_STD01_A_R23_S52,SEC_STD01_A,23,R23-S52,VIP,AVAILABLE,0
SEC_STD01_A_R23_S53,SEC_STD01_A,23,R23-S53,VIP,AVAILABLE,0
SEC_STD01_A_R23_S54,SEC_STD01_A,23,R23-S54,VIP,AVAILABLE,0
SEC_STD01_A_R23_S55,SEC_STD01_A,23,R23-S55,VIP,AVAILABLE,0
SEC_STD01_A_R23_S56,SEC_STD01_A,23,R23-S56,VIP,AVAILABLE,0
SEC_STD01_A_R23_S57,SEC_STD01_A,23,R23-S57,VIP,AVAILABLE,0
SEC_STD01_A_R23_S58,SEC_STD01_A,23,R23-S58,VIP,AVAILABLE,0
SEC_STD01_A_R23_S59,SEC_STD01_A,23,R23-S59,VIP,AVAILABLE,0
SEC_STD01_A_R23_S60,SEC_STD01_A,23,R23-S60,VIP,AVAILABLE,0
SEC_STD01_A_R24_S01,SEC_STD01_A,24,R24-S01,VIP,AVAILABLE,0
SEC_STD01_A_R24_S02,SEC_STD01_A,24,R24-S02,VIP,AVAILABLE,0
SEC_STD01_A_R24_S03,SEC_STD01_A,24,R24-S03,VIP,AVAILABLE,0
SEC_STD01_A_R24_S04,SEC_STD01_A,24,R24-S04,VIP,AVAILABLE,0
SEC_STD01_A_R24_S05,SEC_STD01_A,24,R24-S05,VIP,AVAILABLE,0
SEC_STD01_A_R24_S06,SEC_STD01_A,24,R24-S06,VIP,AVAILABLE,0
SEC_STD01_A_R24_S07,SEC_STD01_A,24,R24-S07,VIP,AVAILABLE,0
SEC_STD01_A_R24_S08,SEC_STD01_A,24,R24-S08,VIP,AVAILABLE,0
SEC_STD01_A_R24_S09,SEC_STD01_A,24,R24-S09,VIP,AVAILABLE,0
SEC_STD01_A_R24_S10,SEC_STD01_A,24,R24-S10,VIP,AVAILABLE,0
SEC_STD01_A_R24_S11,SEC_STD01_A,24,R24-S11,VIP,AVAILABLE,0
SEC_STD01_A_R24_S12,SEC_STD01_A,24,R24-S12,VIP,AVAILABLE,0
SEC_STD01_A_R24_S13,SEC_STD01_A,24,R24-S13,VIP,AVAILABLE,0
SEC_STD01_A_R24_S14,SEC_STD01_A,24,R24-S14,VIP,AVAILABLE,0
SEC_STD01_A_R24_S15,SEC_STD01_A,24,R24-S15,VIP,AVAILABLE,0
SEC_STD01_A_R24_S16,SEC_STD01_A,24,R24-S16,VIP,AVAILABLE,0
SEC_STD01_A_R24_S17,SEC_STD01_A,24,R24-S17,VIP,AVAILABLE,0
SEC_STD01_A_R24_S18,SEC_STD01_A,24,R24-S18,VIP,AVAILABLE,0
SEC_STD01_A_R24_S19,SEC_STD01_A,24,R24-S19,VIP,AVAILABLE,0
SEC_STD01_A_R24_S20,SEC_STD01_A,24,R24-S20,VIP,AVAILABLE,0
SEC_STD01_A_R24_S21,SEC_STD01_A,24,R24-S21,VIP,AVAILABLE,0
SEC_STD01_A_R24_S22,SEC_STD01_A,24,R24-S22,VIP,AVAILABLE,0
SEC_STD01_A_R24_S23,SEC_STD01_A,24,R24-S23,VIP,AVAILABLE,0
SEC_STD01_A_R24_S24,SEC_STD01_A,24,R24-S24,VIP,AVAILABLE,0
SEC_STD01_A_R24_S25,SEC_STD01_A,24,R24-S25,VIP,AVAILABLE,0
SEC_STD01_A_R24_S26,SEC_STD01_A,24,R24-S26,VIP,AVAILABLE,0
SEC_STD01_A_R24_S27,SEC_STD01_A,24,R24-S27,VIP,AVAILABLE,0
SEC_STD01_A_R24_S28,SEC_STD01_A,24,R24-S28,VIP,AVAILABLE,0
SEC_STD01_A_R24_S29,SEC_STD01_A,24,R24-S29,VIP,AVAILABLE,0
SEC_STD01_A_R24_S30,SEC_STD01_A,24,R24-S30,VIP,AVAILABLE,0
SEC_STD01_A_R24_S31,SEC_STD01_A,24,R24-S31,VIP,AVAILABLE,0
SEC_STD01_A_R24_S32,SEC_STD01_A,24,R24-S32,VIP,AVAILABLE,0
SEC_STD01_A_R24_S33,SEC_STD01_A,24,R24-S33,VIP,AVAILABLE,0
SEC_STD01_A_R24_S34,SEC_STD01_A,24,R24-S34,VIP,AVAILABLE,0
SEC_STD01_A_R24_S35,SEC_STD01_A,24,R24-S35,VIP,AVAILABLE,0
SEC_STD01_A_R24_S36,SEC_STD01_A,24,R24-S36,VIP,AVAILABLE,0
SEC_STD01_A_R24_S37,SEC_STD01_A,24,R24-S37,VIP,AVAILABLE,0
SEC_STD01_A_R24_S38,SEC_STD01_A,24,R24-S38,VIP,AVAILABLE,0
SEC_STD01_A_R24_S39,SEC_STD01_A,24,R24-S39,VIP,AVAILABLE,0
SEC_STD01_A_R24_S40,SEC_STD01_A,24,R24-S40,VIP,AVAILABLE,0
SEC_STD01_A_R24_S41,SEC_STD01_A,24,R24-S41,VIP,AVAILABLE,0
SEC_STD01_A_R24_S42,SEC_STD01_A,24,R24-S42,VIP,AVAILABLE,0
SEC_STD01_A_R24_S43,SEC_STD01_A,24,R24-S43,VIP,AVAILABLE,0
SEC_STD01_A_R24_S44,SEC_STD01_A,24,R24-S44,VIP,AVAILABLE,0
SEC_STD01_A_R24_S45,SEC_STD01_A,24,R24-S45,VIP,AVAILABLE,0
SEC_STD01_A_R24_S46,SEC_STD01_A,24,R24-S46,VIP,AVAILABLE,0
SEC_STD01_A_R24_S47,SEC_STD01_A,24,R24-S47,VIP,AVAILABLE,0
SEC_STD01_A_R24_S48,SEC_STD01_A,24,R24-S48,VIP,AVAILABLE,0
SEC_STD01_A_R24_S49,SEC_STD01_A,24,R24-S49,VIP,AVAILABLE,0
SEC_STD01_A_R24_S50,SEC_STD01_A,24,R24-S50,VIP,AVAILABLE,0
SEC_STD01_A_R24_S51,SEC_STD01_A,24,R24-S51,VIP,AVAILABLE,0
SEC_STD01_A_R24_S52,SEC_STD01_A,24,R24-S52,VIP,AVAILABLE,0
SEC_STD01_A_R24_S53,SEC_STD01_A,24,R24-S53,VIP,AVAILABLE,0
SEC_STD01_A_R24_S54,SEC_STD01_A,24,R24-S54,VIP,AVAILABLE,0
SEC_STD01_A_R24_S55,SEC_STD01_A,24,R24-S55,VIP,AVAILABLE,0
SEC_STD01_A_R24_S56,SEC_STD01_A,24,R24-S56,VIP,AVAILABLE,0
SEC_STD01_A_R24_S57,SEC_STD01_A,24,R24-S57,VIP,AVAILABLE,0
SEC_STD01_A_R24_S58,SEC_STD01_A,24,R24-S58,VIP,AVAILABLE,0
SEC_STD01_A_R24_S59,SEC_STD01_A,24,R24-S59,VIP,AVAILABLE,0
SEC_STD01_A_R24_S60,SEC_STD01_A,24,R24-S60,VIP,AVAILABLE,0
SEC_STD01_A_R25_S01,SEC_STD01_A,25,R25-S01,VIP,AVAILABLE,0
SEC_STD01_A_R25_S02,SEC_STD01_A,25,R25-S02,VIP,AVAILABLE,0
SEC_STD01_A_R25_S03,SEC_STD01_A,25,R25-S03,VIP,AVAILABLE,0
SEC_STD01_A_R25_S04,SEC_STD01_A,25,R25-S04,VIP,AVAILABLE,0
SEC_STD01_A_R25_S05,SEC_STD01_A,25,R25-S05,VIP,AVAILABLE,0
SEC_STD01_A_R25_S06,SEC_STD01_A,25,R25-S06,VIP,AVAILABLE,0
SEC_STD01_A_R25_S07,SEC_STD01_A,25,R25-S07,VIP,AVAILABLE,0
SEC_STD01_A_R25_S08,SEC_STD01_A,25,R25-S08,VIP,AVAILABLE,0
SEC_STD01_A_R25_S09,SEC_STD01_A,25,R25-S09,VIP,AVAILABLE,0
SEC_STD01_A_R25_S10,SEC_STD01_A,25,R25-S10,VIP,AVAILABLE,0
SEC_STD01_A_R25_S11,SEC_STD01_A,25,R25-S11,VIP,AVAILABLE,0
SEC_STD01_A_R25_S12,SEC_STD01_A,25,R25-S12,VIP,AVAILABLE,0
SEC_STD01_A_R25_S13,SEC_STD01_A,25,R25-S13,VIP,AVAILABLE,0
SEC_STD01_A_R25_S14,SEC_STD01_A,25,R25-S14,VIP,AVAILABLE,0
SEC_STD01_A_R25_S15,SEC_STD01_A,25,R25-S15,VIP,AVAILABLE,0
SEC_STD01_A_R25_S16,SEC_STD01_A,25,R25-S16,VIP,AVAILABLE,0
SEC_STD01_A_R25_S17,SEC_STD01_A,25,R25-S17,VIP,AVAILABLE,0
SEC_STD01_A_R25_S18,SEC_STD01_A,25,R25-S18,VIP,AVAILABLE,0
SEC_STD01_A_R25_S19,SEC_STD01_A,25,R25-S19,VIP,AVAILABLE,0
SEC_STD01_A_R25_S20,SEC_STD01_A,25,R25-S20,VIP,AVAILABLE,0
SEC_STD01_A_R25_S21,SEC_STD01_A,25,R25-S21,VIP,AVAILABLE,0
SEC_STD01_A_R25_S22,SEC_STD01_A,25,R25-S22,VIP,AVAILABLE,0
SEC_STD01_A_R25_S23,SEC_STD01_A,25,R25-S23,VIP,AVAILABLE,0
SEC_STD01_A_R25_S24,SEC_STD01_A,25,R25-S24,VIP,AVAILABLE,0
SEC_STD01_A_R25_S25,SEC_STD01_A,25,R25-S25,VIP,AVAILABLE,0
SEC_STD01_A_R25_S26,SEC_STD01_A,25,R25-S26,VIP,AVAILABLE,0
SEC_STD01_A_R25_S27,SEC_STD01_A,25,R25-S27,VIP,AVAILABLE,0
SEC_STD01_A_R25_S28,SEC_STD01_A,25,R25-S28,VIP,AVAILABLE,0
SEC_STD01_A_R25_S29,SEC_STD01_A,25,R25-S29,VIP,AVAILABLE,0
SEC_STD01_A_R25_S30,SEC_STD01_A,25,R25-S30,VIP,AVAILABLE,0
SEC_STD01_A_R25_S31,SEC_STD01_A,25,R25-S31,VIP,AVAILABLE,0
SEC_STD01_A_R25_S32,SEC_STD01_A,25,R25-S32,VIP,AVAILABLE,0
SEC_STD01_A_R25_S33,SEC_STD01_A,25,R25-S33,VIP,AVAILABLE,0
SEC_STD01_A_R25_S34,SEC_STD01_A,25,R25-S34,VIP,AVAILABLE,0
SEC_STD01_A_R25_S35,SEC_STD01_A,25,R25-S35,VIP,AVAILABLE,0
SEC_STD01_A_R25_S36,SEC_STD01_A,25,R25-S36,VIP,AVAILABLE,0
SEC_STD01_A_R25_S37,SEC_STD01_A,25,R25-S37,VIP,AVAILABLE,0
SEC_STD01_A_R25_S38,SEC_STD01_A,25,R25-S38,VIP,AVAILABLE,0
SEC_STD01_A_R25_S39,SEC_STD01_A,25,R25-S39,VIP,AVAILABLE,0
SEC_STD01_A_R25_S40,SEC_STD01_A,25,R25-S40,VIP,AVAILABLE,0
SEC_STD01_A_R25_S41,SEC_STD01_A,25,R25-S41,VIP,AVAILABLE,0
SEC_STD01_A_R25_S42,SEC_STD01_A,25,R25-S42,VIP,AVAILABLE,0
SEC_STD01_A_R25_S43,SEC_STD01_A,25,R25-S43,VIP,AVAILABLE,0
SEC_STD01_A_R25_S44,SEC_STD01_A,25,R25-S44,VIP,AVAILABLE,0
SEC_STD01_A_R25_S45,SEC_STD01_A,25,R25-S45,VIP,AVAILABLE,0
SEC_STD01_A_R25_S46,SEC_STD01_A,25,R25-S46,VIP,AVAILABLE,0
SEC_STD01_A_R25_S47,SEC_STD01_A,25,R25-S47,VIP,AVAILABLE,0
SEC_STD01_A_R25_S48,SEC_STD01_A,25,R25-S48,VIP,AVAILABLE,0
SEC_STD01_A_R25_S49,SEC_STD01_A,25,R25-S49,VIP,AVAILABLE,0
SEC_STD01_A_R25_S50,SEC_STD01_A,25,R25-S50,VIP,AVAILABLE,0
SEC_STD01_A_R25_S51,SEC_STD01_A,25,R25-S51,VIP,AVAILABLE,0
SEC_STD01_A_R25_S52,SEC_STD01_A,25,R25-S52,VIP,AVAILABLE,0
SEC_STD01_A_R25_S53,SEC_STD01_A,25,R25-S53,VIP,AVAILABLE,0
SEC_STD01_A_R25_S54,SEC_STD01_A,25,R25-S54,VIP,AVAILABLE,0
SEC_STD01_A_R25_S55,SEC_STD01_A,25,R25-S55,VIP,AVAILABLE,0
SEC_STD01_A_R25_S56,SEC_STD01_A,25,R25-S56,VIP,AVAILABLE,0
SEC_STD01_A_R25_S57,SEC_STD01_A,25,R25-S57,VIP,AVAILABLE,0
SEC_STD01_A_R25_S58,SEC_STD01_A,25,R25-S58,VIP,AVAILABLE,0
SEC_STD01_A_R25_S59,SEC_STD01_A,25,R25-S59,VIP,AVAILABLE,0
SEC_STD01_A_R25_S60,SEC_STD01_A,25,R25-S60,VIP,AVAILABLE,0
SEC_STD01_A_R26_S01,SEC_STD01_A,26,R26-S01,VIP,AVAILABLE,0
SEC_STD01_A_R26_S02,SEC_STD01_A,26,R26-S02,VIP,AVAILABLE,0
SEC_STD01_A_R26_S03,SEC_STD01_A,26,R26-S03,VIP,AVAILABLE,0
SEC_STD01_A_R26_S04,SEC_STD01_A,26,R26-S04,VIP,AVAILABLE,0
SEC_STD01_A_R26_S05,SEC_STD01_A,26,R26-S05,VIP,AVAILABLE,0
SEC_STD01_A_R26_S06,SEC_STD01_A,26,R26-S06,VIP,AVAILABLE,0
SEC_STD01_A_R26_S07,SEC_STD01_A,26,R26-S07,VIP,AVAILABLE,0
SEC_STD01_A_R26_S08,SEC_STD01_A,26,R26-S08,VIP,AVAILABLE,0
SEC_STD01_A_R26_S09,SEC_STD01_A,26,R26-S09,VIP,AVAILABLE,0
SEC_STD01_A_R26_S10,SEC_STD01_A,26,R26-S10,VIP,AVAILABLE,0
SEC_STD01_A_R26_S11,SEC_STD01_A,26,R26-S11,VIP,AVAILABLE,0
SEC_STD01_A_R26_S12,SEC_STD01_A,26,R26-S12,VIP,AVAILABLE,0
SEC_STD01_A_R26_S13,SEC_STD01_A,26,R26-S13,VIP,AVAILABLE,0
SEC_STD01_A_R26_S14,SEC_STD01_A,26,R26-S14,VIP,AVAILABLE,0
SEC_STD01_A_R26_S15,SEC_STD01_A,26,R26-S15,VIP,AVAILABLE,0
SEC_STD01_A_R26_S16,SEC_STD01_A,26,R26-S16,VIP,AVAILABLE,0
SEC_STD01_A_R26_S17,SEC_STD01_A,26,R26-S17,VIP,AVAILABLE,0
SEC_STD01_A_R26_S18,SEC_STD01_A,26,R26-S18,VIP,AVAILABLE,0
SEC_STD01_A_R26_S19,SEC_STD01_A,26,R26-S19,VIP,AVAILABLE,0
SEC_STD01_A_R26_S20,SEC_STD01_A,26,R26-S20,VIP,AVAILABLE,0
SEC_STD01_A_R26_S21,SEC_STD01_A,26,R26-S21,VIP,AVAILABLE,0
SEC_STD01_A_R26_S22,SEC_STD01_A,26,R26-S22,VIP,AVAILABLE,0
SEC_STD01_A_R26_S23,SEC_STD01_A,26,R26-S23,VIP,AVAILABLE,0
SEC_STD01_A_R26_S24,SEC_STD01_A,26,R26-S24,VIP,AVAILABLE,0
SEC_STD01_A_R26_S25,SEC_STD01_A,26,R26-S25,VIP,AVAILABLE,0
SEC_STD01_A_R26_S26,SEC_STD01_A,26,R26-S26,VIP,AVAILABLE,0
SEC_STD01_A_R26_S27,SEC_STD01_A,26,R26-S27,VIP,AVAILABLE,0
SEC_STD01_A_R26_S28,SEC_STD01_A,26,R26-S28,VIP,AVAILABLE,0
SEC_STD01_A_R26_S29,SEC_STD01_A,26,R26-S29,VIP,AVAILABLE,0
SEC_STD01_A_R26_S30,SEC_STD01_A,26,R26-S30,VIP,AVAILABLE,0
SEC_STD01_A_R26_S31,SEC_STD01_A,26,R26-S31,VIP,AVAILABLE,0
SEC_STD01_A_R26_S32,SEC_STD01_A,26,R26-S32,VIP,AVAILABLE,0
SEC_STD01_A_R26_S33,SEC_STD01_A,26,R26-S33,VIP,AVAILABLE,0
SEC_STD01_A_R26_S34,SEC_STD01_A,26,R26-S34,VIP,AVAILABLE,0
SEC_STD01_A_R26_S35,SEC_STD01_A,26,R26-S35,VIP,AVAILABLE,0
SEC_STD01_A_R26_S36,SEC_STD01_A,26,R26-S36,VIP,AVAILABLE,0
SEC_STD01_A_R26_S37,SEC_STD01_A,26,R26-S37,VIP,AVAILABLE,0
SEC_STD01_A_R26_S38,SEC_STD01_A,26,R26-S38,VIP,AVAILABLE,0
SEC_STD01_A_R26_S39,SEC_STD01_A,26,R26-S39,VIP,AVAILABLE,0
SEC_STD01_A_R26_S40,SEC_STD01_A,26,R26-S40,VIP,AVAILABLE,0
SEC_STD01_A_R26_S41,SEC_STD01_A,26,R26-S41,VIP,AVAILABLE,0
SEC_STD01_A_R26_S42,SEC_STD01_A,26,R26-S42,VIP,AVAILABLE,0
SEC_STD01_A_R26_S43,SEC_STD01_A,26,R26-S43,VIP,AVAILABLE,0
SEC_STD01_A_R26_S44,SEC_STD01_A,26,R26-S44,VIP,AVAILABLE,0
SEC_STD01_A_R26_S45,SEC_STD01_A,26,R26-S45,VIP,AVAILABLE,0
SEC_STD01_A_R26_S46,SEC_STD01_A,26,R26-S46,VIP,AVAILABLE,0
SEC_STD01_A_R26_S47,SEC_STD01_A,26,R26-S47,VIP,AVAILABLE,0
SEC_STD01_A_R26_S48,SEC_STD01_A,26,R26-S48,VIP,AVAILABLE,0
SEC_STD01_A_R26_S49,SEC_STD01_A,26,R26-S49,VIP,AVAILABLE,0
SEC_STD01_A_R26_S50,SEC_STD01_A,26,R26-S50,VIP,AVAILABLE,0
SEC_STD01_A_R26_S51,SEC_STD01_A,26,R26-S51,VIP,AVAILABLE,0
SEC_STD01_A_R26_S52,SEC_STD01_A,26,R26-S52,VIP,AVAILABLE,0
SEC_STD01_A_R26_S53,SEC_STD01_A,26,R26-S53,VIP,AVAILABLE,0
SEC_STD01_A_R26_S54,SEC_STD01_A,26,R26-S54,VIP,AVAILABLE,0
SEC_STD01_A_R26_S55,SEC_STD01_A,26,R26-S55,VIP,AVAILABLE,0
SEC_STD01_A_R26_S56,SEC_STD01_A,26,R26-S56,VIP,AVAILABLE,0
SEC_STD01_A_R26_S57,SEC_STD01_A,26,R26-S57,VIP,AVAILABLE,0
SEC_STD01_A_R26_S58,SEC_STD01_A,26,R26-S58,VIP,AVAILABLE,0
SEC_STD01_A_R26_S59,SEC_STD01_A,26,R26-S59,VIP,AVAILABLE,0
SEC_STD01_A_R26_S60,SEC_STD01_A,26,R26-S60,VIP,AVAILABLE,0
SEC_STD01_A_R27_S01,SEC_STD01_A,27,R27-S01,VIP,AVAILABLE,0
SEC_STD01_A_R27_S02,SEC_STD01_A,27,R27-S02,VIP,AVAILABLE,0
SEC_STD01_A_R27_S03,SEC_STD01_A,27,R27-S03,VIP,AVAILABLE,0
SEC_STD01_A_R27_S04,SEC_STD01_A,27,R27-S04,VIP,AVAILABLE,0
SEC_STD01_A_R27_S05,SEC_STD01_A,27,R27-S05,VIP,AVAILABLE,0
SEC_STD01_A_R27_S06,SEC_STD01_A,27,R27-S06,VIP,AVAILABLE,0
SEC_STD01_A_R27_S07,SEC_STD01_A,27,R27-S07,VIP,AVAILABLE,0
SEC_STD01_A_R27_S08,SEC_STD01_A,27,R27-S08,VIP,AVAILABLE,0
SEC_STD01_A_R27_S09,SEC_STD01_A,27,R27-S09,VIP,AVAILABLE,0
SEC_STD01_A_R27_S10,SEC_STD01_A,27,R27-S10,VIP,AVAILABLE,0
SEC_STD01_A_R27_S11,SEC_STD01_A,27,R27-S11,VIP,AVAILABLE,0
SEC_STD01_A_R27_S12,SEC_STD01_A,27,R27-S12,VIP,AVAILABLE,0
SEC_STD01_A_R27_S13,SEC_STD01_A,27,R27-S13,VIP,AVAILABLE,0
SEC_STD01_A_R27_S14,SEC_STD01_A,27,R27-S14,VIP,AVAILABLE,0
SEC_STD01_A_R27_S15,SEC_STD01_A,27,R27-S15,VIP,AVAILABLE,0
SEC_STD01_A_R27_S16,SEC_STD01_A,27,R27-S16,VIP,AVAILABLE,0
SEC_STD01_A_R27_S17,SEC_STD01_A,27,R27-S17,VIP,AVAILABLE,0
SEC_STD01_A_R27_S18,SEC_STD01_A,27,R27-S18,VIP,AVAILABLE,0
SEC_STD01_A_R27_S19,SEC_STD01_A,27,R27-S19,VIP,AVAILABLE,0
SEC_STD01_A_R27_S20,SEC_STD01_A,27,R27-S20,VIP,AVAILABLE,0
SEC_STD01_A_R27_S21,SEC_STD01_A,27,R27-S21,VIP,AVAILABLE,0
SEC_STD01_A_R27_S22,SEC_STD01_A,27,R27-S22,VIP,AVAILABLE,0
SEC_STD01_A_R27_S23,SEC_STD01_A,27,R27-S23,VIP,AVAILABLE,0
SEC_STD01_A_R27_S24,SEC_STD01_A,27,R27-S24,VIP,AVAILABLE,0
SEC_STD01_A_R27_S25,SEC_STD01_A,27,R27-S25,VIP,AVAILABLE,0
SEC_STD01_A_R27_S26,SEC_STD01_A,27,R27-S26,VIP,AVAILABLE,0
SEC_STD01_A_R27_S27,SEC_STD01_A,27,R27-S27,VIP,AVAILABLE,0
SEC_STD01_A_R27_S28,SEC_STD01_A,27,R27-S28,VIP,AVAILABLE,0
SEC_STD01_A_R27_S29,SEC_STD01_A,27,R27-S29,VIP,AVAILABLE,0
SEC_STD01_A_R27_S30,SEC_STD01_A,27,R27-S30,VIP,AVAILABLE,0
SEC_STD01_A_R27_S31,SEC_STD01_A,27,R27-S31,VIP,AVAILABLE,0
SEC_STD01_A_R27_S32,SEC_STD01_A,27,R27-S32,VIP,AVAILABLE,0
SEC_STD01_A_R27_S33,SEC_STD01_A,27,R27-S33,VIP,AVAILABLE,0
SEC_STD01_A_R27_S34,SEC_STD01_A,27,R27-S34,VIP,AVAILABLE,0
SEC_STD01_A_R27_S35,SEC_STD01_A,27,R27-S35,VIP,AVAILABLE,0
SEC_STD01_A_R27_S36,SEC_STD01_A,27,R27-S36,VIP,AVAILABLE,0
SEC_STD01_A_R27_S37,SEC_STD01_A,27,R27-S37,VIP,AVAILABLE,0
SEC_STD01_A_R27_S38,SEC_STD01_A,27,R27-S38,VIP,AVAILABLE,0
SEC_STD01_A_R27_S39,SEC_STD01_A,27,R27-S39,VIP,AVAILABLE,0
SEC_STD01_A_R27_S40,SEC_STD01_A,27,R27-S40,VIP,AVAILABLE,0
SEC_STD01_A_R27_S41,SEC_STD01_A,27,R27-S41,VIP,AVAILABLE,0
SEC_STD01_A_R27_S42,SEC_STD01_A,27,R27-S42,VIP,AVAILABLE,0
SEC_STD01_A_R27_S43,SEC_STD01_A,27,R27-S43,VIP,AVAILABLE,0
SEC_STD01_A_R27_S44,SEC_STD01_A,27,R27-S44,VIP,AVAILABLE,0
SEC_STD01_A_R27_S45,SEC_STD01_A,27,R27-S45,VIP,AVAILABLE,0
SEC_STD01_A_R27_S46,SEC_STD01_A,27,R27-S46,VIP,AVAILABLE,0
SEC_STD01_A_R27_S47,SEC_STD01_A,27,R27-S47,VIP,AVAILABLE,0
SEC_STD01_A_R27_S48,SEC_STD01_A,27,R27-S48,VIP,AVAILABLE,0
SEC_STD01_A_R27_S49,SEC_STD01_A,27,R27-S49,VIP,AVAILABLE,0
SEC_STD01_A_R27_S50,SEC_STD01_A,27,R27-S50,VIP,AVAILABLE,0
SEC_STD01_A_R27_S51,SEC_STD01_A,27,R27-S51,VIP,AVAILABLE,0
SEC_STD01_A_R27_S52,SEC_STD01_A,27,R27-S52,VIP,AVAILABLE,0
SEC_STD01_A_R27_S53,SEC_STD01_A,27,R27-S53,VIP,AVAILABLE,0
SEC_STD01_A_R27_S54,SEC_STD01_A,27,R27-S54,VIP,AVAILABLE,0
SEC_STD01_A_R27_S55,SEC_STD01_A,27,R27-S55,VIP,AVAILABLE,0
SEC_STD01_A_R27_S56,SEC_STD01_A,27,R27-S56,VIP,AVAILABLE,0
SEC_STD01_A_R27_S57,SEC_STD01_A,27,R27-S57,VIP,AVAILABLE,0
SEC_STD01_A_R27_S58,SEC_STD01_A,27,R27-S58,VIP,AVAILABLE,0
SEC_STD01_A_R27_S59,SEC_STD01_A,27,R27-S59,VIP,AVAILABLE,0
SEC_STD01_A_R27_S60,SEC_STD01_A,27,R27-S60,VIP,AVAILABLE,0
SEC_STD01_A_R28_S01,SEC_STD01_A,28,R28-S01,VIP,AVAILABLE,0
SEC_STD01_A_R28_S02,SEC_STD01_A,28,R28-S02,VIP,AVAILABLE,0
SEC_STD01_A_R28_S03,SEC_STD01_A,28,R28-S03,VIP,AVAILABLE,0
SEC_STD01_A_R28_S04,SEC_STD01_A,28,R28-S04,VIP,AVAILABLE,0
SEC_STD01_A_R28_S05,SEC_STD01_A,28,R28-S05,VIP,AVAILABLE,0
SEC_STD01_A_R28_S06,SEC_STD01_A,28,R28-S06,VIP,AVAILABLE,0
SEC_STD01_A_R28_S07,SEC_STD01_A,28,R28-S07,VIP,AVAILABLE,0
SEC_STD01_A_R28_S08,SEC_STD01_A,28,R28-S08,VIP,AVAILABLE,0
SEC_STD01_A_R28_S09,SEC_STD01_A,28,R28-S09,VIP,AVAILABLE,0
SEC_STD01_A_R28_S10,SEC_STD01_A,28,R28-S10,VIP,AVAILABLE,0
SEC_STD01_A_R28_S11,SEC_STD01_A,28,R28-S11,VIP,AVAILABLE,0
SEC_STD01_A_R28_S12,SEC_STD01_A,28,R28-S12,VIP,AVAILABLE,0
SEC_STD01_A_R28_S13,SEC_STD01_A,28,R28-S13,VIP,AVAILABLE,0
SEC_STD01_A_R28_S14,SEC_STD01_A,28,R28-S14,VIP,AVAILABLE,0
SEC_STD01_A_R28_S15,SEC_STD01_A,28,R28-S15,VIP,AVAILABLE,0
SEC_STD01_A_R28_S16,SEC_STD01_A,28,R28-S16,VIP,AVAILABLE,0
SEC_STD01_A_R28_S17,SEC_STD01_A,28,R28-S17,VIP,AVAILABLE,0
SEC_STD01_A_R28_S18,SEC_STD01_A,28,R28-S18,VIP,AVAILABLE,0
SEC_STD01_A_R28_S19,SEC_STD01_A,28,R28-S19,VIP,AVAILABLE,0
SEC_STD01_A_R28_S20,SEC_STD01_A,28,R28-S20,VIP,AVAILABLE,0
SEC_STD01_A_R28_S21,SEC_STD01_A,28,R28-S21,VIP,AVAILABLE,0
SEC_STD01_A_R28_S22,SEC_STD01_A,28,R28-S22,VIP,AVAILABLE,0
SEC_STD01_A_R28_S23,SEC_STD01_A,28,R28-S23,VIP,AVAILABLE,0
SEC_STD01_A_R28_S24,SEC_STD01_A,28,R28-S24,VIP,AVAILABLE,0
SEC_STD01_A_R28_S25,SEC_STD01_A,28,R28-S25,VIP,AVAILABLE,0
SEC_STD01_A_R28_S26,SEC_STD01_A,28,R28-S26,VIP,AVAILABLE,0
SEC_STD01_A_R28_S27,SEC_STD01_A,28,R28-S27,VIP,AVAILABLE,0
SEC_STD01_A_R28_S28,SEC_STD01_A,28,R28-S28,VIP,AVAILABLE,0
SEC_STD01_A_R28_S29,SEC_STD01_A,28,R28-S29,VIP,AVAILABLE,0
SEC_STD01_A_R28_S30,SEC_STD01_A,28,R28-S30,VIP,AVAILABLE,0
SEC_STD01_A_R28_S31,SEC_STD01_A,28,R28-S31,VIP,AVAILABLE,0
SEC_STD01_A_R28_S32,SEC_STD01_A,28,R28-S32,VIP,AVAILABLE,0
SEC_STD01_A_R28_S33,SEC_STD01_A,28,R28-S33,VIP,AVAILABLE,0
SEC_STD01_A_R28_S34,SEC_STD01_A,28,R28-S34,VIP,AVAILABLE,0
SEC_STD01_A_R28_S35,SEC_STD01_A,28,R28-S35,VIP,AVAILABLE,0
SEC_STD01_A_R28_S36,SEC_STD01_A,28,R28-S36,VIP,AVAILABLE,0
SEC_STD01_A_R28_S37,SEC_STD01_A,28,R28-S37,VIP,AVAILABLE,0
SEC_STD01_A_R28_S38,SEC_STD01_A,28,R28-S38,VIP,AVAILABLE,0
SEC_STD01_A_R28_S39,SEC_STD01_A,28,R28-S39,VIP,AVAILABLE,0
SEC_STD01_A_R28_S40,SEC_STD01_A,28,R28-S40,VIP,AVAILABLE,0
SEC_STD01_A_R28_S41,SEC_STD01_A,28,R28-S41,VIP,AVAILABLE,0
SEC_STD01_A_R28_S42,SEC_STD01_A,28,R28-S42,VIP,AVAILABLE,0
SEC_STD01_A_R28_S43,SEC_STD01_A,28,R28-S43,VIP,AVAILABLE,0
SEC_STD01_A_R28_S44,SEC_STD01_A,28,R28-S44,VIP,AVAILABLE,0
SEC_STD01_A_R28_S45,SEC_STD01_A,28,R28-S45,VIP,AVAILABLE,0
SEC_STD01_A_R28_S46,SEC_STD01_A,28,R28-S46,VIP,AVAILABLE,0
SEC_STD01_A_R28_S47,SEC_STD01_A,28,R28-S47,VIP,AVAILABLE,0
SEC_STD01_A_R28_S48,SEC_STD01_A,28,R28-S48,VIP,AVAILABLE,0
SEC_STD01_A_R28_S49,SEC_STD01_A,28,R28-S49,VIP,AVAILABLE,0
SEC_STD01_A_R28_S50,SEC_STD01_A,28,R28-S50,VIP,AVAILABLE,0
SEC_STD01_A_R28_S51,SEC_STD01_A,28,R28-S51,VIP,AVAILABLE,0
SEC_STD01_A_R28_S52,SEC_STD01_A,28,R28-S52,VIP,AVAILABLE,0
SEC_STD01_A_R28_S53,SEC_STD01_A,28,R28-S53,VIP,AVAILABLE,0
SEC_STD01_A_R28_S54,SEC_STD01_A,28,R28-S54,VIP,AVAILABLE,0
SEC_STD01_A_R28_S55,SEC_STD01_A,28,R28-S55,VIP,AVAILABLE,0
SEC_STD01_A_R28_S56,SEC_STD01_A,28,R28-S56,VIP,AVAILABLE,0
SEC_STD01_A_R28_S57,SEC_STD01_A,28,R28-S57,VIP,AVAILABLE,0
SEC_STD01_A_R28_S58,SEC_STD01_A,28,R28-S58,VIP,AVAILABLE,0
SEC_STD01_A_R28_S59,SEC_STD01_A,28,R28-S59,VIP,AVAILABLE,0
SEC_STD01_A_R28_S60,SEC_STD01_A,28,R28-S60,VIP,AVAILABLE,0
SEC_STD01_A_R29_S01,SEC_STD01_A,29,R29-S01,VIP,AVAILABLE,0
SEC_STD01_A_R29_S02,SEC_STD01_A,29,R29-S02,VIP,AVAILABLE,0
SEC_STD01_A_R29_S03,SEC_STD01_A,29,R29-S03,VIP,AVAILABLE,0
SEC_STD01_A_R29_S04,SEC_STD01_A,29,R29-S04,VIP,AVAILABLE,0
SEC_STD01_A_R29_S05,SEC_STD01_A,29,R29-S05,VIP,AVAILABLE,0
SEC_STD01_A_R29_S06,SEC_STD01_A,29,R29-S06,VIP,AVAILABLE,0
SEC_STD01_A_R29_S07,SEC_STD01_A,29,R29-S07,VIP,AVAILABLE,0
SEC_STD01_A_R29_S08,SEC_STD01_A,29,R29-S08,VIP,AVAILABLE,0
SEC_STD01_A_R29_S09,SEC_STD01_A,29,R29-S09,VIP,AVAILABLE,0
SEC_STD01_A_R29_S10,SEC_STD01_A,29,R29-S10,VIP,AVAILABLE,0
SEC_STD01_A_R29_S11,SEC_STD01_A,29,R29-S11,VIP,AVAILABLE,0
SEC_STD01_A_R29_S12,SEC_STD01_A,29,R29-S12,VIP,AVAILABLE,0
SEC_STD01_A_R29_S13,SEC_STD01_A,29,R29-S13,VIP,AVAILABLE,0
SEC_STD01_A_R29_S14,SEC_STD01_A,29,R29-S14,VIP,AVAILABLE,0
SEC_STD01_A_R29_S15,SEC_STD01_A,29,R29-S15,VIP,AVAILABLE,0
SEC_STD01_A_R29_S16,SEC_STD01_A,29,R29-S16,VIP,AVAILABLE,0
SEC_STD01_A_R29_S17,SEC_STD01_A,29,R29-S17,VIP,AVAILABLE,0
SEC_STD01_A_R29_S18,SEC_STD01_A,29,R29-S18,VIP,AVAILABLE,0
SEC_STD01_A_R29_S19,SEC_STD01_A,29,R29-S19,VIP,AVAILABLE,0
SEC_STD01_A_R29_S20,SEC_STD01_A,29,R29-S20,VIP,AVAILABLE,0
SEC_STD01_A_R29_S21,SEC_STD01_A,29,R29-S21,VIP,AVAILABLE,0
SEC_STD01_A_R29_S22,SEC_STD01_A,29,R29-S22,VIP,AVAILABLE,0
SEC_STD01_A_R29_S23,SEC_STD01_A,29,R29-S23,VIP,AVAILABLE,0
SEC_STD01_A_R29_S24,SEC_STD01_A,29,R29-S24,VIP,AVAILABLE,0
SEC_STD01_A_R29_S25,SEC_STD01_A,29,R29-S25,VIP,AVAILABLE,0
SEC_STD01_A_R29_S26,SEC_STD01_A,29,R29-S26,VIP,AVAILABLE,0
SEC_STD01_A_R29_S27,SEC_STD01_A,29,R29-S27,VIP,AVAILABLE,0
SEC_STD01_A_R29_S28,SEC_STD01_A,29,R29-S28,VIP,AVAILABLE,0
SEC_STD01_A_R29_S29,SEC_STD01_A,29,R29-S29,VIP,AVAILABLE,0
SEC_STD01_A_R29_S30,SEC_STD01_A,29,R29-S30,VIP,AVAILABLE,0
SEC_STD01_A_R29_S31,SEC_STD01_A,29,R29-S31,VIP,AVAILABLE,0
SEC_STD01_A_R29_S32,SEC_STD01_A,29,R29-S32,VIP,AVAILABLE,0
SEC_STD01_A_R29_S33,SEC_STD01_A,29,R29-S33,VIP,AVAILABLE,0
SEC_STD01_A_R29_S34,SEC_STD01_A,29,R29-S34,VIP,AVAILABLE,0
SEC_STD01_A_R29_S35,SEC_STD01_A,29,R29-S35,VIP,AVAILABLE,0
SEC_STD01_A_R29_S36,SEC_STD01_A,29,R29-S36,VIP,AVAILABLE,0
SEC_STD01_A_R29_S37,SEC_STD01_A,29,R29-S37,VIP,AVAILABLE,0
SEC_STD01_A_R29_S38,SEC_STD01_A,29,R29-S38,VIP,AVAILABLE,0
SEC_STD01_A_R29_S39,SEC_STD01_A,29,R29-S39,VIP,AVAILABLE,0
SEC_STD01_A_R29_S40,SEC_STD01_A,29,R29-S40,VIP,AVAILABLE,0
SEC_STD01_A_R29_S41,SEC_STD01_A,29,R29-S41,VIP,AVAILABLE,0
SEC_STD01_A_R29_S42,SEC_STD01_A,29,R29-S42,VIP,AVAILABLE,0
SEC_STD01_A_R29_S43,SEC_STD01_A,29,R29-S43,VIP,AVAILABLE,0
SEC_STD01_A_R29_S44,SEC_STD01_A,29,R29-S44,VIP,AVAILABLE,0
SEC_STD01_A_R29_S45,SEC_STD01_A,29,R29-S45,VIP,AVAILABLE,0
SEC_STD01_A_R29_S46,SEC_STD01_A,29,R29-S46,VIP,AVAILABLE,0
SEC_STD01_A_R29_S47,SEC_STD01_A,29,R29-S47,VIP,AVAILABLE,0
SEC_STD01_A_R29_S48,SEC_STD01_A,29,R29-S48,VIP,AVAILABLE,0
SEC_STD01_A_R29_S49,SEC_STD01_A,29,R29-S49,VIP,AVAILABLE,0
SEC_STD01_A_R29_S50,SEC_STD01_A,29,R29-S50,VIP,AVAILABLE,0
SEC_STD01_A_R29_S51,SEC_STD01_A,29,R29-S51,VIP,AVAILABLE,0
SEC_STD01_A_R29_S52,SEC_STD01_A,29,R29-S52,VIP,AVAILABLE,0
SEC_STD01_A_R29_S53,SEC_STD01_A,29,R29-S53,VIP,AVAILABLE,0
SEC_STD01_A_R29_S54,SEC_STD01_A,29,R29-S54,VIP,AVAILABLE,0
SEC_STD01_A_R29_S55,SEC_STD01_A,29,R29-S55,VIP,AVAILABLE,0
SEC_STD01_A_R29_S56,SEC_STD01_A,29,R29-S56,VIP,AVAILABLE,0
SEC_STD01_A_R29_S57,SEC_STD01_A,29,R29-S57,VIP,AVAILABLE,0
SEC_STD01_A_R29_S58,SEC_STD01_A,29,R29-S58,VIP,AVAILABLE,0
SEC_STD01_A_R29_S59,SEC_STD01_A,29,R29-S59,VIP,AVAILABLE,0
SEC_STD01_A_R29_S60,SEC_STD01_A,29,R29-S60,VIP,AVAILABLE,0
SEC_STD01_A_R30_S01,SEC_STD01_A,30,R30-S01,VIP,AVAILABLE,0
SEC_STD01_A_R30_S02,SEC_STD01_A,30,R30-S02,VIP,AVAILABLE,0
SEC_STD01_A_R30_S03,SEC_STD01_A,30,R30-S03,VIP,AVAILABLE,0
SEC_STD01_A_R30_S04,SEC_STD01_A,30,R30-S04,VIP,AVAILABLE,0
SEC_STD01_A_R30_S05,SEC_STD01_A,30,R30-S05,VIP,AVAILABLE,0
SEC_STD01_A_R30_S06,SEC_STD01_A,30,R30-S06,VIP,AVAILABLE,0
SEC_STD01_A_R30_S07,SEC_STD01_A,30,R30-S07,VIP,AVAILABLE,0
SEC_STD01_A_R30_S08,SEC_STD01_A,30,R30-S08,VIP,AVAILABLE,0
SEC_STD01_A_R30_S09,SEC_STD01_A,30,R30-S09,VIP,AVAILABLE,0
SEC_STD01_A_R30_S10,SEC_STD01_A,30,R30-S10,VIP,AVAILABLE,0
SEC_STD01_A_R30_S11,SEC_STD01_A,30,R30-S11,VIP,AVAILABLE,0
SEC_STD01_A_R30_S12,SEC_STD01_A,30,R30-S12,VIP,AVAILABLE,0
SEC_STD01_A_R30_S13,SEC_STD01_A,30,R30-S13,VIP,AVAILABLE,0
SEC_STD01_A_R30_S14,SEC_STD01_A,30,R30-S14,VIP,AVAILABLE,0
SEC_STD01_A_R30_S15,SEC_STD01_A,30,R30-S15,VIP,AVAILABLE,0
SEC_STD01_A_R30_S16,SEC_STD01_A,30,R30-S16,VIP,AVAILABLE,0
SEC_STD01_A_R30_S17,SEC_STD01_A,30,R30-S17,VIP,AVAILABLE,0
SEC_STD01_A_R30_S18,SEC_STD01_A,30,R30-S18,VIP,AVAILABLE,0
SEC_STD01_A_R30_S19,SEC_STD01_A,30,R30-S19,VIP,AVAILABLE,0
SEC_STD01_A_R30_S20,SEC_STD01_A,30,R30-S20,VIP,AVAILABLE,0
SEC_STD01_A_R30_S21,SEC_STD01_A,30,R30-S21,VIP,AVAILABLE,0
SEC_STD01_A_R30_S22,SEC_STD01_A,30,R30-S22,VIP,AVAILABLE,0
SEC_STD01_A_R30_S23,SEC_STD01_A,30,R30-S23,VIP,AVAILABLE,0
SEC_STD01_A_R30_S24,SEC_STD01_A,30,R30-S24,VIP,AVAILABLE,0
SEC_STD01_A_R30_S25,SEC_STD01_A,30,R30-S25,VIP,AVAILABLE,0
SEC_STD01_A_R30_S26,SEC_STD01_A,30,R30-S26,VIP,AVAILABLE,0
SEC_STD01_A_R30_S27,SEC_STD01_A,30,R30-S27,VIP,AVAILABLE,0
SEC_STD01_A_R30_S28,SEC_STD01_A,30,R30-S28,VIP,AVAILABLE,0
SEC_STD01_A_R30_S29,SEC_STD01_A,30,R30-S29,VIP,AVAILABLE,0
SEC_STD01_A_R30_S30,SEC_STD01_A,30,R30-S30,VIP,AVAILABLE,0
SEC_STD01_A_R30_S31,SEC_STD01_A,30,R30-S31,VIP,AVAILABLE,0
SEC_STD01_A_R30_S32,SEC_STD01_A,30,R30-S32,VIP,AVAILABLE,0
SEC_STD01_A_R30_S33,SEC_STD01_A,30,R30-S33,VIP,AVAILABLE,0
SEC_STD01_A_R30_S34,SEC_STD01_A,30,R30-S34,VIP,AVAILABLE,0
SEC_STD01_A_R30_S35,SEC_STD01_A,30,R30-S35,VIP,AVAILABLE,0
SEC_STD01_A_R30_S36,SEC_STD01_A,30,R30-S36,VIP,AVAILABLE,0
SEC_STD01_A_R30_S37,SEC_STD01_A,30,R30-S37,VIP,AVAILABLE,0
SEC_STD01_A_R30_S38,SEC_STD01_A,30,R30-S38,VIP,AVAILABLE,0
SEC_STD01_A_R30_S39,SEC_STD01_A,30,R30-S39,VIP,AVAILABLE,0
SEC_STD01_A_R30_S40,SEC_STD01_A,30,R30-S40,VIP,AVAILABLE,0
SEC_STD01_A_R30_S41,SEC_STD01_A,30,R30-S41,VIP,AVAILABLE,0
SEC_STD01_A_R30_S42,SEC_STD01_A,30,R30-S42,VIP,AVAILABLE,0
SEC_STD01_A_R30_S43,SEC_STD01_A,30,R30-S43,VIP,AVAILABLE,0
SEC_STD01_A_R30_S44,SEC_STD01_A,30,R30-S44,VIP,AVAILABLE,0
SEC_STD01_A_R30_S45,SEC_STD01_A,30,R30-S45,VIP,AVAILABLE,0
SEC_STD01_A_R30_S46,SEC_STD01_A,30,R30-S46,VIP,AVAILABLE,0
SEC_STD01_A_R30_S47,SEC_STD01_A,30,R30-S47,VIP,AVAILABLE,0
SEC_STD01_A_R30_S48,SEC_STD01_A,30,R30-S48,VIP,AVAILABLE,0
SEC_STD01_A_R30_S49,SEC_STD01_A,30,R30-S49,VIP,AVAILABLE,0
SEC_STD01_A_R30_S50,SEC_STD01_A,30,R30-S50,VIP,AVAILABLE,0
SEC_STD01_A_R30_S51,SEC_STD01_A,30,R30-S51,VIP,AVAILABLE,0
SEC_STD01_A_R30_S52,SEC_STD01_A,30,R30-S52,VIP,AVAILABLE,0
SEC_STD01_A_R30_S53,SEC_STD01_A,30,R30-S53,VIP,AVAILABLE,0
SEC_STD01_A_R30_S54,SEC_STD01_A,30,R30-S54,VIP,AVAILABLE,0
SEC_STD01_A_R30_S55,SEC_STD01_A,30,R30-S55,VIP,AVAILABLE,0
SEC_STD01_A_R30_S56,SEC_STD01_A,30,R30-S56,VIP,AVAILABLE,0
SEC_STD01_A_R30_S57,SEC_STD01_A,30,R30-S57,VIP,AVAILABLE,0
SEC_STD01_A_R30_S58,SEC_STD01_A,30,R30-S58,VIP,AVAILABLE,0
SEC_STD01_A_R30_S59,SEC_STD01_A,30,R30-S59,VIP,AVAILABLE,0
SEC_STD01_A_R30_S60,SEC_STD01_A,30,R30-S60,VIP,AVAILABLE,0
SEC_STD01_A_R31_S01,SEC_STD01_A,31,R31-S01,VIP,AVAILABLE,0
SEC_STD01_A_R31_S02,SEC_STD01_A,31,R31-S02,VIP,AVAILABLE,0
SEC_STD01_A_R31_S03,SEC_STD01_A,31,R31-S03,VIP,AVAILABLE,0
SEC_STD01_A_R31_S04,SEC_STD01_A,31,R31-S04,VIP,AVAILABLE,0
SEC_STD01_A_R31_S05,SEC_STD01_A,31,R31-S05,VIP,AVAILABLE,0
SEC_STD01_A_R31_S06,SEC_STD01_A,31,R31-S06,VIP,AVAILABLE,0
SEC_STD01_A_R31_S07,SEC_STD01_A,31,R31-S07,VIP,AVAILABLE,0
SEC_STD01_A_R31_S08,SEC_STD01_A,31,R31-S08,VIP,AVAILABLE,0
SEC_STD01_A_R31_S09,SEC_STD01_A,31,R31-S09,VIP,AVAILABLE,0
SEC_STD01_A_R31_S10,SEC_STD01_A,31,R31-S10,VIP,AVAILABLE,0
SEC_STD01_A_R31_S11,SEC_STD01_A,31,R31-S11,VIP,AVAILABLE,0
SEC_STD01_A_R31_S12,SEC_STD01_A,31,R31-S12,VIP,AVAILABLE,0
SEC_STD01_A_R31_S13,SEC_STD01_A,31,R31-S13,VIP,AVAILABLE,0
SEC_STD01_A_R31_S14,SEC_STD01_A,31,R31-S14,VIP,AVAILABLE,0
SEC_STD01_A_R31_S15,SEC_STD01_A,31,R31-S15,VIP,AVAILABLE,0
SEC_STD01_A_R31_S16,SEC_STD01_A,31,R31-S16,VIP,AVAILABLE,0
SEC_STD01_A_R31_S17,SEC_STD01_A,31,R31-S17,VIP,AVAILABLE,0
SEC_STD01_A_R31_S18,SEC_STD01_A,31,R31-S18,VIP,AVAILABLE,0
SEC_STD01_A_R31_S19,SEC_STD01_A,31,R31-S19,VIP,AVAILABLE,0
SEC_STD01_A_R31_S20,SEC_STD01_A,31,R31-S20,VIP,AVAILABLE,0
SEC_STD01_A_R31_S21,SEC_STD01_A,31,R31-S21,VIP,AVAILABLE,0
SEC_STD01_A_R31_S22,SEC_STD01_A,31,R31-S22,VIP,AVAILABLE,0
SEC_STD01_A_R31_S23,SEC_STD01_A,31,R31-S23,VIP,AVAILABLE,0
SEC_STD01_A_R31_S24,SEC_STD01_A,31,R31-S24,VIP,AVAILABLE,0
SEC_STD01_A_R31_S25,SEC_STD01_A,31,R31-S25,VIP,AVAILABLE,0
SEC_STD01_A_R31_S26,SEC_STD01_A,31,R31-S26,VIP,AVAILABLE,0
SEC_STD01_A_R31_S27,SEC_STD01_A,31,R31-S27,VIP,AVAILABLE,0
SEC_STD01_A_R31_S28,SEC_STD01_A,31,R31-S28,VIP,AVAILABLE,0
SEC_STD01_A_R31_S29,SEC_STD01_A,31,R31-S29,VIP,AVAILABLE,0
SEC_STD01_A_R31_S30,SEC_STD01_A,31,R31-S30,VIP,AVAILABLE,0
SEC_STD01_A_R31_S31,SEC_STD01_A,31,R31-S31,VIP,AVAILABLE,0
SEC_STD01_A_R31_S32,SEC_STD01_A,31,R31-S32,VIP,AVAILABLE,0
SEC_STD01_A_R31_S33,SEC_STD01_A,31,R31-S33,VIP,AVAILABLE,0
SEC_STD01_A_R31_S34,SEC_STD01_A,31,R31-S34,VIP,AVAILABLE,0
SEC_STD01_A_R31_S35,SEC_STD01_A,31,R31-S35,VIP,AVAILABLE,0
SEC_STD01_A_R31_S36,SEC_STD01_A,31,R31-S36,VIP,AVAILABLE,0
SEC_STD01_A_R31_S37,SEC_STD01_A,31,R31-S37,VIP,AVAILABLE,0
SEC_STD01_A_R31_S38,SEC_STD01_A,31,R31-S38,VIP,AVAILABLE,0
SEC_STD01_A_R31_S39,SEC_STD01_A,31,R31-S39,VIP,AVAILABLE,0
SEC_STD01_A_R31_S40,SEC_STD01_A,31,R31-S40,VIP,AVAILABLE,0
SEC_STD01_A_R31_S41,SEC_STD01_A,31,R31-S41,VIP,AVAILABLE,0
SEC_STD01_A_R31_S42,SEC_STD01_A,31,R31-S42,VIP,AVAILABLE,0
SEC_STD01_A_R31_S43,SEC_STD01_A,31,R31-S43,VIP,AVAILABLE,0
SEC_STD01_A_R31_S44,SEC_STD01_A,31,R31-S44,VIP,AVAILABLE,0
SEC_STD01_A_R31_S45,SEC_STD01_A,31,R31-S45,VIP,AVAILABLE,0
SEC_STD01_A_R31_S46,SEC_STD01_A,31,R31-S46,VIP,AVAILABLE,0
SEC_STD01_A_R31_S47,SEC_STD01_A,31,R31-S47,VIP,AVAILABLE,0
SEC_STD01_A_R31_S48,SEC_STD01_A,31,R31-S48,VIP,AVAILABLE,0
SEC_STD01_A_R31_S49,SEC_STD01_A,31,R31-S49,VIP,AVAILABLE,0
SEC_STD01_A_R31_S50,SEC_STD01_A,31,R31-S50,VIP,AVAILABLE,0
SEC_STD01_A_R31_S51,SEC_STD01_A,31,R31-S51,VIP,AVAILABLE,0
SEC_STD01_A_R31_S52,SEC_STD01_A,31,R31-S52,VIP,AVAILABLE,0
SEC_STD01_A_R31_S53,SEC_STD01_A,31,R31-S53,VIP,AVAILABLE,0
SEC_STD01_A_R31_S54,SEC_STD01_A,31,R31-S54,VIP,AVAILABLE,0
SEC_STD01_A_R31_S55,SEC_STD01_A,31,R31-S55,VIP,AVAILABLE,0
SEC_STD01_A_R31_S56,SEC_STD01_A,31,R31-S56,VIP,AVAILABLE,0
SEC_STD01_A_R31_S57,SEC_STD01_A,31,R31-S57,VIP,AVAILABLE,0
SEC_STD01_A_R31_S58,SEC_STD01_A,31,R31-S58,VIP,AVAILABLE,0
SEC_STD01_A_R31_S59,SEC_STD01_A,31,R31-S59,VIP,AVAILABLE,0
SEC_STD01_A_R31_S60,SEC_STD01_A,31,R31-S60,VIP,AVAILABLE,0
SEC_STD01_A_R32_S01,SEC_STD01_A,32,R32-S01,VIP,AVAILABLE,0
SEC_STD01_A_R32_S02,SEC_STD01_A,32,R32-S02,VIP,AVAILABLE,0
SEC_STD01_A_R32_S03,SEC_STD01_A,32,R32-S03,VIP,AVAILABLE,0
SEC_STD01_A_R32_S04,SEC_STD01_A,32,R32-S04,VIP,AVAILABLE,0
SEC_STD01_A_R32_S05,SEC_STD01_A,32,R32-S05,VIP,AVAILABLE,0
SEC_STD01_A_R32_S06,SEC_STD01_A,32,R32-S06,VIP,AVAILABLE,0
SEC_STD01_A_R32_S07,SEC_STD01_A,32,R32-S07,VIP,AVAILABLE,0
SEC_STD01_A_R32_S08,SEC_STD01_A,32,R32-S08,VIP,AVAILABLE,0
SEC_STD01_A_R32_S09,SEC_STD01_A,32,R32-S09,VIP,AVAILABLE,0
SEC_STD01_A_R32_S10,SEC_STD01_A,32,R32-S10,VIP,AVAILABLE,0
SEC_STD01_A_R32_S11,SEC_STD01_A,32,R32-S11,VIP,AVAILABLE,0
SEC_STD01_A_R32_S12,SEC_STD01_A,32,R32-S12,VIP,AVAILABLE,0
SEC_STD01_A_R32_S13,SEC_STD01_A,32,R32-S13,VIP,AVAILABLE,0
SEC_STD01_A_R32_S14,SEC_STD01_A,32,R32-S14,VIP,AVAILABLE,0
SEC_STD01_A_R32_S15,SEC_STD01_A,32,R32-S15,VIP,AVAILABLE,0
SEC_STD01_A_R32_S16,SEC_STD01_A,32,R32-S16,VIP,AVAILABLE,0
SEC_STD01_A_R32_S17,SEC_STD01_A,32,R32-S17,VIP,AVAILABLE,0
SEC_STD01_A_R32_S18,SEC_STD01_A,32,R32-S18,VIP,AVAILABLE,0
SEC_STD01_A_R32_S19,SEC_STD01_A,32,R32-S19,VIP,AVAILABLE,0
SEC_STD01_A_R32_S20,SEC_STD01_A,32,R32-S20,VIP,AVAILABLE,0
SEC_STD01_A_R32_S21,SEC_STD01_A,32,R32-S21,VIP,AVAILABLE,0
SEC_STD01_A_R32_S22,SEC_STD01_A,32,R32-S22,VIP,AVAILABLE,0
SEC_STD01_A_R32_S23,SEC_STD01_A,32,R32-S23,VIP,AVAILABLE,0
SEC_STD01_A_R32_S24,SEC_STD01_A,32,R32-S24,VIP,AVAILABLE,0
SEC_STD01_A_R32_S25,SEC_STD01_A,32,R32-S25,VIP,AVAILABLE,0
SEC_STD01_A_R32_S26,SEC_STD01_A,32,R32-S26,VIP,AVAILABLE,0
SEC_STD01_A_R32_S27,SEC_STD01_A,32,R32-S27,VIP,AVAILABLE,0
SEC_STD01_A_R32_S28,SEC_STD01_A,32,R32-S28,VIP,AVAILABLE,0
SEC_STD01_A_R32_S29,SEC_STD01_A,32,R32-S29,VIP,AVAILABLE,0
SEC_STD01_A_R32_S30,SEC_STD01_A,32,R32-S30,VIP,AVAILABLE,0
SEC_STD01_A_R32_S31,SEC_STD01_A,32,R32-S31,VIP,AVAILABLE,0
SEC_STD01_A_R32_S32,SEC_STD01_A,32,R32-S32,VIP,AVAILABLE,0
SEC_STD01_A_R32_S33,SEC_STD01_A,32,R32-S33,VIP,AVAILABLE,0
SEC_STD01_A_R32_S34,SEC_STD01_A,32,R32-S34,VIP,AVAILABLE,0
SEC_STD01_A_R32_S35,SEC_STD01_A,32,R32-S35,VIP,AVAILABLE,0
SEC_STD01_A_R32_S36,SEC_STD01_A,32,R32-S36,VIP,AVAILABLE,0
SEC_STD01_A_R32_S37,SEC_STD01_A,32,R32-S37,VIP,AVAILABLE,0
SEC_STD01_A_R32_S38,SEC_STD01_A,32,R32-S38,VIP,AVAILABLE,0
SEC_STD01_A_R32_S39,SEC_STD01_A,32,R32-S39,VIP,AVAILABLE,0
SEC_STD01_A_R32_S40,SEC_STD01_A,32,R32-S40,VIP,AVAILABLE,0
SEC_STD01_A_R32_S41,SEC_STD01_A,32,R32-S41,VIP,AVAILABLE,0
SEC_STD01_A_R32_S42,SEC_STD01_A,32,R32-S42,VIP,AVAILABLE,0
SEC_STD01_A_R32_S43,SEC_STD01_A,32,R32-S43,VIP,AVAILABLE,0
SEC_STD01_A_R32_S44,SEC_STD01_A,32,R32-S44,VIP,AVAILABLE,0
SEC_STD01_A_R32_S45,SEC_STD01_A,32,R32-S45,VIP,AVAILABLE,0
SEC_STD01_A_R32_S46,SEC_STD01_A,32,R32-S46,VIP,AVAILABLE,0
SEC_STD01_A_R32_S47,SEC_STD01_A,32,R32-S47,VIP,AVAILABLE,0
SEC_STD01_A_R32_S48,SEC_STD01_A,32,R32-S48,VIP,AVAILABLE,0
SEC_STD01_A_R32_S49,SEC_STD01_A,32,R32-S49,VIP,AVAILABLE,0
SEC_STD01_A_R32_S50,SEC_STD01_A,32,R32-S50,VIP,AVAILABLE,0
SEC_STD01_A_R32_S51,SEC_STD01_A,32,R32-S51,VIP,AVAILABLE,0
SEC_STD01_A_R32_S52,SEC_STD01_A,32,R32-S52,VIP,AVAILABLE,0
SEC_STD01_A_R32_S53,SEC_STD01_A,32,R32-S53,VIP,AVAILABLE,0
SEC_STD01_A_R32_S54,SEC_STD01_A,32,R32-S54,VIP,AVAILABLE,0
SEC_STD01_A_R32_S55,SEC_STD01_A,32,R32-S55,VIP,AVAILABLE,0
SEC_STD01_A_R32_S56,SEC_STD01_A,32,R32-S56,VIP,AVAILABLE,0
SEC_STD01_A_R32_S57,SEC_STD01_A,32,R32-S57,VIP,AVAILABLE,0
SEC_STD01_A_R32_S58,SEC_STD01_A,32,R32-S58,VIP,AVAILABLE,0
SEC_STD01_A_R32_S59,SEC_STD01_A,32,R32-S59,VIP,AVAILABLE,0
SEC_STD01_A_R32_S60,SEC_STD01_A,32,R32-S60,VIP,AVAILABLE,0
SEC_STD01_A_R33_S01,SEC_STD01_A,33,R33-S01,VIP,AVAILABLE,0
SEC_STD01_A_R33_S02,SEC_STD01_A,33,R33-S02,VIP,AVAILABLE,0
SEC_STD01_A_R33_S03,SEC_STD01_A,33,R33-S03,VIP,AVAILABLE,0
SEC_STD01_A_R33_S04,SEC_STD01_A,33,R33-S04,VIP,AVAILABLE,0
SEC_STD01_A_R33_S05,SEC_STD01_A,33,R33-S05,VIP,AVAILABLE,0
SEC_STD01_A_R33_S06,SEC_STD01_A,33,R33-S06,VIP,AVAILABLE,0
SEC_STD01_A_R33_S07,SEC_STD01_A,33,R33-S07,VIP,AVAILABLE,0
SEC_STD01_A_R33_S08,SEC_STD01_A,33,R33-S08,VIP,AVAILABLE,0
SEC_STD01_A_R33_S09,SEC_STD01_A,33,R33-S09,VIP,AVAILABLE,0
SEC_STD01_A_R33_S10,SEC_STD01_A,33,R33-S10,VIP,AVAILABLE,0
SEC_STD01_A_R33_S11,SEC_STD01_A,33,R33-S11,VIP,AVAILABLE,0
SEC_STD01_A_R33_S12,SEC_STD01_A,33,R33-S12,VIP,AVAILABLE,0
SEC_STD01_A_R33_S13,SEC_STD01_A,33,R33-S13,VIP,AVAILABLE,0
SEC_STD01_A_R33_S14,SEC_STD01_A,33,R33-S14,VIP,AVAILABLE,0
SEC_STD01_A_R33_S15,SEC_STD01_A,33,R33-S15,VIP,AVAILABLE,0
SEC_STD01_A_R33_S16,SEC_STD01_A,33,R33-S16,VIP,AVAILABLE,0
SEC_STD01_A_R33_S17,SEC_STD01_A,33,R33-S17,VIP,AVAILABLE,0
SEC_STD01_A_R33_S18,SEC_STD01_A,33,R33-S18,VIP,AVAILABLE,0
SEC_STD01_A_R33_S19,SEC_STD01_A,33,R33-S19,VIP,AVAILABLE,0
SEC_STD01_A_R33_S20,SEC_STD01_A,33,R33-S20,VIP,AVAILABLE,0
SEC_STD01_A_R33_S21,SEC_STD01_A,33,R33-S21,VIP,AVAILABLE,0
SEC_STD01_A_R33_S22,SEC_STD01_A,33,R33-S22,VIP,AVAILABLE,0
SEC_STD01_A_R33_S23,SEC_STD01_A,33,R33-S23,VIP,AVAILABLE,0
SEC_STD01_A_R33_S24,SEC_STD01_A,33,R33-S24,VIP,AVAILABLE,0
SEC_STD01_A_R33_S25,SEC_STD01_A,33,R33-S25,VIP,AVAILABLE,0
SEC_STD01_A_R33_S26,SEC_STD01_A,33,R33-S26,VIP,AVAILABLE,0
SEC_STD01_A_R33_S27,SEC_STD01_A,33,R33-S27,VIP,AVAILABLE,0
SEC_STD01_A_R33_S28,SEC_STD01_A,33,R33-S28,VIP,AVAILABLE,0
SEC_STD01_A_R33_S29,SEC_STD01_A,33,R33-S29,VIP,AVAILABLE,0
SEC_STD01_A_R33_S30,SEC_STD01_A,33,R33-S30,VIP,AVAILABLE,0
SEC_STD01_A_R33_S31,SEC_STD01_A,33,R33-S31,VIP,AVAILABLE,0
SEC_STD01_A_R33_S32,SEC_STD01_A,33,R33-S32,VIP,AVAILABLE,0
SEC_STD01_A_R33_S33,SEC_STD01_A,33,R33-S33,VIP,AVAILABLE,0
SEC_STD01_A_R33_S34,SEC_STD01_A,33,R33-S34,VIP,AVAILABLE,0
SEC_STD01_A_R33_S35,SEC_STD01_A,33,R33-S35,VIP,AVAILABLE,0
SEC_STD01_A_R33_S36,SEC_STD01_A,33,R33-S36,VIP,AVAILABLE,0
SEC_STD01_A_R33_S37,SEC_STD01_A,33,R33-S37,VIP,AVAILABLE,0
SEC_STD01_A_R33_S38,SEC_STD01_A,33,R33-S38,VIP,AVAILABLE,0
SEC_STD01_A_R33_S39,SEC_STD01_A,33,R33-S39,VIP,AVAILABLE,0
SEC_STD01_A_R33_S40,SEC_STD01_A,33,R33-S40,VIP,AVAILABLE,0
SEC_STD01_A_R33_S41,SEC_STD01_A,33,R33-S41,VIP,AVAILABLE,0
SEC_STD01_A_R33_S42,SEC_STD01_A,33,R33-S42,VIP,AVAILABLE,0
SEC_STD01_A_R33_S43,SEC_STD01_A,33,R33-S43,VIP,AVAILABLE,0
SEC_STD01_A_R33_S44,SEC_STD01_A,33,R33-S44,VIP,AVAILABLE,0
SEC_STD01_A_R33_S45,SEC_STD01_A,33,R33-S45,VIP,AVAILABLE,0
SEC_STD01_A_R33_S46,SEC_STD01_A,33,R33-S46,VIP,AVAILABLE,0
SEC_STD01_A_R33_S47,SEC_STD01_A,33,R33-S47,VIP,AVAILABLE,0
SEC_STD01_A_R33_S48,SEC_STD01_A,33,R33-S48,VIP,AVAILABLE,0
SEC_STD01_A_R33_S49,SEC_STD01_A,33,R33-S49,VIP,AVAILABLE,0
SEC_STD01_A_R33_S50,SEC_STD01_A,33,R33-S50,VIP,AVAILABLE,0
SEC_STD01_A_R33_S51,SEC_STD01_A,33,R33-S51,VIP,AVAILABLE,0
SEC_STD01_A_R33_S52,SEC_STD01_A,33,R33-S52,VIP,AVAILABLE,0
SEC_STD01_A_R33_S53,SEC_STD01_A,33,R33-S53,VIP,AVAILABLE,0
SEC_STD01_A_R33_S54,SEC_STD01_A,33,R33-S54,VIP,AVAILABLE,0
SEC_STD01_A_R33_S55,SEC_STD01_A,33,R33-S55,VIP,AVAILABLE,0
SEC_STD01_A_R33_S56,SEC_STD01_A,33,R33-S56,VIP,AVAILABLE,0
SEC_STD01_A_R33_S57,SEC_STD01_A,33,R33-S57,VIP,AVAILABLE,0
SEC_STD01_A_R33_S58,SEC_STD01_A,33,R33-S58,VIP,AVAILABLE,0
SEC_STD01_A_R33_S59,SEC_STD01_A,33,R33-S59,VIP,AVAILABLE,0
SEC_STD01_A_R33_S60,SEC_STD01_A,33,R33-S60,VIP,AVAILABLE,0
SEC_STD01_A_R34_S01,SEC_STD01_A,34,R34-S01,VIP,AVAILABLE,0
SEC_STD01_A_R34_S02,SEC_STD01_A,34,R34-S02,VIP,AVAILABLE,0
SEC_STD01_A_R34_S03,SEC_STD01_A,34,R34-S03,VIP,AVAILABLE,0
SEC_STD01_A_R34_S04,SEC_STD01_A,34,R34-S04,VIP,AVAILABLE,0
SEC_STD01_A_R34_S05,SEC_STD01_A,34,R34-S05,VIP,AVAILABLE,0
SEC_STD01_A_R34_S06,SEC_STD01_A,34,R34-S06,VIP,AVAILABLE,0
SEC_STD01_A_R34_S07,SEC_STD01_A,34,R34-S07,VIP,AVAILABLE,0
SEC_STD01_A_R34_S08,SEC_STD01_A,34,R34-S08,VIP,AVAILABLE,0
SEC_STD01_A_R34_S09,SEC_STD01_A,34,R34-S09,VIP,AVAILABLE,0
SEC_STD01_A_R34_S10,SEC_STD01_A,34,R34-S10,VIP,AVAILABLE,0
SEC_STD01_A_R34_S11,SEC_STD01_A,34,R34-S11,VIP,AVAILABLE,0
SEC_STD01_A_R34_S12,SEC_STD01_A,34,R34-S12,VIP,AVAILABLE,0
SEC_STD01_A_R34_S13,SEC_STD01_A,34,R34-S13,VIP,AVAILABLE,0
SEC_STD01_A_R34_S14,SEC_STD01_A,34,R34-S14,VIP,AVAILABLE,0
SEC_STD01_A_R34_S15,SEC_STD01_A,34,R34-S15,VIP,AVAILABLE,0
SEC_STD01_A_R34_S16,SEC_STD01_A,34,R34-S16,VIP,AVAILABLE,0
SEC_STD01_A_R34_S17,SEC_STD01_A,34,R34-S17,VIP,AVAILABLE,0
SEC_STD01_A_R34_S18,SEC_STD01_A,34,R34-S18,VIP,AVAILABLE,0
SEC_STD01_A_R34_S19,SEC_STD01_A,34,R34-S19,VIP,AVAILABLE,0
SEC_STD01_A_R34_S20,SEC_STD01_A,34,R34-S20,VIP,AVAILABLE,0
SEC_STD01_A_R34_S21,SEC_STD01_A,34,R34-S21,VIP,AVAILABLE,0
SEC_STD01_A_R34_S22,SEC_STD01_A,34,R34-S22,VIP,AVAILABLE,0
SEC_STD01_A_R34_S23,SEC_STD01_A,34,R34-S23,VIP,AVAILABLE,0
SEC_STD01_A_R34_S24,SEC_STD01_A,34,R34-S24,VIP,AVAILABLE,0
SEC_STD01_A_R34_S25,SEC_STD01_A,34,R34-S25,VIP,AVAILABLE,0
SEC_STD01_A_R34_S26,SEC_STD01_A,34,R34-S26,VIP,AVAILABLE,0
SEC_STD01_A_R34_S27,SEC_STD01_A,34,R34-S27,VIP,AVAILABLE,0
SEC_STD01_A_R34_S28,SEC_STD01_A,34,R34-S28,VIP,AVAILABLE,0
SEC_STD01_A_R34_S29,SEC_STD01_A,34,R34-S29,VIP,AVAILABLE,0
SEC_STD01_A_R34_S30,SEC_STD01_A,34,R34-S30,VIP,AVAILABLE,0
SEC_STD01_A_R34_S31,SEC_STD01_A,34,R34-S31,VIP,AVAILABLE,0
SEC_STD01_A_R34_S32,SEC_STD01_A,34,R34-S32,VIP,AVAILABLE,0
SEC_STD01_A_R34_S33,SEC_STD01_A,34,R34-S33,VIP,AVAILABLE,0
SEC_STD01_A_R34_S34,SEC_STD01_A,34,R34-S34,VIP,AVAILABLE,0
SEC_STD01_A_R34_S35,SEC_STD01_A,34,R34-S35,VIP,AVAILABLE,0
SEC_STD01_A_R34_S36,SEC_STD01_A,34,R34-S36,VIP,AVAILABLE,0
SEC_STD01_A_R34_S37,SEC_STD01_A,34,R34-S37,VIP,AVAILABLE,0
SEC_STD01_A_R34_S38,SEC_STD01_A,34,R34-S38,VIP,AVAILABLE,0
SEC_STD01_A_R34_S39,SEC_STD01_A,34,R34-S39,VIP,AVAILABLE,0
SEC_STD01_A_R34_S40,SEC_STD01_A,34,R34-S40,VIP,AVAILABLE,0
SEC_STD01_A_R34_S41,SEC_STD01_A,34,R34-S41,VIP,AVAILABLE,0
SEC_STD01_A_R34_S42,SEC_STD01_A,34,R34-S42,VIP,AVAILABLE,0
SEC_STD01_A_R34_S43,SEC_STD01_A,34,R34-S43,VIP,AVAILABLE,0
SEC_STD01_A_R34_S44,SEC_STD01_A,34,R34-S44,VIP,AVAILABLE,0
SEC_STD01_A_R34_S45,SEC_STD01_A,34,R34-S45,VIP,AVAILABLE,0
SEC_STD01_A_R34_S46,SEC_STD01_A,34,R34-S46,VIP,AVAILABLE,0
SEC_STD01_A_R34_S47,SEC_STD01_A,34,R34-S47,VIP,AVAILABLE,0
SEC_STD01_A_R34_S48,SEC_STD01_A,34,R34-S48,VIP,AVAILABLE,0
SEC_STD01_A_R34_S49,SEC_STD01_A,34,R34-S49,VIP,AVAILABLE,0
SEC_STD01_A_R34_S50,SEC_STD01_A,34,R34-S50,VIP,AVAILABLE,0
SEC_STD01_A_R34_S51,SEC_STD01_A,34,R34-S51,VIP,AVAILABLE,0
SEC_STD01_A_R34_S52,SEC_STD01_A,34,R34-S52,VIP,AVAILABLE,0
SEC_STD01_A_R34_S53,SEC_STD01_A,34,R34-S53,VIP,AVAILABLE,0
SEC_STD01_A_R34_S54,SEC_STD01_A,34,R34-S54,VIP,AVAILABLE,0
SEC_STD01_A_R34_S55,SEC_STD01_A,34,R34-S55,VIP,AVAILABLE,0
SEC_STD01_A_R34_S56,SEC_STD01_A,34,R34-S56,VIP,AVAILABLE,0
SEC_STD01_A_R34_S57,SEC_STD01_A,34,R34-S57,VIP,AVAILABLE,0
SEC_STD01_A_R34_S58,SEC_STD01_A,34,R34-S58,VIP,AVAILABLE,0
SEC_STD01_A_R34_S59,SEC_STD01_A,34,R34-S59,VIP,AVAILABLE,0
SEC_STD01_A_R34_S60,SEC_STD01_A,34,R34-S60,VIP,AVAILABLE,0
SEC_STD01_A_R35_S01,SEC_STD01_A,35,R35-S01,VIP,AVAILABLE,0
SEC_STD01_A_R35_S02,SEC_STD01_A,35,R35-S02,VIP,AVAILABLE,0
SEC_STD01_A_R35_S03,SEC_STD01_A,35,R35-S03,VIP,AVAILABLE,0
SEC_STD01_A_R35_S04,SEC_STD01_A,35,R35-S04,VIP,AVAILABLE,0
SEC_STD01_A_R35_S05,SEC_STD01_A,35,R35-S05,VIP,AVAILABLE,0
SEC_STD01_A_R35_S06,SEC_STD01_A,35,R35-S06,VIP,AVAILABLE,0
SEC_STD01_A_R35_S07,SEC_STD01_A,35,R35-S07,VIP,AVAILABLE,0
SEC_STD01_A_R35_S08,SEC_STD01_A,35,R35-S08,VIP,AVAILABLE,0
SEC_STD01_A_R35_S09,SEC_STD01_A,35,R35-S09,VIP,AVAILABLE,0
SEC_STD01_A_R35_S10,SEC_STD01_A,35,R35-S10,VIP,AVAILABLE,0
SEC_STD01_A_R35_S11,SEC_STD01_A,35,R35-S11,VIP,AVAILABLE,0
SEC_STD01_A_R35_S12,SEC_STD01_A,35,R35-S12,VIP,AVAILABLE,0
SEC_STD01_A_R35_S13,SEC_STD01_A,35,R35-S13,VIP,AVAILABLE,0
SEC_STD01_A_R35_S14,SEC_STD01_A,35,R35-S14,VIP,AVAILABLE,0
SEC_STD01_A_R35_S15,SEC_STD01_A,35,R35-S15,VIP,AVAILABLE,0
SEC_STD01_A_R35_S16,SEC_STD01_A,35,R35-S16,VIP,AVAILABLE,0
SEC_STD01_A_R35_S17,SEC_STD01_A,35,R35-S17,VIP,AVAILABLE,0
SEC_STD01_A_R35_S18,SEC_STD01_A,35,R35-S18,VIP,AVAILABLE,0
SEC_STD01_A_R35_S19,SEC_STD01_A,35,R35-S19,VIP,AVAILABLE,0
SEC_STD01_A_R35_S20,SEC_STD01_A,35,R35-S20,VIP,AVAILABLE,0
SEC_STD01_A_R35_S21,SEC_STD01_A,35,R35-S21,VIP,AVAILABLE,0
SEC_STD01_A_R35_S22,SEC_STD01_A,35,R35-S22,VIP,AVAILABLE,0
SEC_STD01_A_R35_S23,SEC_STD01_A,35,R35-S23,VIP,AVAILABLE,0
SEC_STD01_A_R35_S24,SEC_STD01_A,35,R35-S24,VIP,AVAILABLE,0
SEC_STD01_A_R35_S25,SEC_STD01_A,35,R35-S25,VIP,AVAILABLE,0
SEC_STD01_A_R35_S26,SEC_STD01_A,35,R35-S26,VIP,AVAILABLE,0
SEC_STD01_A_R35_S27,SEC_STD01_A,35,R35-S27,VIP,AVAILABLE,0
SEC_STD01_A_R35_S28,SEC_STD01_A,35,R35-S28,VIP,AVAILABLE,0
SEC_STD01_A_R35_S29,SEC_STD01_A,35,R35-S29,VIP,AVAILABLE,0
SEC_STD01_A_R35_S30,SEC_STD01_A,35,R35-S30,VIP,AVAILABLE,0
SEC_STD01_A_R35_S31,SEC_STD01_A,35,R35-S31,VIP,AVAILABLE,0
SEC_STD01_A_R35_S32,SEC_STD01_A,35,R35-S32,VIP,AVAILABLE,0
SEC_STD01_A_R35_S33,SEC_STD01_A,35,R35-S33,VIP,AVAILABLE,0
SEC_STD01_A_R35_S34,SEC_STD01_A,35,R35-S34,VIP,AVAILABLE,0
SEC_STD01_A_R35_S35,SEC_STD01_A,35,R35-S35,VIP,AVAILABLE,0
SEC_STD01_A_R35_S36,SEC_STD01_A,35,R35-S36,VIP,AVAILABLE,0
SEC_STD01_A_R35_S37,SEC_STD01_A,35,R35-S37,VIP,AVAILABLE,0
SEC_STD01_A_R35_S38,SEC_STD01_A,35,R35-S38,VIP,AVAILABLE,0
SEC_STD01_A_R35_S39,SEC_STD01_A,35,R35-S39,VIP,AVAILABLE,0
SEC_STD01_A_R35_S40,SEC_STD01_A,35,R35-S40,VIP,AVAILABLE,0
SEC_STD01_A_R35_S41,SEC_STD01_A,35,R35-S41,VIP,AVAILABLE,0
SEC_STD01_A_R35_S42,SEC_STD01_A,35,R35-S42,VIP,AVAILABLE,0
SEC_STD01_A_R35_S43,SEC_STD01_A,35,R35-S43,VIP,AVAILABLE,0
SEC_STD01_A_R35_S44,SEC_STD01_A,35,R35-S44,VIP,AVAILABLE,0
SEC_STD01_A_R35_S45,SEC_STD01_A,35,R35-S45,VIP,AVAILABLE,0
SEC_STD01_A_R35_S46,SEC_STD01_A,35,R35-S46,VIP,AVAILABLE,0
SEC_STD01_A_R35_S47,SEC_STD01_A,35,R35-S47,VIP,AVAILABLE,0
SEC_STD01_A_R35_S48,SEC_STD01_A,35,R35-S48,VIP,AVAILABLE,0
SEC_STD01_A_R35_S49,SEC_STD01_A,35,R35-S49,VIP,AVAILABLE,0
SEC_STD01_A_R35_S50,SEC_STD01_A,35,R35-S50,VIP,AVAILABLE,0
SEC_STD01_A_R35_S51,SEC_STD01_A,35,R35-S51,VIP,AVAILABLE,0
SEC_STD01_A_R35_S52,SEC_STD01_A,35,R35-S52,VIP,AVAILABLE,0
SEC_STD01_A_R35_S53,SEC_STD01_A,35,R35-S53,VIP,AVAILABLE,0
SEC_STD01_A_R35_S54,SEC_STD01_A,35,R35-S54,VIP,AVAILABLE,0
SEC_STD01_A_R35_S55,SEC_STD01_A,35,R35-S55,VIP,AVAILABLE,0
SEC_STD01_A_R35_S56,SEC_STD01_A,35,R35-S56,VIP,AVAILABLE,0
SEC_STD01_A_R35_S57,SEC_STD01_A,35,R35-S57,VIP,AVAILABLE,0
SEC_STD01_A_R35_S58,SEC_STD01_A,35,R35-S58,VIP,AVAILABLE,0
SEC_STD01_A_R35_S59,SEC_STD01_A,35,R35-S59,VIP,AVAILABLE,0
SEC_STD01_A_R35_S60,SEC_STD01_A,35,R35-S60,VIP,AVAILABLE,0
SEC_STD01_A_R36_S01,SEC_STD01_A,36,R36-S01,VIP,AVAILABLE,0
SEC_STD01_A_R36_S02,SEC_STD01_A,36,R36-S02,VIP,AVAILABLE,0
SEC_STD01_A_R36_S03,SEC_STD01_A,36,R36-S03,VIP,AVAILABLE,0
SEC_STD01_A_R36_S04,SEC_STD01_A,36,R36-S04,VIP,AVAILABLE,0
SEC_STD01_A_R36_S05,SEC_STD01_A,36,R36-S05,VIP,AVAILABLE,0
SEC_STD01_A_R36_S06,SEC_STD01_A,36,R36-S06,VIP,AVAILABLE,0
SEC_STD01_A_R36_S07,SEC_STD01_A,36,R36-S07,VIP,AVAILABLE,0
SEC_STD01_A_R36_S08,SEC_STD01_A,36,R36-S08,VIP,AVAILABLE,0
SEC_STD01_A_R36_S09,SEC_STD01_A,36,R36-S09,VIP,AVAILABLE,0
SEC_STD01_A_R36_S10,SEC_STD01_A,36,R36-S10,VIP,AVAILABLE,0
SEC_STD01_A_R36_S11,SEC_STD01_A,36,R36-S11,VIP,AVAILABLE,0
SEC_STD01_A_R36_S12,SEC_STD01_A,36,R36-S12,VIP,AVAILABLE,0
SEC_STD01_A_R36_S13,SEC_STD01_A,36,R36-S13,VIP,AVAILABLE,0
SEC_STD01_A_R36_S14,SEC_STD01_A,36,R36-S14,VIP,AVAILABLE,0
SEC_STD01_A_R36_S15,SEC_STD01_A,36,R36-S15,VIP,AVAILABLE,0
SEC_STD01_A_R36_S16,SEC_STD01_A,36,R36-S16,VIP,AVAILABLE,0
SEC_STD01_A_R36_S17,SEC_STD01_A,36,R36-S17,VIP,AVAILABLE,0
SEC_STD01_A_R36_S18,SEC_STD01_A,36,R36-S18,VIP,AVAILABLE,0
SEC_STD01_A_R36_S19,SEC_STD01_A,36,R36-S19,VIP,AVAILABLE,0
SEC_STD01_A_R36_S20,SEC_STD01_A,36,R36-S20,VIP,AVAILABLE,0
SEC_STD01_A_R36_S21,SEC_STD01_A,36,R36-S21,VIP,AVAILABLE,0
SEC_STD01_A_R36_S22,SEC_STD01_A,36,R36-S22,VIP,AVAILABLE,0
SEC_STD01_A_R36_S23,SEC_STD01_A,36,R36-S23,VIP,AVAILABLE,0
SEC_STD01_A_R36_S24,SEC_STD01_A,36,R36-S24,VIP,AVAILABLE,0
SEC_STD01_A_R36_S25,SEC_STD01_A,36,R36-S25,VIP,AVAILABLE,0
SEC_STD01_A_R36_S26,SEC_STD01_A,36,R36-S26,VIP,AVAILABLE,0
SEC_STD01_A_R36_S27,SEC_STD01_A,36,R36-S27,VIP,AVAILABLE,0
SEC_STD01_A_R36_S28,SEC_STD01_A,36,R36-S28,VIP,AVAILABLE,0
SEC_STD01_A_R36_S29,SEC_STD01_A,36,R36-S29,VIP,AVAILABLE,0
SEC_STD01_A_R36_S30,SEC_STD01_A,36,R36-S30,VIP,AVAILABLE,0
SEC_STD01_A_R36_S31,SEC_STD01_A,36,R36-S31,VIP,AVAILABLE,0
SEC_STD01_A_R36_S32,SEC_STD01_A,36,R36-S32,VIP,AVAILABLE,0
SEC_STD01_A_R36_S33,SEC_STD01_A,36,R36-S33,VIP,AVAILABLE,0
SEC_STD01_A_R36_S34,SEC_STD01_A,36,R36-S34,VIP,AVAILABLE,0
SEC_STD01_A_R36_S35,SEC_STD01_A,36,R36-S35,VIP,AVAILABLE,0
SEC_STD01_A_R36_S36,SEC_STD01_A,36,R36-S36,VIP,AVAILABLE,0
SEC_STD01_A_R36_S37,SEC_STD01_A,36,R36-S37,VIP,AVAILABLE,0
SEC_STD01_A_R36_S38,SEC_STD01_A,36,R36-S38,VIP,AVAILABLE,0
SEC_STD01_A_R36_S39,SEC_STD01_A,36,R36-S39,VIP,AVAILABLE,0
SEC_STD01_A_R36_S40,SEC_STD01_A,36,R36-S40,VIP,AVAILABLE,0
SEC_STD01_A_R36_S41,SEC_STD01_A,36,R36-S41,VIP,AVAILABLE,0
SEC_STD01_A_R36_S42,SEC_STD01_A,36,R36-S42,VIP,AVAILABLE,0
SEC_STD01_A_R36_S43,SEC_STD01_A,36,R36-S43,VIP,AVAILABLE,0
SEC_STD01_A_R36_S44,SEC_STD01_A,36,R36-S44,VIP,AVAILABLE,0
SEC_STD01_A_R36_S45,SEC_STD01_A,36,R36-S45,VIP,AVAILABLE,0
SEC_STD01_A_R36_S46,SEC_STD01_A,36,R36-S46,VIP,AVAILABLE,0
SEC_STD01_A_R36_S47,SEC_STD01_A,36,R36-S47,VIP,AVAILABLE,0
SEC_STD01_A_R36_S48,SEC_STD01_A,36,R36-S48,VIP,AVAILABLE,0
SEC_STD01_A_R36_S49,SEC_STD01_A,36,R36-S49,VIP,AVAILABLE,0
SEC_STD01_A_R36_S50,SEC_STD01_A,36,R36-S50,VIP,AVAILABLE,0
SEC_STD01_A_R36_S51,SEC_STD01_A,36,R36-S51,VIP,AVAILABLE,0
SEC_STD01_A_R36_S52,SEC_STD01_A,36,R36-S52,VIP,AVAILABLE,0
SEC_STD01_A_R36_S53,SEC_STD01_A,36,R36-S53,VIP,AVAILABLE,0
SEC_STD01_A_R36_S54,SEC_STD01_A,36,R36-S54,VIP,AVAILABLE,0
SEC_STD01_A_R36_S55,SEC_STD01_A,36,R36-S55,VIP,AVAILABLE,0
SEC_STD01_A_R36_S56,SEC_STD01_A,36,R36-S56,VIP,AVAILABLE,0
SEC_STD01_A_R36_S57,SEC_STD01_A,36,R36-S57,VIP,AVAILABLE,0
SEC_STD01_A_R36_S58,SEC_STD01_A,36,R36-S58,VIP,AVAILABLE,0
SEC_STD01_A_R36_S59,SEC_STD01_A,36,R36-S59,VIP,AVAILABLE,0
SEC_STD01_A_R36_S60,SEC_STD01_A,36,R36-S60,VIP,AVAILABLE,0
SEC_STD01_A_R37_S01,SEC_STD01_A,37,R37-S01,VIP,AVAILABLE,0
SEC_STD01_A_R37_S02,SEC_STD01_A,37,R37-S02,VIP,AVAILABLE,0
SEC_STD01_A_R37_S03,SEC_STD01_A,37,R37-S03,VIP,AVAILABLE,0
SEC_STD01_A_R37_S04,SEC_STD01_A,37,R37-S04,VIP,AVAILABLE,0
SEC_STD01_A_R37_S05,SEC_STD01_A,37,R37-S05,VIP,AVAILABLE,0
SEC_STD01_A_R37_S06,SEC_STD01_A,37,R37-S06,VIP,AVAILABLE,0
SEC_STD01_A_R37_S07,SEC_STD01_A,37,R37-S07,VIP,AVAILABLE,0
SEC_STD01_A_R37_S08,SEC_STD01_A,37,R37-S08,VIP,AVAILABLE,0
SEC_STD01_A_R37_S09,SEC_STD01_A,37,R37-S09,VIP,AVAILABLE,0
SEC_STD01_A_R37_S10,SEC_STD01_A,37,R37-S10,VIP,AVAILABLE,0
SEC_STD01_A_R37_S11,SEC_STD01_A,37,R37-S11,VIP,AVAILABLE,0
SEC_STD01_A_R37_S12,SEC_STD01_A,37,R37-S12,VIP,AVAILABLE,0
SEC_STD01_A_R37_S13,SEC_STD01_A,37,R37-S13,VIP,AVAILABLE,0
SEC_STD01_A_R37_S14,SEC_STD01_A,37,R37-S14,VIP,AVAILABLE,0
SEC_STD01_A_R37_S15,SEC_STD01_A,37,R37-S15,VIP,AVAILABLE,0
SEC_STD01_A_R37_S16,SEC_STD01_A,37,R37-S16,VIP,AVAILABLE,0
SEC_STD01_A_R37_S17,SEC_STD01_A,37,R37-S17,VIP,AVAILABLE,0
SEC_STD01_A_R37_S18,SEC_STD01_A,37,R37-S18,VIP,AVAILABLE,0
SEC_STD01_A_R37_S19,SEC_STD01_A,37,R37-S19,VIP,AVAILABLE,0
SEC_STD01_A_R37_S20,SEC_STD01_A,37,R37-S20,VIP,AVAILABLE,0
SEC_STD01_A_R37_S21,SEC_STD01_A,37,R37-S21,VIP,AVAILABLE,0
SEC_STD01_A_R37_S22,SEC_STD01_A,37,R37-S22,VIP,AVAILABLE,0
SEC_STD01_A_R37_S23,SEC_STD01_A,37,R37-S23,VIP,AVAILABLE,0
SEC_STD01_A_R37_S24,SEC_STD01_A,37,R37-S24,VIP,AVAILABLE,0
SEC_STD01_A_R37_S25,SEC_STD01_A,37,R37-S25,VIP,AVAILABLE,0
SEC_STD01_A_R37_S26,SEC_STD01_A,37,R37-S26,VIP,AVAILABLE,0
SEC_STD01_A_R37_S27,SEC_STD01_A,37,R37-S27,VIP,AVAILABLE,0
SEC_STD01_A_R37_S28,SEC_STD01_A,37,R37-S28,VIP,AVAILABLE,0
SEC_STD01_A_R37_S29,SEC_STD01_A,37,R37-S29,VIP,AVAILABLE,0
SEC_STD01_A_R37_S30,SEC_STD01_A,37,R37-S30,VIP,AVAILABLE,0
SEC_STD01_A_R37_S31,SEC_STD01_A,37,R37-S31,VIP,AVAILABLE,0
SEC_STD01_A_R37_S32,SEC_STD01_A,37,R37-S32,VIP,AVAILABLE,0
SEC_STD01_A_R37_S33,SEC_STD01_A,37,R37-S33,VIP,AVAILABLE,0
SEC_STD01_A_R37_S34,SEC_STD01_A,37,R37-S34,VIP,AVAILABLE,0
SEC_STD01_A_R37_S35,SEC_STD01_A,37,R37-S35,VIP,AVAILABLE,0
SEC_STD01_A_R37_S36,SEC_STD01_A,37,R37-S36,VIP,AVAILABLE,0
SEC_STD01_A_R37_S37,SEC_STD01_A,37,R37-S37,VIP,AVAILABLE,0
SEC_STD01_A_R37_S38,SEC_STD01_A,37,R37-S38,VIP,AVAILABLE,0
SEC_STD01_A_R37_S39,SEC_STD01_A,37,R37-S39,VIP,AVAILABLE,0
SEC_STD01_A_R37_S40,SEC_STD01_A,37,R37-S40,VIP,AVAILABLE,0
SEC_STD01_A_R37_S41,SEC_STD01_A,37,R37-S41,VIP,AVAILABLE,0
SEC_STD01_A_R37_S42,SEC_STD01_A,37,R37-S42,VIP,AVAILABLE,0
SEC_STD01_A_R37_S43,SEC_STD01_A,37,R37-S43,VIP,AVAILABLE,0
SEC_STD01_A_R37_S44,SEC_STD01_A,37,R37-S44,VIP,AVAILABLE,0
SEC_STD01_A_R37_S45,SEC_STD01_A,37,R37-S45,VIP,AVAILABLE,0
SEC_STD01_A_R37_S46,SEC_STD01_A,37,R37-S46,VIP,AVAILABLE,0
SEC_STD01_A_R37_S47,SEC_STD01_A,37,R37-S47,VIP,AVAILABLE,0
SEC_STD01_A_R37_S48,SEC_STD01_A,37,R37-S48,VIP,AVAILABLE,0
SEC_STD01_A_R37_S49,SEC_STD01_A,37,R37-S49,VIP,AVAILABLE,0
SEC_STD01_A_R37_S50,SEC_STD01_A,37,R37-S50,VIP,AVAILABLE,0
SEC_STD01_A_R37_S51,SEC_STD01_A,37,R37-S51,VIP,AVAILABLE,0
SEC_STD01_A_R37_S52,SEC_STD01_A,37,R37-S52,VIP,AVAILABLE,0
SEC_STD01_A_R37_S53,SEC_STD01_A,37,R37-S53,VIP,AVAILABLE,0
SEC_STD01_A_R37_S54,SEC_STD01_A,37,R37-S54,VIP,AVAILABLE,0
SEC_STD01_A_R37_S55,SEC_STD01_A,37,R37-S55,VIP,AVAILABLE,0
SEC_STD01_A_R37_S56,SEC_STD01_A,37,R37-S56,VIP,AVAILABLE,0
SEC_STD01_A_R37_S57,SEC_STD01_A,37,R37-S57,VIP,AVAILABLE,0
SEC_STD01_A_R37_S58,SEC_STD01_A,37,R37-S58,VIP,AVAILABLE,0
SEC_STD01_A_R37_S59,SEC_STD01_A,37,R37-S59,VIP,AVAILABLE,0
SEC_STD01_A_R37_S60,SEC_STD01_A,37,R37-S60,VIP,AVAILABLE,0
SEC_STD01_A_R38_S01,SEC_STD01_A,38,R38-S01,VIP,AVAILABLE,0
SEC_STD01_A_R38_S02,SEC_STD01_A,38,R38-S02,VIP,AVAILABLE,0
SEC_STD01_A_R38_S03,SEC_STD01_A,38,R38-S03,VIP,AVAILABLE,0
SEC_STD01_A_R38_S04,SEC_STD01_A,38,R38-S04,VIP,AVAILABLE,0
SEC_STD01_A_R38_S05,SEC_STD01_A,38,R38-S05,VIP,AVAILABLE,0
SEC_STD01_A_R38_S06,SEC_STD01_A,38,R38-S06,VIP,AVAILABLE,0
SEC_STD01_A_R38_S07,SEC_STD01_A,38,R38-S07,VIP,AVAILABLE,0
SEC_STD01_A_R38_S08,SEC_STD01_A,38,R38-S08,VIP,AVAILABLE,0
SEC_STD01_A_R38_S09,SEC_STD01_A,38,R38-S09,VIP,AVAILABLE,0
SEC_STD01_A_R38_S10,SEC_STD01_A,38,R38-S10,VIP,AVAILABLE,0
SEC_STD01_A_R38_S11,SEC_STD01_A,38,R38-S11,VIP,AVAILABLE,0
SEC_STD01_A_R38_S12,SEC_STD01_A,38,R38-S12,VIP,AVAILABLE,0
SEC_STD01_A_R38_S13,SEC_STD01_A,38,R38-S13,VIP,AVAILABLE,0
SEC_STD01_A_R38_S14,SEC_STD01_A,38,R38-S14,VIP,AVAILABLE,0
SEC_STD01_A_R38_S15,SEC_STD01_A,38,R38-S15,VIP,AVAILABLE,0
SEC_STD01_A_R38_S16,SEC_STD01_A,38,R38-S16,VIP,AVAILABLE,0
SEC_STD01_A_R38_S17,SEC_STD01_A,38,R38-S17,VIP,AVAILABLE,0
SEC_STD01_A_R38_S18,SEC_STD01_A,38,R38-S18,VIP,AVAILABLE,0
SEC_STD01_A_R38_S19,SEC_STD01_A,38,R38-S19,VIP,AVAILABLE,0
SEC_STD01_A_R38_S20,SEC_STD01_A,38,R38-S20,VIP,AVAILABLE,0
SEC_STD01_A_R38_S21,SEC_STD01_A,38,R38-S21,VIP,AVAILABLE,0
SEC_STD01_A_R38_S22,SEC_STD01_A,38,R38-S22,VIP,AVAILABLE,0
SEC_STD01_A_R38_S23,SEC_STD01_A,38,R38-S23,VIP,AVAILABLE,0
SEC_STD01_A_R38_S24,SEC_STD01_A,38,R38-S24,VIP,AVAILABLE,0
SEC_STD01_A_R38_S25,SEC_STD01_A,38,R38-S25,VIP,AVAILABLE,0
SEC_STD01_A_R38_S26,SEC_STD01_A,38,R38-S26,VIP,AVAILABLE,0
SEC_STD01_A_R38_S27,SEC_STD01_A,38,R38-S27,VIP,AVAILABLE,0
SEC_STD01_A_R38_S28,SEC_STD01_A,38,R38-S28,VIP,AVAILABLE,0
SEC_STD01_A_R38_S29,SEC_STD01_A,38,R38-S29,VIP,AVAILABLE,0
SEC_STD01_A_R38_S30,SEC_STD01_A,38,R38-S30,VIP,AVAILABLE,0
SEC_STD01_A_R38_S31,SEC_STD01_A,38,R38-S31,VIP,AVAILABLE,0
SEC_STD01_A_R38_S32,SEC_STD01_A,38,R38-S32,VIP,AVAILABLE,0
SEC_STD01_A_R38_S33,SEC_STD01_A,38,R38-S33,VIP,AVAILABLE,0
SEC_STD01_A_R38_S34,SEC_STD01_A,38,R38-S34,VIP,AVAILABLE,0
SEC_STD01_A_R38_S35,SEC_STD01_A,38,R38-S35,VIP,AVAILABLE,0
SEC_STD01_A_R38_S36,SEC_STD01_A,38,R38-S36,VIP,AVAILABLE,0
SEC_STD01_A_R38_S37,SEC_STD01_A,38,R38-S37,VIP,AVAILABLE,0
SEC_STD01_A_R38_S38,SEC_STD01_A,38,R38-S38,VIP,AVAILABLE,0
SEC_STD01_A_R38_S39,SEC_STD01_A,38,R38-S39,VIP,AVAILABLE,0
SEC_STD01_A_R38_S40,SEC_STD01_A,38,R38-S40,VIP,AVAILABLE,0
SEC_STD01_A_R38_S41,SEC_STD01_A,38,R38-S41,VIP,AVAILABLE,0
SEC_STD01_A_R38_S42,SEC_STD01_A,38,R38-S42,VIP,AVAILABLE,0
SEC_STD01_A_R38_S43,SEC_STD01_A,38,R38-S43,VIP,AVAILABLE,0
SEC_STD01_A_R38_S44,SEC_STD01_A,38,R38-S44,VIP,AVAILABLE,0
SEC_STD01_A_R38_S45,SEC_STD01_A,38,R38-S45,VIP,AVAILABLE,0
SEC_STD01_A_R38_S46,SEC_STD01_A,38,R38-S46,VIP,AVAILABLE,0
SEC_STD01_A_R38_S47,SEC_STD01_A,38,R38-S47,VIP,AVAILABLE,0
SEC_STD01_A_R38_S48,SEC_STD01_A,38,R38-S48,VIP,AVAILABLE,0
SEC_STD01_A_R38_S49,SEC_STD01_A,38,R38-S49,VIP,AVAILABLE,0
SEC_STD01_A_R38_S50,SEC_STD01_A,38,R38-S50,VIP,AVAILABLE,0
SEC_STD01_A_R38_S51,SEC_STD01_A,38,R38-S51,VIP,AVAILABLE,0
SEC_STD01_A_R38_S52,SEC_STD01_A,38,R38-S52,VIP,AVAILABLE,0
SEC_STD01_A_R38_S53,SEC_STD01_A,38,R38-S53,VIP,AVAILABLE,0
SEC_STD01_A_R38_S54,SEC_STD01_A,38,R38-S54,VIP,AVAILABLE,0
SEC_STD01_A_R38_S55,SEC_STD01_A,38,R38-S55,VIP,AVAILABLE,0
SEC_STD01_A_R38_S56,SEC_STD01_A,38,R38-S56,VIP,AVAILABLE,0
SEC_STD01_A_R38_S57,SEC_STD01_A,38,R38-S57,VIP,AVAILABLE,0
SEC_STD01_A_R38_S58,SEC_STD01_A,38,R38-S58,VIP,AVAILABLE,0
SEC_STD01_A_R38_S59,SEC_STD01_A,38,R38-S59,VIP,AVAILABLE,0
SEC_STD01_A_R38_S60,SEC_STD01_A,38,R38-S60,VIP,AVAILABLE,0
SEC_STD01_A_R39_S01,SEC_STD01_A,39,R39-S01,VIP,AVAILABLE,0
SEC_STD01_A_R39_S02,SEC_STD01_A,39,R39-S02,VIP,AVAILABLE,0
SEC_STD01_A_R39_S03,SEC_STD01_A,39,R39-S03,VIP,AVAILABLE,0
SEC_STD01_A_R39_S04,SEC_STD01_A,39,R39-S04,VIP,AVAILABLE,0
SEC_STD01_A_R39_S05,SEC_STD01_A,39,R39-S05,VIP,AVAILABLE,0
SEC_STD01_A_R39_S06,SEC_STD01_A,39,R39-S06,VIP,AVAILABLE,0
SEC_STD01_A_R39_S07,SEC_STD01_A,39,R39-S07,VIP,AVAILABLE,0
SEC_STD01_A_R39_S08,SEC_STD01_A,39,R39-S08,VIP,AVAILABLE,0
SEC_STD01_A_R39_S09,SEC_STD01_A,39,R39-S09,VIP,AVAILABLE,0
SEC_STD01_A_R39_S10,SEC_STD01_A,39,R39-S10,VIP,AVAILABLE,0
SEC_STD01_A_R39_S11,SEC_STD01_A,39,R39-S11,VIP,AVAILABLE,0
SEC_STD01_A_R39_S12,SEC_STD01_A,39,R39-S12,VIP,AVAILABLE,0
SEC_STD01_A_R39_S13,SEC_STD01_A,39,R39-S13,VIP,AVAILABLE,0
SEC_STD01_A_R39_S14,SEC_STD01_A,39,R39-S14,VIP,AVAILABLE,0
SEC_STD01_A_R39_S15,SEC_STD01_A,39,R39-S15,VIP,AVAILABLE,0
SEC_STD01_A_R39_S16,SEC_STD01_A,39,R39-S16,VIP,AVAILABLE,0
SEC_STD01_A_R39_S17,SEC_STD01_A,39,R39-S17,VIP,AVAILABLE,0
SEC_STD01_A_R39_S18,SEC_STD01_A,39,R39-S18,VIP,AVAILABLE,0
SEC_STD01_A_R39_S19,SEC_STD01_A,39,R39-S19,VIP,AVAILABLE,0
SEC_STD01_A_R39_S20,SEC_STD01_A,39,R39-S20,VIP,AVAILABLE,0
SEC_STD01_A_R39_S21,SEC_STD01_A,39,R39-S21,VIP,AVAILABLE,0
SEC_STD01_A_R39_S22,SEC_STD01_A,39,R39-S22,VIP,AVAILABLE,0
SEC_STD01_A_R39_S23,SEC_STD01_A,39,R39-S23,VIP,AVAILABLE,0
SEC_STD01_A_R39_S24,SEC_STD01_A,39,R39-S24,VIP,AVAILABLE,0
SEC_STD01_A_R39_S25,SEC_STD01_A,39,R39-S25,VIP,AVAILABLE,0
SEC_STD01_A_R39_S26,SEC_STD01_A,39,R39-S26,VIP,AVAILABLE,0
SEC_STD01_A_R39_S27,SEC_STD01_A,39,R39-S27,VIP,AVAILABLE,0
SEC_STD01_A_R39_S28,SEC_STD01_A,39,R39-S28,VIP,AVAILABLE,0
SEC_STD01_A_R39_S29,SEC_STD01_A,39,R39-S29,VIP,AVAILABLE,0
SEC_STD01_A_R39_S30,SEC_STD01_A,39,R39-S30,VIP,AVAILABLE,0
SEC_STD01_A_R39_S31,SEC_STD01_A,39,R39-S31,VIP,AVAILABLE,0
SEC_STD01_A_R39_S32,SEC_STD01_A,39,R39-S32,VIP,AVAILABLE,0
SEC_STD01_A_R39_S33,SEC_STD01_A,39,R39-S33,VIP,AVAILABLE,0
SEC_STD01_A_R39_S34,SEC_STD01_A,39,R39-S34,VIP,AVAILABLE,0
SEC_STD01_A_R39_S35,SEC_STD01_A,39,R39-S35,VIP,AVAILABLE,0
SEC_STD01_A_R39_S36,SEC_STD01_A,39,R39-S36,VIP,AVAILABLE,0
SEC_STD01_A_R39_S37,SEC_STD01_A,39,R39-S37,VIP,AVAILABLE,0
SEC_STD01_A_R39_S38,SEC_STD01_A,39,R39-S38,VIP,AVAILABLE,0
SEC_STD01_A_R39_S39,SEC_STD01_A,39,R39-S39,VIP,AVAILABLE,0
SEC_STD01_A_R39_S40,SEC_STD01_A,39,R39-S40,VIP,AVAILABLE,0
SEC_STD01_A_R39_S41,SEC_STD01_A,39,R39-S41,VIP,AVAILABLE,0
SEC_STD01_A_R39_S42,SEC_STD01_A,39,R39-S42,VIP,AVAILABLE,0
SEC_STD01_A_R39_S43,SEC_STD01_A,39,R39-S43,VIP,AVAILABLE,0
SEC_STD01_A_R39_S44,SEC_STD01_A,39,R39-S44,VIP,AVAILABLE,0
SEC_STD01_A_R39_S45,SEC_STD01_A,39,R39-S45,VIP,AVAILABLE,0
SEC_STD01_A_R39_S46,SEC_STD01_A,39,R39-S46,VIP,AVAILABLE,0
SEC_STD01_A_R39_S47,SEC_STD01_A,39,R39-S47,VIP,AVAILABLE,0
SEC_STD01_A_R39_S48,SEC_STD01_A,39,R39-S48,VIP,AVAILABLE,0
SEC_STD01_A_R39_S49,SEC_STD01_A,39,R39-S49,VIP,AVAILABLE,0
SEC_STD01_A_R39_S50,SEC_STD01_A,39,R39-S50,VIP,AVAILABLE,0
SEC_STD01_A_R39_S51,SEC_STD01_A,39,R39-S51,VIP,AVAILABLE,0
SEC_STD01_A_R39_S52,SEC_STD01_A,39,R39-S52,VIP,AVAILABLE,0
SEC_STD01_A_R39_S53,SEC_STD01_A,39,R39-S53,VIP,AVAILABLE,0
SEC_STD01_A_R39_S54,SEC_STD01_A,39,R39-S54,VIP,AVAILABLE,0
SEC_STD01_A_R39_S55,SEC_STD01_A,39,R39-S55,VIP,AVAILABLE,0
SEC_STD01_A_R39_S56,SEC_STD01_A,39,R39-S56,VIP,AVAILABLE,0
SEC_STD01_A_R39_S57,SEC_STD01_A,39,R39-S57,VIP,AVAILABLE,0
SEC_STD01_A_R39_S58,SEC_STD01_A,39,R39-S58,VIP,AVAILABLE,0
SEC_STD01_A_R39_S59,SEC_STD01_A,39,R39-S59,VIP,AVAILABLE,0
SEC_STD01_A_R39_S60,SEC_STD01_A,39,R39-S60,VIP,AVAILABLE,0
SEC_STD01_A_R40_S01,SEC_STD01_A,40,R40-S01,VIP,AVAILABLE,0
SEC_STD01_A_R40_S02,SEC_STD01_A,40,R40-S02,VIP,AVAILABLE,0
SEC_STD01_A_R40_S03,SEC_STD01_A,40,R40-S03,VIP,AVAILABLE,0
SEC_STD01_A_R40_S04,SEC_STD01_A,40,R40-S04,VIP,AVAILABLE,0
SEC_STD01_A_R40_S05,SEC_STD01_A,40,R40-S05,VIP,AVAILABLE,0
SEC_STD01_A_R40_S06,SEC_STD01_A,40,R40-S06,VIP,AVAILABLE,0
SEC_STD01_A_R40_S07,SEC_STD01_A,40,R40-S07,VIP,AVAILABLE,0
SEC_STD01_A_R40_S08,SEC_STD01_A,40,R40-S08,VIP,AVAILABLE,0
SEC_STD01_A_R40_S09,SEC_STD01_A,40,R40-S09,VIP,AVAILABLE,0
SEC_STD01_A_R40_S10,SEC_STD01_A,40,R40-S10,VIP,AVAILABLE,0
SEC_STD01_A_R40_S11,SEC_STD01_A,40,R40-S11,VIP,AVAILABLE,0
SEC_STD01_A_R40_S12,SEC_STD01_A,40,R40-S12,VIP,AVAILABLE,0
SEC_STD01_A_R40_S13,SEC_STD01_A,40,R40-S13,VIP,AVAILABLE,0
SEC_STD01_A_R40_S14,SEC_STD01_A,40,R40-S14,VIP,AVAILABLE,0
SEC_STD01_A_R40_S15,SEC_STD01_A,40,R40-S15,VIP,AVAILABLE,0
SEC_STD01_A_R40_S16,SEC_STD01_A,40,R40-S16,VIP,AVAILABLE,0
SEC_STD01_A_R40_S17,SEC_STD01_A,40,R40-S17,VIP,AVAILABLE,0
SEC_STD01_A_R40_S18,SEC_STD01_A,40,R40-S18,VIP,AVAILABLE,0
SEC_STD01_A_R40_S19,SEC_STD01_A,40,R40-S19,VIP,AVAILABLE,0
SEC_STD01_A_R40_S20,SEC_STD01_A,40,R40-S20,VIP,AVAILABLE,0
SEC_STD01_A_R40_S21,SEC_STD01_A,40,R40-S21,VIP,AVAILABLE,0
SEC_STD01_A_R40_S22,SEC_STD01_A,40,R40-S22,VIP,AVAILABLE,0
SEC_STD01_A_R40_S23,SEC_STD01_A,40,R40-S23,VIP,AVAILABLE,0
SEC_STD01_A_R40_S24,SEC_STD01_A,40,R40-S24,VIP,AVAILABLE,0
SEC_STD01_A_R40_S25,SEC_STD01_A,40,R40-S25,VIP,AVAILABLE,0
SEC_STD01_A_R40_S26,SEC_STD01_A,40,R40-S26,VIP,AVAILABLE,0
SEC_STD01_A_R40_S27,SEC_STD01_A,40,R40-S27,VIP,AVAILABLE,0
SEC_STD01_A_R40_S28,SEC_STD01_A,40,R40-S28,VIP,AVAILABLE,0
SEC_STD01_A_R40_S29,SEC_STD01_A,40,R40-S29,VIP,AVAILABLE,0
SEC_STD01_A_R40_S30,SEC_STD01_A,40,R40-S30,VIP,AVAILABLE,0
SEC_STD01_A_R40_S31,SEC_STD01_A,40,R40-S31,VIP,AVAILABLE,0
SEC_STD01_A_R40_S32,SEC_STD01_A,40,R40-S32,VIP,AVAILABLE,0
SEC_STD01_A_R40_S33,SEC_STD01_A,40,R40-S33,VIP,AVAILABLE,0
SEC_STD01_A_R40_S34,SEC_STD01_A,40,R40-S34,VIP,AVAILABLE,0
SEC_STD01_A_R40_S35,SEC_STD01_A,40,R40-S35,VIP,AVAILABLE,0
SEC_STD01_A_R40_S36,SEC_STD01_A,40,R40-S36,VIP,AVAILABLE,0
SEC_STD01_A_R40_S37,SEC_STD01_A,40,R40-S37,VIP,AVAILABLE,0
SEC_STD01_A_R40_S38,SEC_STD01_A,40,R40-S38,VIP,AVAILABLE,0
SEC_STD01_A_R40_S39,SEC_STD01_A,40,R40-S39,VIP,AVAILABLE,0
SEC_STD01_A_R40_S40,SEC_STD01_A,40,R40-S40,VIP,AVAILABLE,0
SEC_STD01_A_R40_S41,SEC_STD01_A,40,R40-S41,VIP,AVAILABLE,0
SEC_STD01_A_R40_S42,SEC_STD01_A,40,R40-S42,VIP,AVAILABLE,0
SEC_STD01_A_R40_S43,SEC_STD01_A,40,R40-S43,VIP,AVAILABLE,0
SEC_STD01_A_R40_S44,SEC_STD01_A,40,R40-S44,VIP,AVAILABLE,0
SEC_STD01_A_R40_S45,SEC_STD01_A,40,R40-S45,VIP,AVAILABLE,0
SEC_STD01_A_R40_S46,SEC_STD01_A,40,R40-S46,VIP,AVAILABLE,0
SEC_STD01_A_R40_S47,SEC_STD01_A,40,R40-S47,VIP,AVAILABLE,0
SEC_STD01_A_R40_S48,SEC_STD01_A,40,R40-S48,VIP,AVAILABLE,0
SEC_STD01_A_R40_S49,SEC_STD01_A,40,R40-S49,VIP,AVAILABLE,0
SEC_STD01_A_R40_S50,SEC_STD01_A,40,R40-S50,VIP,AVAILABLE,0
SEC_STD01_A_R40_S51,SEC_STD01_A,40,R40-S51,VIP,AVAILABLE,0
SEC_STD01_A_R40_S52,SEC_STD01_A,40,R40-S52,VIP,AVAILABLE,0
SEC_STD01_A_R40_S53,SEC_STD01_A,40,R40-S53,VIP,AVAILABLE,0
SEC_STD01_A_R40_S54,SEC_STD01_A,40,R40-S54,VIP,AVAILABLE,0
SEC_STD01_A_R40_S55,SEC_STD01_A,40,R40-S55,VIP,AVAILABLE,0
SEC_STD01_A_R40_S56,SEC_STD01_A,40,R40-S56,VIP,AVAILABLE,0
SEC_STD01_A_R40_S57,SEC_STD01_A,40,R40-S57,VIP,AVAILABLE,0
SEC_STD01_A_R40_S58,SEC_STD01_A,40,R40-S58,VIP,AVAILABLE,0
SEC_STD01_A_R40_S59,SEC_STD01_A,40,R40-S59,VIP,AVAILABLE,0
SEC_STD01_A_R40_S60,SEC_STD01_A,40,R40-S60,VIP,AVAILABLE,0
SEC_STD01_A_R41_S01,SEC_STD01_A,41,R41-S01,VIP,AVAILABLE,0
SEC_STD01_A_R41_S02,SEC_STD01_A,41,R41-S02,VIP,AVAILABLE,0
SEC_STD01_A_R41_S03,SEC_STD01_A,41,R41-S03,VIP,AVAILABLE,0
SEC_STD01_A_R41_S04,SEC_STD01_A,41,R41-S04,VIP,AVAILABLE,0
SEC_STD01_A_R41_S05,SEC_STD01_A,41,R41-S05,VIP,AVAILABLE,0
SEC_STD01_A_R41_S06,SEC_STD01_A,41,R41-S06,VIP,AVAILABLE,0
SEC_STD01_A_R41_S07,SEC_STD01_A,41,R41-S07,VIP,AVAILABLE,0
SEC_STD01_A_R41_S08,SEC_STD01_A,41,R41-S08,VIP,AVAILABLE,0
SEC_STD01_A_R41_S09,SEC_STD01_A,41,R41-S09,VIP,AVAILABLE,0
SEC_STD01_A_R41_S10,SEC_STD01_A,41,R41-S10,VIP,AVAILABLE,0
SEC_STD01_A_R41_S11,SEC_STD01_A,41,R41-S11,VIP,AVAILABLE,0
SEC_STD01_A_R41_S12,SEC_STD01_A,41,R41-S12,VIP,AVAILABLE,0
SEC_STD01_A_R41_S13,SEC_STD01_A,41,R41-S13,VIP,AVAILABLE,0
SEC_STD01_A_R41_S14,SEC_STD01_A,41,R41-S14,VIP,AVAILABLE,0
SEC_STD01_A_R41_S15,SEC_STD01_A,41,R41-S15,VIP,AVAILABLE,0
SEC_STD01_A_R41_S16,SEC_STD01_A,41,R41-S16,VIP,AVAILABLE,0
SEC_STD01_A_R41_S17,SEC_STD01_A,41,R41-S17,VIP,AVAILABLE,0
SEC_STD01_A_R41_S18,SEC_STD01_A,41,R41-S18,VIP,AVAILABLE,0
SEC_STD01_A_R41_S19,SEC_STD01_A,41,R41-S19,VIP,AVAILABLE,0
SEC_STD01_A_R41_S20,SEC_STD01_A,41,R41-S20,VIP,AVAILABLE,0
SEC_STD01_A_R41_S21,SEC_STD01_A,41,R41-S21,VIP,AVAILABLE,0
SEC_STD01_A_R41_S22,SEC_STD01_A,41,R41-S22,VIP,AVAILABLE,0
SEC_STD01_A_R41_S23,SEC_STD01_A,41,R41-S23,VIP,AVAILABLE,0
SEC_STD01_A_R41_S24,SEC_STD01_A,41,R41-S24,VIP,AVAILABLE,0
SEC_STD01_A_R41_S25,SEC_STD01_A,41,R41-S25,VIP,AVAILABLE,0
SEC_STD01_A_R41_S26,SEC_STD01_A,41,R41-S26,VIP,AVAILABLE,0
SEC_STD01_A_R41_S27,SEC_STD01_A,41,R41-S27,VIP,AVAILABLE,0
SEC_STD01_A_R41_S28,SEC_STD01_A,41,R41-S28,VIP,AVAILABLE,0
SEC_STD01_A_R41_S29,SEC_STD01_A,41,R41-S29,VIP,AVAILABLE,0
SEC_STD01_A_R41_S30,SEC_STD01_A,41,R41-S30,VIP,AVAILABLE,0
SEC_STD01_A_R41_S31,SEC_STD01_A,41,R41-S31,VIP,AVAILABLE,0
SEC_STD01_A_R41_S32,SEC_STD01_A,41,R41-S32,VIP,AVAILABLE,0
SEC_STD01_A_R41_S33,SEC_STD01_A,41,R41-S33,VIP,AVAILABLE,0
SEC_STD01_A_R41_S34,SEC_STD01_A,41,R41-S34,VIP,AVAILABLE,0
SEC_STD01_A_R41_S35,SEC_STD01_A,41,R41-S35,VIP,AVAILABLE,0
SEC_STD01_A_R41_S36,SEC_STD01_A,41,R41-S36,VIP,AVAILABLE,0
SEC_STD01_A_R41_S37,SEC_STD01_A,41,R41-S37,VIP,AVAILABLE,0
SEC_STD01_A_R41_S38,SEC_STD01_A,41,R41-S38,VIP,AVAILABLE,0
SEC_STD01_A_R41_S39,SEC_STD01_A,41,R41-S39,VIP,AVAILABLE,0
SEC_STD01_A_R41_S40,SEC_STD01_A,41,R41-S40,VIP,AVAILABLE,0
SEC_STD01_A_R41_S41,SEC_STD01_A,41,R41-S41,VIP,AVAILABLE,0
SEC_STD01_A_R41_S42,SEC_STD01_A,41,R41-S42,VIP,AVAILABLE,0
SEC_STD01_A_R41_S43,SEC_STD01_A,41,R41-S43,VIP,AVAILABLE,0
SEC_STD01_A_R41_S44,SEC_STD01_A,41,R41-S44,VIP,AVAILABLE,0
SEC_STD01_A_R41_S45,SEC_STD01_A,41,R41-S45,VIP,AVAILABLE,0
SEC_STD01_A_R41_S46,SEC_STD01_A,41,R41-S46,VIP,AVAILABLE,0
SEC_STD01_A_R41_S47,SEC_STD01_A,41,R41-S47,VIP,AVAILABLE,0
SEC_STD01_A_R41_S48,SEC_STD01_A,41,R41-S48,VIP,AVAILABLE,0
SEC_STD01_A_R41_S49,SEC_STD01_A,41,R41-S49,VIP,AVAILABLE,0
SEC_STD01_A_R41_S50,SEC_STD01_A,41,R41-S50,VIP,AVAILABLE,0
SEC_STD01_A_R41_S51,SEC_STD01_A,41,R41-S51,VIP,AVAILABLE,0
SEC_STD01_A_R41_S52,SEC_STD01_A,41,R41-S52,VIP,AVAILABLE,0
SEC_STD01_A_R41_S53,SEC_STD01_A,41,R41-S53,VIP,AVAILABLE,0
SEC_STD01_A_R41_S54,SEC_STD01_A,41,R41-S54,VIP,AVAILABLE,0
SEC_STD01_A_R41_S55,SEC_STD01_A,41,R41-S55,VIP,AVAILABLE,0
SEC_STD01_A_R41_S56,SEC_STD01_A,41,R41-S56,VIP,AVAILABLE,0
SEC_STD01_A_R41_S57,SEC_STD01_A,41,R41-S57,VIP,AVAILABLE,0
SEC_STD01_A_R41_S58,SEC_STD01_A,41,R41-S58,VIP,AVAILABLE,0
SEC_STD01_A_R41_S59,SEC_STD01_A,41,R41-S59,VIP,AVAILABLE,0
SEC_STD01_A_R41_S60,SEC_STD01_A,41,R41-S60,VIP,AVAILABLE,0
SEC_STD01_A_R42_S01,SEC_STD01_A,42,R42-S01,VIP,AVAILABLE,0
SEC_STD01_A_R42_S02,SEC_STD01_A,42,R42-S02,VIP,AVAILABLE,0
SEC_STD01_A_R42_S03,SEC_STD01_A,42,R42-S03,VIP,AVAILABLE,0
SEC_STD01_A_R42_S04,SEC_STD01_A,42,R42-S04,VIP,AVAILABLE,0
SEC_STD01_A_R42_S05,SEC_STD01_A,42,R42-S05,VIP,AVAILABLE,0
SEC_STD01_A_R42_S06,SEC_STD01_A,42,R42-S06,VIP,AVAILABLE,0
SEC_STD01_A_R42_S07,SEC_STD01_A,42,R42-S07,VIP,AVAILABLE,0
SEC_STD01_A_R42_S08,SEC_STD01_A,42,R42-S08,VIP,AVAILABLE,0
SEC_STD01_A_R42_S09,SEC_STD01_A,42,R42-S09,VIP,AVAILABLE,0
SEC_STD01_A_R42_S10,SEC_STD01_A,42,R42-S10,VIP,AVAILABLE,0
SEC_STD01_A_R42_S11,SEC_STD01_A,42,R42-S11,VIP,AVAILABLE,0
SEC_STD01_A_R42_S12,SEC_STD01_A,42,R42-S12,VIP,AVAILABLE,0
SEC_STD01_A_R42_S13,SEC_STD01_A,42,R42-S13,VIP,AVAILABLE,0
SEC_STD01_A_R42_S14,SEC_STD01_A,42,R42-S14,VIP,AVAILABLE,0
SEC_STD01_A_R42_S15,SEC_STD01_A,42,R42-S15,VIP,AVAILABLE,0
SEC_STD01_A_R42_S16,SEC_STD01_A,42,R42-S16,VIP,AVAILABLE,0
SEC_STD01_A_R42_S17,SEC_STD01_A,42,R42-S17,VIP,AVAILABLE,0
SEC_STD01_A_R42_S18,SEC_STD01_A,42,R42-S18,VIP,AVAILABLE,0
SEC_STD01_A_R42_S19,SEC_STD01_A,42,R42-S19,VIP,AVAILABLE,0
SEC_STD01_A_R42_S20,SEC_STD01_A,42,R42-S20,VIP,AVAILABLE,0
SEC_STD01_A_R42_S21,SEC_STD01_A,42,R42-S21,VIP,AVAILABLE,0
SEC_STD01_A_R42_S22,SEC_STD01_A,42,R42-S22,VIP,AVAILABLE,0
SEC_STD01_A_R42_S23,SEC_STD01_A,42,R42-S23,VIP,AVAILABLE,0
SEC_STD01_A_R42_S24,SEC_STD01_A,42,R42-S24,VIP,AVAILABLE,0
SEC_STD01_A_R42_S25,SEC_STD01_A,42,R42-S25,VIP,AVAILABLE,0
SEC_STD01_A_R42_S26,SEC_STD01_A,42,R42-S26,VIP,AVAILABLE,0
SEC_STD01_A_R42_S27,SEC_STD01_A,42,R42-S27,VIP,AVAILABLE,0
SEC_STD01_A_R42_S28,SEC_STD01_A,42,R42-S28,VIP,AVAILABLE,0
SEC_STD01_A_R42_S29,SEC_STD01_A,42,R42-S29,VIP,AVAILABLE,0
SEC_STD01_A_R42_S30,SEC_STD01_A,42,R42-S30,VIP,AVAILABLE,0
SEC_STD01_A_R42_S31,SEC_STD01_A,42,R42-S31,VIP,AVAILABLE,0
SEC_STD01_A_R42_S32,SEC_STD01_A,42,R42-S32,VIP,AVAILABLE,0
SEC_STD01_A_R42_S33,SEC_STD01_A,42,R42-S33,VIP,AVAILABLE,0
SEC_STD01_A_R42_S34,SEC_STD01_A,42,R42-S34,VIP,AVAILABLE,0
SEC_STD01_A_R42_S35,SEC_STD01_A,42,R42-S35,VIP,AVAILABLE,0
SEC_STD01_A_R42_S36,SEC_STD01_A,42,R42-S36,VIP,AVAILABLE,0
SEC_STD01_A_R42_S37,SEC_STD01_A,42,R42-S37,VIP,AVAILABLE,0
SEC_STD01_A_R42_S38,SEC_STD01_A,42,R42-S38,VIP,AVAILABLE,0
SEC_STD01_A_R42_S39,SEC_STD01_A,42,R42-S39,VIP,AVAILABLE,0
SEC_STD01_A_R42_S40,SEC_STD01_A,42,R42-S40,VIP,AVAILABLE,0
SEC_STD01_A_R42_S41,SEC_STD01_A,42,R42-S41,VIP,AVAILABLE,0
SEC_STD01_A_R42_S42,SEC_STD01_A,42,R42-S42,VIP,AVAILABLE,0
SEC_STD01_A_R42_S43,SEC_STD01_A,42,R42-S43,VIP,AVAILABLE,0
SEC_STD01_A_R42_S44,SEC_STD01_A,42,R42-S44,VIP,AVAILABLE,0
SEC_STD01_A_R42_S45,SEC_STD01_A,42,R42-S45,VIP,AVAILABLE,0
SEC_STD01_A_R42_S46,SEC_STD01_A,42,R42-S46,VIP,AVAILABLE,0
SEC_STD01_A_R42_S47,SEC_STD01_A,42,R42-S47,VIP,AVAILABLE,0
SEC_STD01_A_R42_S48,SEC_STD01_A,42,R42-S48,VIP,AVAILABLE,0
SEC_STD01_A_R42_S49,SEC_STD01_A,42,R42-S49,VIP,AVAILABLE,0
SEC_STD01_A_R42_S50,SEC_STD01_A,42,R42-S50,VIP,AVAILABLE,0
SEC_STD01_A_R42_S51,SEC_STD01_A,42,R42-S51,VIP,AVAILABLE,0
SEC_STD01_A_R42_S52,SEC_STD01_A,42,R42-S52,VIP,AVAILABLE,0
SEC_STD01_A_R42_S53,SEC_STD01_A,42,R42-S53,VIP,AVAILABLE,0
SEC_STD01_A_R42_S54,SEC_STD01_A,42,R42-S54,VIP,AVAILABLE,0
SEC_STD01_A_R42_S55,SEC_STD01_A,42,R42-S55,VIP,AVAILABLE,0
SEC_STD01_A_R42_S56,SEC_STD01_A,42,R42-S56,VIP,AVAILABLE,0
SEC_STD01_A_R42_S57,SEC_STD01_A,42,R42-S57,VIP,AVAILABLE,0
SEC_STD01_A_R42_S58,SEC_STD01_A,42,R42-S58,VIP,AVAILABLE,0
SEC_STD01_A_R42_S59,SEC_STD01_A,42,R42-S59,VIP,AVAILABLE,0
SEC_STD01_A_R42_S60,SEC_STD01_A,42,R42-S60,VIP,AVAILABLE,0
SEC_STD01_A_R43_S01,SEC_STD01_A,43,R43-S01,VIP,AVAILABLE,0
SEC_STD01_A_R43_S02,SEC_STD01_A,43,R43-S02,VIP,AVAILABLE,0
SEC_STD01_A_R43_S03,SEC_STD01_A,43,R43-S03,VIP,AVAILABLE,0
SEC_STD01_A_R43_S04,SEC_STD01_A,43,R43-S04,VIP,AVAILABLE,0
SEC_STD01_A_R43_S05,SEC_STD01_A,43,R43-S05,VIP,AVAILABLE,0
SEC_STD01_A_R43_S06,SEC_STD01_A,43,R43-S06,VIP,AVAILABLE,0
SEC_STD01_A_R43_S07,SEC_STD01_A,43,R43-S07,VIP,AVAILABLE,0
SEC_STD01_A_R43_S08,SEC_STD01_A,43,R43-S08,VIP,AVAILABLE,0
SEC_STD01_A_R43_S09,SEC_STD01_A,43,R43-S09,VIP,AVAILABLE,0
SEC_STD01_A_R43_S10,SEC_STD01_A,43,R43-S10,VIP,AVAILABLE,0
SEC_STD01_A_R43_S11,SEC_STD01_A,43,R43-S11,VIP,AVAILABLE,0
SEC_STD01_A_R43_S12,SEC_STD01_A,43,R43-S12,VIP,AVAILABLE,0
SEC_STD01_A_R43_S13,SEC_STD01_A,43,R43-S13,VIP,AVAILABLE,0
SEC_STD01_A_R43_S14,SEC_STD01_A,43,R43-S14,VIP,AVAILABLE,0
SEC_STD01_A_R43_S15,SEC_STD01_A,43,R43-S15,VIP,AVAILABLE,0
SEC_STD01_A_R43_S16,SEC_STD01_A,43,R43-S16,VIP,AVAILABLE,0
SEC_STD01_A_R43_S17,SEC_STD01_A,43,R43-S17,VIP,AVAILABLE,0
SEC_STD01_A_R43_S18,SEC_STD01_A,43,R43-S18,VIP,AVAILABLE,0
SEC_STD01_A_R43_S19,SEC_STD01_A,43,R43-S19,VIP,AVAILABLE,0
SEC_STD01_A_R43_S20,SEC_STD01_A,43,R43-S20,VIP,AVAILABLE,0
SEC_STD01_A_R43_S21,SEC_STD01_A,43,R43-S21,VIP,AVAILABLE,0
SEC_STD01_A_R43_S22,SEC_STD01_A,43,R43-S22,VIP,AVAILABLE,0
SEC_STD01_A_R43_S23,SEC_STD01_A,43,R43-S23,VIP,AVAILABLE,0
SEC_STD01_A_R43_S24,SEC_STD01_A,43,R43-S24,VIP,AVAILABLE,0
SEC_STD01_A_R43_S25,SEC_STD01_A,43,R43-S25,VIP,AVAILABLE,0
SEC_STD01_A_R43_S26,SEC_STD01_A,43,R43-S26,VIP,AVAILABLE,0
SEC_STD01_A_R43_S27,SEC_STD01_A,43,R43-S27,VIP,AVAILABLE,0
SEC_STD01_A_R43_S28,SEC_STD01_A,43,R43-S28,VIP,AVAILABLE,0
SEC_STD01_A_R43_S29,SEC_STD01_A,43,R43-S29,VIP,AVAILABLE,0
SEC_STD01_A_R43_S30,SEC_STD01_A,43,R43-S30,VIP,AVAILABLE,0
SEC_STD01_A_R43_S31,SEC_STD01_A,43,R43-S31,VIP,AVAILABLE,0
SEC_STD01_A_R43_S32,SEC_STD01_A,43,R43-S32,VIP,AVAILABLE,0
SEC_STD01_A_R43_S33,SEC_STD01_A,43,R43-S33,VIP,AVAILABLE,0
SEC_STD01_A_R43_S34,SEC_STD01_A,43,R43-S34,VIP,AVAILABLE,0
SEC_STD01_A_R43_S35,SEC_STD01_A,43,R43-S35,VIP,AVAILABLE,0
SEC_STD01_A_R43_S36,SEC_STD01_A,43,R43-S36,VIP,AVAILABLE,0
SEC_STD01_A_R43_S37,SEC_STD01_A,43,R43-S37,VIP,AVAILABLE,0
SEC_STD01_A_R43_S38,SEC_STD01_A,43,R43-S38,VIP,AVAILABLE,0
SEC_STD01_A_R43_S39,SEC_STD01_A,43,R43-S39,VIP,AVAILABLE,0
SEC_STD01_A_R43_S40,SEC_STD01_A,43,R43-S40,VIP,AVAILABLE,0
SEC_STD01_A_R43_S41,SEC_STD01_A,43,R43-S41,VIP,AVAILABLE,0
SEC_STD01_A_R43_S42,SEC_STD01_A,43,R43-S42,VIP,AVAILABLE,0
SEC_STD01_A_R43_S43,SEC_STD01_A,43,R43-S43,VIP,AVAILABLE,0
SEC_STD01_A_R43_S44,SEC_STD01_A,43,R43-S44,VIP,AVAILABLE,0
SEC_STD01_A_R43_S45,SEC_STD01_A,43,R43-S45,VIP,AVAILABLE,0
SEC_STD01_A_R43_S46,SEC_STD01_A,43,R43-S46,VIP,AVAILABLE,0
SEC_STD01_A_R43_S47,SEC_STD01_A,43,R43-S47,VIP,AVAILABLE,0
SEC_STD01_A_R43_S48,SEC_STD01_A,43,R43-S48,VIP,AVAILABLE,0
SEC_STD01_A_R43_S49,SEC_STD01_A,43,R43-S49,VIP,AVAILABLE,0
SEC_STD01_A_R43_S50,SEC_STD01_A,43,R43-S50,VIP,AVAILABLE,0
SEC_STD01_A_R43_S51,SEC_STD01_A,43,R43-S51,VIP,AVAILABLE,0
SEC_STD01_A_R43_S52,SEC_STD01_A,43,R43-S52,VIP,AVAILABLE,0
SEC_STD01_A_R43_S53,SEC_STD01_A,43,R43-S53,VIP,AVAILABLE,0
SEC_STD01_A_R43_S54,SEC_STD01_A,43,R43-S54,VIP,AVAILABLE,0
SEC_STD01_A_R43_S55,SEC_STD01_A,43,R43-S55,VIP,AVAILABLE,0
SEC_STD01_A_R43_S56,SEC_STD01_A,43,R43-S56,VIP,AVAILABLE,0
SEC_STD01_A_R43_S57,SEC_STD01_A,43,R43-S57,VIP,AVAILABLE,0
SEC_STD01_A_R43_S58,SEC_STD01_A,43,R43-S58,VIP,AVAILABLE,0
SEC_STD01_A_R43_S59,SEC_STD01_A,43,R43-S59,VIP,AVAILABLE,0
SEC_STD01_A_R43_S60,SEC_STD01_A,43,R43-S60,VIP,AVAILABLE,0
SEC_STD01_A_R44_S01,SEC_STD01_A,44,R44-S01,VIP,AVAILABLE,0
SEC_STD01_A_R44_S02,SEC_STD01_A,44,R44-S02,VIP,AVAILABLE,0
SEC_STD01_A_R44_S03,SEC_STD01_A,44,R44-S03,VIP,AVAILABLE,0
SEC_STD01_A_R44_S04,SEC_STD01_A,44,R44-S04,VIP,AVAILABLE,0
SEC_STD01_A_R44_S05,SEC_STD01_A,44,R44-S05,VIP,AVAILABLE,0
SEC_STD01_A_R44_S06,SEC_STD01_A,44,R44-S06,VIP,AVAILABLE,0
SEC_STD01_A_R44_S07,SEC_STD01_A,44,R44-S07,VIP,AVAILABLE,0
SEC_STD01_A_R44_S08,SEC_STD01_A,44,R44-S08,VIP,AVAILABLE,0
SEC_STD01_A_R44_S09,SEC_STD01_A,44,R44-S09,VIP,AVAILABLE,0
SEC_STD01_A_R44_S10,SEC_STD01_A,44,R44-S10,VIP,AVAILABLE,0
SEC_STD01_A_R44_S11,SEC_STD01_A,44,R44-S11,VIP,AVAILABLE,0
SEC_STD01_A_R44_S12,SEC_STD01_A,44,R44-S12,VIP,AVAILABLE,0
SEC_STD01_A_R44_S13,SEC_STD01_A,44,R44-S13,VIP,AVAILABLE,0
SEC_STD01_A_R44_S14,SEC_STD01_A,44,R44-S14,VIP,AVAILABLE,0
SEC_STD01_A_R44_S15,SEC_STD01_A,44,R44-S15,VIP,AVAILABLE,0
SEC_STD01_A_R44_S16,SEC_STD01_A,44,R44-S16,VIP,AVAILABLE,0
SEC_STD01_A_R44_S17,SEC_STD01_A,44,R44-S17,VIP,AVAILABLE,0
SEC_STD01_A_R44_S18,SEC_STD01_A,44,R44-S18,VIP,AVAILABLE,0
SEC_STD01_A_R44_S19,SEC_STD01_A,44,R44-S19,VIP,AVAILABLE,0
SEC_STD01_A_R44_S20,SEC_STD01_A,44,R44-S20,VIP,AVAILABLE,0
SEC_STD01_A_R44_S21,SEC_STD01_A,44,R44-S21,VIP,AVAILABLE,0
SEC_STD01_A_R44_S22,SEC_STD01_A,44,R44-S22,VIP,AVAILABLE,0
SEC_STD01_A_R44_S23,SEC_STD01_A,44,R44-S23,VIP,AVAILABLE,0
SEC_STD01_A_R44_S24,SEC_STD01_A,44,R44-S24,VIP,AVAILABLE,0
SEC_STD01_A_R44_S25,SEC_STD01_A,44,R44-S25,VIP,AVAILABLE,0
SEC_STD01_A_R44_S26,SEC_STD01_A,44,R44-S26,VIP,AVAILABLE,0
SEC_STD01_A_R44_S27,SEC_STD01_A,44,R44-S27,VIP,AVAILABLE,0
SEC_STD01_A_R44_S28,SEC_STD01_A,44,R44-S28,VIP,AVAILABLE,0
SEC_STD01_A_R44_S29,SEC_STD01_A,44,R44-S29,VIP,AVAILABLE,0
SEC_STD01_A_R44_S30,SEC_STD01_A,44,R44-S30,VIP,AVAILABLE,0
SEC_STD01_A_R44_S31,SEC_STD01_A,44,R44-S31,VIP,AVAILABLE,0
SEC_STD01_A_R44_S32,SEC_STD01_A,44,R44-S32,VIP,AVAILABLE,0
SEC_STD01_A_R44_S33,SEC_STD01_A,44,R44-S33,VIP,AVAILABLE,0
SEC_STD01_A_R44_S34,SEC_STD01_A,44,R44-S34,VIP,AVAILABLE,0
SEC_STD01_A_R44_S35,SEC_STD01_A,44,R44-S35,VIP,AVAILABLE,0
SEC_STD01_A_R44_S36,SEC_STD01_A,44,R44-S36,VIP,AVAILABLE,0
SEC_STD01_A_R44_S37,SEC_STD01_A,44,R44-S37,VIP,AVAILABLE,0
SEC_STD01_A_R44_S38,SEC_STD01_A,44,R44-S38,VIP,AVAILABLE,0
SEC_STD01_A_R44_S39,SEC_STD01_A,44,R44-S39,VIP,AVAILABLE,0
SEC_STD01_A_R44_S40,SEC_STD01_A,44,R44-S40,VIP,AVAILABLE,0
SEC_STD01_A_R44_S41,SEC_STD01_A,44,R44-S41,VIP,AVAILABLE,0
SEC_STD01_A_R44_S42,SEC_STD01_A,44,R44-S42,VIP,AVAILABLE,0
SEC_STD01_A_R44_S43,SEC_STD01_A,44,R44-S43,VIP,AVAILABLE,0
SEC_STD01_A_R44_S44,SEC_STD01_A,44,R44-S44,VIP,AVAILABLE,0
SEC_STD01_A_R44_S45,SEC_STD01_A,44,R44-S45,VIP,AVAILABLE,0
SEC_STD01_A_R44_S46,SEC_STD01_A,44,R44-S46,VIP,AVAILABLE,0
SEC_STD01_A_R44_S47,SEC_STD01_A,44,R44-S47,VIP,AVAILABLE,0
SEC_STD01_A_R44_S48,SEC_STD01_A,44,R44-S48,VIP,AVAILABLE,0
SEC_STD01_A_R44_S49,SEC_STD01_A,44,R44-S49,VIP,AVAILABLE,0
SEC_STD01_A_R44_S50,SEC_STD01_A,44,R44-S50,VIP,AVAILABLE,0
SEC_STD01_A_R44_S51,SEC_STD01_A,44,R44-S51,VIP,AVAILABLE,0
SEC_STD01_A_R44_S52,SEC_STD01_A,44,R44-S52,VIP,AVAILABLE,0
SEC_STD01_A_R44_S53,SEC_STD01_A,44,R44-S53,VIP,AVAILABLE,0
SEC_STD01_A_R44_S54,SEC_STD01_A,44,R44-S54,VIP,AVAILABLE,0
SEC_STD01_A_R44_S55,SEC_STD01_A,44,R44-S55,VIP,AVAILABLE,0
SEC_STD01_A_R44_S56,SEC_STD01_A,44,R44-S56,VIP,AVAILABLE,0
SEC_STD01_A_R44_S57,SEC_STD01_A,44,R44-S57,VIP,AVAILABLE,0
SEC_STD01_A_R44_S58,SEC_STD01_A,44,R44-S58,VIP,AVAILABLE,0
SEC_STD01_A_R44_S59,SEC_STD01_A,44,R44-S59,VIP,AVAILABLE,0
SEC_STD01_A_R44_S60,SEC_STD01_A,44,R44-S60,VIP,AVAILABLE,0
SEC_STD01_A_R45_S01,SEC_STD01_A,45,R45-S01,VIP,AVAILABLE,0
SEC_STD01_A_R45_S02,SEC_STD01_A,45,R45-S02,VIP,AVAILABLE,0
SEC_STD01_A_R45_S03,SEC_STD01_A,45,R45-S03,VIP,AVAILABLE,0
SEC_STD01_A_R45_S04,SEC_STD01_A,45,R45-S04,VIP,AVAILABLE,0
SEC_STD01_A_R45_S05,SEC_STD01_A,45,R45-S05,VIP,AVAILABLE,0
SEC_STD01_A_R45_S06,SEC_STD01_A,45,R45-S06,VIP,AVAILABLE,0
SEC_STD01_A_R45_S07,SEC_STD01_A,45,R45-S07,VIP,AVAILABLE,0
SEC_STD01_A_R45_S08,SEC_STD01_A,45,R45-S08,VIP,AVAILABLE,0
SEC_STD01_A_R45_S09,SEC_STD01_A,45,R45-S09,VIP,AVAILABLE,0
SEC_STD01_A_R45_S10,SEC_STD01_A,45,R45-S10,VIP,AVAILABLE,0
SEC_STD01_A_R45_S11,SEC_STD01_A,45,R45-S11,VIP,AVAILABLE,0
SEC_STD01_A_R45_S12,SEC_STD01_A,45,R45-S12,VIP,AVAILABLE,0
SEC_STD01_A_R45_S13,SEC_STD01_A,45,R45-S13,VIP,AVAILABLE,0
SEC_STD01_A_R45_S14,SEC_STD01_A,45,R45-S14,VIP,AVAILABLE,0
SEC_STD01_A_R45_S15,SEC_STD01_A,45,R45-S15,VIP,AVAILABLE,0
SEC_STD01_A_R45_S16,SEC_STD01_A,45,R45-S16,VIP,AVAILABLE,0
SEC_STD01_A_R45_S17,SEC_STD01_A,45,R45-S17,VIP,AVAILABLE,0
SEC_STD01_A_R45_S18,SEC_STD01_A,45,R45-S18,VIP,AVAILABLE,0
SEC_STD01_A_R45_S19,SEC_STD01_A,45,R45-S19,VIP,AVAILABLE,0
SEC_STD01_A_R45_S20,SEC_STD01_A,45,R45-S20,VIP,AVAILABLE,0
SEC_STD01_A_R45_S21,SEC_STD01_A,45,R45-S21,VIP,AVAILABLE,0
SEC_STD01_A_R45_S22,SEC_STD01_A,45,R45-S22,VIP,AVAILABLE,0
SEC_STD01_A_R45_S23,SEC_STD01_A,45,R45-S23,VIP,AVAILABLE,0
SEC_STD01_A_R45_S24,SEC_STD01_A,45,R45-S24,VIP,AVAILABLE,0
SEC_STD01_A_R45_S25,SEC_STD01_A,45,R45-S25,VIP,AVAILABLE,0
SEC_STD01_A_R45_S26,SEC_STD01_A,45,R45-S26,VIP,AVAILABLE,0
SEC_STD01_A_R45_S27,SEC_STD01_A,45,R45-S27,VIP,AVAILABLE,0
SEC_STD01_A_R45_S28,SEC_STD01_A,45,R45-S28,VIP,AVAILABLE,0
SEC_STD01_A_R45_S29,SEC_STD01_A,45,R45-S29,VIP,AVAILABLE,0
SEC_STD01_A_R45_S30,SEC_STD01_A,45,R45-S30,VIP,AVAILABLE,0
SEC_STD01_A_R45_S31,SEC_STD01_A,45,R45-S31,VIP,AVAILABLE,0
SEC_STD01_A_R45_S32,SEC_STD01_A,45,R45-S32,VIP,AVAILABLE,0
SEC_STD01_A_R45_S33,SEC_STD01_A,45,R45-S33,VIP,AVAILABLE,0
SEC_STD01_A_R45_S34,SEC_STD01_A,45,R45-S34,VIP,AVAILABLE,0
SEC_STD01_A_R45_S35,SEC_STD01_A,45,R45-S35,VIP,AVAILABLE,0
SEC_STD01_A_R45_S36,SEC_STD01_A,45,R45-S36,VIP,AVAILABLE,0
SEC_STD01_A_R45_S37,SEC_STD01_A,45,R45-S37,VIP,AVAILABLE,0
SEC_STD01_A_R45_S38,SEC_STD01_A,45,R45-S38,VIP,AVAILABLE,0
SEC_STD01_A_R45_S39,SEC_STD01_A,45,R45-S39,VIP,AVAILABLE,0
SEC_STD01_A_R45_S40,SEC_STD01_A,45,R45-S40,VIP,AVAILABLE,0
SEC_STD01_A_R45_S41,SEC_STD01_A,45,R45-S41,VIP,AVAILABLE,0
SEC_STD01_A_R45_S42,SEC_STD01_A,45,R45-S42,VIP,AVAILABLE,0
SEC_STD01_A_R45_S43,SEC_STD01_A,45,R45-S43,VIP,AVAILABLE,0
SEC_STD01_A_R45_S44,SEC_STD01_A,45,R45-S44,VIP,AVAILABLE,0
SEC_STD01_A_R45_S45,SEC_STD01_A,45,R45-S45,VIP,AVAILABLE,0
SEC_STD01_A_R45_S46,SEC_STD01_A,45,R45-S46,VIP,AVAILABLE,0
SEC_STD01_A_R45_S47,SEC_STD01_A,45,R45-S47,VIP,AVAILABLE,0
SEC_STD01_A_R45_S48,SEC_STD01_A,45,R45-S48,VIP,AVAILABLE,0
SEC_STD01_A_R45_S49,SEC_STD01_A,45,R45-S49,VIP,AVAILABLE,0
SEC_STD01_A_R45_S50,SEC_STD01_A,45,R45-S50,VIP,AVAILABLE,0
SEC_STD01_A_R45_S51,SEC_STD01_A,45,R45-S51,VIP,AVAILABLE,0
SEC_STD01_A_R45_S52,SEC_STD01_A,45,R45-S52,VIP,AVAILABLE,0
SEC_STD01_A_R45_S53,SEC_STD01_A,45,R45-S53,VIP,AVAILABLE,0
SEC_STD01_A_R45_S54,SEC_STD01_A,45,R45-S54,VIP,AVAILABLE,0
SEC_STD01_A_R45_S55,SEC_STD01_A,45,R45-S55,VIP,AVAILABLE,0
SEC_STD01_A_R45_S56,SEC_STD01_A,45,R45-S56,VIP,AVAILABLE,0
SEC_STD01_A_R45_S57,SEC_STD01_A,45,R45-S57,VIP,AVAILABLE,0
SEC_STD01_A_R45_S58,SEC_STD01_A,45,R45-S58,VIP,AVAILABLE,0
SEC_STD01_A_R45_S59,SEC_STD01_A,45,R45-S59,VIP,AVAILABLE,0
SEC_STD01_A_R45_S60,SEC_STD01_A,45,R45-S60,VIP,AVAILABLE,0
SEC_STD01_A_R46_S01,SEC_STD01_A,46,R46-S01,VIP,AVAILABLE,0
SEC_STD01_A_R46_S02,SEC_STD01_A,46,R46-S02,VIP,AVAILABLE,0
SEC_STD01_A_R46_S03,SEC_STD01_A,46,R46-S03,VIP,AVAILABLE,0
SEC_STD01_A_R46_S04,SEC_STD01_A,46,R46-S04,VIP,AVAILABLE,0
SEC_STD01_A_R46_S05,SEC_STD01_A,46,R46-S05,VIP,AVAILABLE,0
SEC_STD01_A_R46_S06,SEC_STD01_A,46,R46-S06,VIP,AVAILABLE,0
SEC_STD01_A_R46_S07,SEC_STD01_A,46,R46-S07,VIP,AVAILABLE,0
SEC_STD01_A_R46_S08,SEC_STD01_A,46,R46-S08,VIP,AVAILABLE,0
SEC_STD01_A_R46_S09,SEC_STD01_A,46,R46-S09,VIP,AVAILABLE,0
SEC_STD01_A_R46_S10,SEC_STD01_A,46,R46-S10,VIP,AVAILABLE,0
SEC_STD01_A_R46_S11,SEC_STD01_A,46,R46-S11,VIP,AVAILABLE,0
SEC_STD01_A_R46_S12,SEC_STD01_A,46,R46-S12,VIP,AVAILABLE,0
SEC_STD01_A_R46_S13,SEC_STD01_A,46,R46-S13,VIP,AVAILABLE,0
SEC_STD01_A_R46_S14,SEC_STD01_A,46,R46-S14,VIP,AVAILABLE,0
SEC_STD01_A_R46_S15,SEC_STD01_A,46,R46-S15,VIP,AVAILABLE,0
SEC_STD01_A_R46_S16,SEC_STD01_A,46,R46-S16,VIP,AVAILABLE,0
SEC_STD01_A_R46_S17,SEC_STD01_A,46,R46-S17,VIP,AVAILABLE,0
SEC_STD01_A_R46_S18,SEC_STD01_A,46,R46-S18,VIP,AVAILABLE,0
SEC_STD01_A_R46_S19,SEC_STD01_A,46,R46-S19,VIP,AVAILABLE,0
SEC_STD01_A_R46_S20,SEC_STD01_A,46,R46-S20,VIP,AVAILABLE,0
SEC_STD01_A_R46_S21,SEC_STD01_A,46,R46-S21,VIP,AVAILABLE,0
SEC_STD01_A_R46_S22,SEC_STD01_A,46,R46-S22,VIP,AVAILABLE,0
SEC_STD01_A_R46_S23,SEC_STD01_A,46,R46-S23,VIP,AVAILABLE,0
SEC_STD01_A_R46_S24,SEC_STD01_A,46,R46-S24,VIP,AVAILABLE,0
SEC_STD01_A_R46_S25,SEC_STD01_A,46,R46-S25,VIP,AVAILABLE,0
SEC_STD01_A_R46_S26,SEC_STD01_A,46,R46-S26,VIP,AVAILABLE,0
SEC_STD01_A_R46_S27,SEC_STD01_A,46,R46-S27,VIP,AVAILABLE,0
SEC_STD01_A_R46_S28,SEC_STD01_A,46,R46-S28,VIP,AVAILABLE,0
SEC_STD01_A_R46_S29,SEC_STD01_A,46,R46-S29,VIP,AVAILABLE,0
SEC_STD01_A_R46_S30,SEC_STD01_A,46,R46-S30,VIP,AVAILABLE,0
SEC_STD01_A_R46_S31,SEC_STD01_A,46,R46-S31,VIP,AVAILABLE,0
SEC_STD01_A_R46_S32,SEC_STD01_A,46,R46-S32,VIP,AVAILABLE,0
SEC_STD01_A_R46_S33,SEC_STD01_A,46,R46-S33,VIP,AVAILABLE,0
SEC_STD01_A_R46_S34,SEC_STD01_A,46,R46-S34,VIP,AVAILABLE,0
SEC_STD01_A_R46_S35,SEC_STD01_A,46,R46-S35,VIP,AVAILABLE,0
SEC_STD01_A_R46_S36,SEC_STD01_A,46,R46-S36,VIP,AVAILABLE,0
SEC_STD01_A_R46_S37,SEC_STD01_A,46,R46-S37,VIP,AVAILABLE,0
SEC_STD01_A_R46_S38,SEC_STD01_A,46,R46-S38,VIP,AVAILABLE,0
SEC_STD01_A_R46_S39,SEC_STD01_A,46,R46-S39,VIP,AVAILABLE,0
SEC_STD01_A_R46_S40,SEC_STD01_A,46,R46-S40,VIP,AVAILABLE,0
SEC_STD01_A_R46_S41,SEC_STD01_A,46,R46-S41,VIP,AVAILABLE,0
SEC_STD01_A_R46_S42,SEC_STD01_A,46,R46-S42,VIP,AVAILABLE,0
SEC_STD01_A_R46_S43,SEC_STD01_A,46,R46-S43,VIP,AVAILABLE,0
SEC_STD01_A_R46_S44,SEC_STD01_A,46,R46-S44,VIP,AVAILABLE,0
SEC_STD01_A_R46_S45,SEC_STD01_A,46,R46-S45,VIP,AVAILABLE,0
SEC_STD01_A_R46_S46,SEC_STD01_A,46,R46-S46,VIP,AVAILABLE,0
SEC_STD01_A_R46_S47,SEC_STD01_A,46,R46-S47,VIP,AVAILABLE,0
SEC_STD01_A_R46_S48,SEC_STD01_A,46,R46-S48,VIP,AVAILABLE,0
SEC_STD01_A_R46_S49,SEC_STD01_A,46,R46-S49,VIP,AVAILABLE,0
SEC_STD01_A_R46_S50,SEC_STD01_A,46,R46-S50,VIP,AVAILABLE,0
SEC_STD01_A_R46_S51,SEC_STD01_A,46,R46-S51,VIP,AVAILABLE,0
SEC_STD01_A_R46_S52,SEC_STD01_A,46,R46-S52,VIP,AVAILABLE,0
SEC_STD01_A_R46_S53,SEC_STD01_A,46,R46-S53,VIP,AVAILABLE,0
SEC_STD01_A_R46_S54,SEC_STD01_A,46,R46-S54,VIP,AVAILABLE,0
SEC_STD01_A_R46_S55,SEC_STD01_A,46,R46-S55,VIP,AVAILABLE,0
SEC_STD01_A_R46_S56,SEC_STD01_A,46,R46-S56,VIP,AVAILABLE,0
SEC_STD01_A_R46_S57,SEC_STD01_A,46,R46-S57,VIP,AVAILABLE,0
SEC_STD01_A_R46_S58,SEC_STD01_A,46,R46-S58,VIP,AVAILABLE,0
SEC_STD01_A_R46_S59,SEC_STD01_A,46,R46-S59,VIP,AVAILABLE,0
SEC_STD01_A_R46_S60,SEC_STD01_A,46,R46-S60,VIP,AVAILABLE,0
SEC_STD01_A_R47_S01,SEC_STD01_A,47,R47-S01,VIP,AVAILABLE,0
SEC_STD01_A_R47_S02,SEC_STD01_A,47,R47-S02,VIP,AVAILABLE,0
SEC_STD01_A_R47_S03,SEC_STD01_A,47,R47-S03,VIP,AVAILABLE,0
SEC_STD01_A_R47_S04,SEC_STD01_A,47,R47-S04,VIP,AVAILABLE,0
SEC_STD01_A_R47_S05,SEC_STD01_A,47,R47-S05,VIP,AVAILABLE,0
SEC_STD01_A_R47_S06,SEC_STD01_A,47,R47-S06,VIP,AVAILABLE,0
SEC_STD01_A_R47_S07,SEC_STD01_A,47,R47-S07,VIP,AVAILABLE,0
SEC_STD01_A_R47_S08,SEC_STD01_A,47,R47-S08,VIP,AVAILABLE,0
SEC_STD01_A_R47_S09,SEC_STD01_A,47,R47-S09,VIP,AVAILABLE,0
SEC_STD01_A_R47_S10,SEC_STD01_A,47,R47-S10,VIP,AVAILABLE,0
SEC_STD01_A_R47_S11,SEC_STD01_A,47,R47-S11,VIP,AVAILABLE,0
SEC_STD01_A_R47_S12,SEC_STD01_A,47,R47-S12,VIP,AVAILABLE,0
SEC_STD01_A_R47_S13,SEC_STD01_A,47,R47-S13,VIP,AVAILABLE,0
SEC_STD01_A_R47_S14,SEC_STD01_A,47,R47-S14,VIP,AVAILABLE,0
SEC_STD01_A_R47_S15,SEC_STD01_A,47,R47-S15,VIP,AVAILABLE,0
SEC_STD01_A_R47_S16,SEC_STD01_A,47,R47-S16,VIP,AVAILABLE,0
SEC_STD01_A_R47_S17,SEC_STD01_A,47,R47-S17,VIP,AVAILABLE,0
SEC_STD01_A_R47_S18,SEC_STD01_A,47,R47-S18,VIP,AVAILABLE,0
SEC_STD01_A_R47_S19,SEC_STD01_A,47,R47-S19,VIP,AVAILABLE,0
SEC_STD01_A_R47_S20,SEC_STD01_A,47,R47-S20,VIP,AVAILABLE,0
SEC_STD01_A_R47_S21,SEC_STD01_A,47,R47-S21,VIP,AVAILABLE,0
SEC_STD01_A_R47_S22,SEC_STD01_A,47,R47-S22,VIP,AVAILABLE,0
SEC_STD01_A_R47_S23,SEC_STD01_A,47,R47-S23,VIP,AVAILABLE,0
SEC_STD01_A_R47_S24,SEC_STD01_A,47,R47-S24,VIP,AVAILABLE,0
SEC_STD01_A_R47_S25,SEC_STD01_A,47,R47-S25,VIP,AVAILABLE,0
SEC_STD01_A_R47_S26,SEC_STD01_A,47,R47-S26,VIP,AVAILABLE,0
SEC_STD01_A_R47_S27,SEC_STD01_A,47,R47-S27,VIP,AVAILABLE,0
SEC_STD01_A_R47_S28,SEC_STD01_A,47,R47-S28,VIP,AVAILABLE,0
SEC_STD01_A_R47_S29,SEC_STD01_A,47,R47-S29,VIP,AVAILABLE,0
SEC_STD01_A_R47_S30,SEC_STD01_A,47,R47-S30,VIP,AVAILABLE,0
SEC_STD01_A_R47_S31,SEC_STD01_A,47,R47-S31,VIP,AVAILABLE,0
SEC_STD01_A_R47_S32,SEC_STD01_A,47,R47-S32,VIP,AVAILABLE,0
SEC_STD01_A_R47_S33,SEC_STD01_A,47,R47-S33,VIP,AVAILABLE,0
SEC_STD01_A_R47_S34,SEC_STD01_A,47,R47-S34,VIP,AVAILABLE,0
SEC_STD01_A_R47_S35,SEC_STD01_A,47,R47-S35,VIP,AVAILABLE,0
SEC_STD01_A_R47_S36,SEC_STD01_A,47,R47-S36,VIP,AVAILABLE,0
SEC_STD01_A_R47_S37,SEC_STD01_A,47,R47-S37,VIP,AVAILABLE,0
SEC_STD01_A_R47_S38,SEC_STD01_A,47,R47-S38,VIP,AVAILABLE,0
SEC_STD01_A_R47_S39,SEC_STD01_A,47,R47-S39,VIP,AVAILABLE,0
SEC_STD01_A_R47_S40,SEC_STD01_A,47,R47-S40,VIP,AVAILABLE,0
SEC_STD01_A_R47_S41,SEC_STD01_A,47,R47-S41,VIP,AVAILABLE,0
SEC_STD01_A_R47_S42,SEC_STD01_A,47,R47-S42,VIP,AVAILABLE,0
SEC_STD01_A_R47_S43,SEC_STD01_A,47,R47-S43,VIP,AVAILABLE,0
SEC_STD01_A_R47_S44,SEC_STD01_A,47,R47-S44,VIP,AVAILABLE,0
SEC_STD01_A_R47_S45,SEC_STD01_A,47,R47-S45,VIP,AVAILABLE,0
SEC_STD01_A_R47_S46,SEC_STD01_A,47,R47-S46,VIP,AVAILABLE,0
SEC_STD01_A_R47_S47,SEC_STD01_A,47,R47-S47,VIP,AVAILABLE,0
SEC_STD01_A_R47_S48,SEC_STD01_A,47,R47-S48,VIP,AVAILABLE,0
SEC_STD01_A_R47_S49,SEC_STD01_A,47,R47-S49,VIP,AVAILABLE,0
SEC_STD01_A_R47_S50,SEC_STD01_A,47,R47-S50,VIP,AVAILABLE,0
SEC_STD01_A_R47_S51,SEC_STD01_A,47,R47-S51,VIP,AVAILABLE,0
SEC_STD01_A_R47_S52,SEC_STD01_A,47,R47-S52,VIP,AVAILABLE,0
SEC_STD01_A_R47_S53,SEC_STD01_A,47,R47-S53,VIP,AVAILABLE,0
SEC_STD01_A_R47_S54,SEC_STD01_A,47,R47-S54,VIP,AVAILABLE,0
SEC_STD01_A_R47_S55,SEC_STD01_A,47,R47-S55,VIP,AVAILABLE,0
SEC_STD01_A_R47_S56,SEC_STD01_A,47,R47-S56,VIP,AVAILABLE,0
SEC_STD01_A_R47_S57,SEC_STD01_A,47,R47-S57,VIP,AVAILABLE,0
SEC_STD01_A_R47_S58,SEC_STD01_A,47,R47-S58,VIP,AVAILABLE,0
SEC_STD01_A_R47_S59,SEC_STD01_A,47,R47-S59,VIP,AVAILABLE,0
SEC_STD01_A_R47_S60,SEC_STD01_A,47,R47-S60,VIP,AVAILABLE,0
SEC_STD01_A_R48_S01,SEC_STD01_A,48,R48-S01,VIP,AVAILABLE,0
SEC_STD01_A_R48_S02,SEC_STD01_A,48,R48-S02,VIP,AVAILABLE,0
SEC_STD01_A_R48_S03,SEC_STD01_A,48,R48-S03,VIP,AVAILABLE,0
SEC_STD01_A_R48_S04,SEC_STD01_A,48,R48-S04,VIP,AVAILABLE,0
SEC_STD01_A_R48_S05,SEC_STD01_A,48,R48-S05,VIP,AVAILABLE,0
SEC_STD01_A_R48_S06,SEC_STD01_A,48,R48-S06,VIP,AVAILABLE,0
SEC_STD01_A_R48_S07,SEC_STD01_A,48,R48-S07,VIP,AVAILABLE,0
SEC_STD01_A_R48_S08,SEC_STD01_A,48,R48-S08,VIP,AVAILABLE,0
SEC_STD01_A_R48_S09,SEC_STD01_A,48,R48-S09,VIP,AVAILABLE,0
SEC_STD01_A_R48_S10,SEC_STD01_A,48,R48-S10,VIP,AVAILABLE,0
SEC_STD01_A_R48_S11,SEC_STD01_A,48,R48-S11,VIP,AVAILABLE,0
SEC_STD01_A_R48_S12,SEC_STD01_A,48,R48-S12,VIP,AVAILABLE,0
SEC_STD01_A_R48_S13,SEC_STD01_A,48,R48-S13,VIP,AVAILABLE,0
SEC_STD01_A_R48_S14,SEC_STD01_A,48,R48-S14,VIP,AVAILABLE,0
SEC_STD01_A_R48_S15,SEC_STD01_A,48,R48-S15,VIP,AVAILABLE,0
SEC_STD01_A_R48_S16,SEC_STD01_A,48,R48-S16,VIP,AVAILABLE,0
SEC_STD01_A_R48_S17,SEC_STD01_A,48,R48-S17,VIP,AVAILABLE,0
SEC_STD01_A_R48_S18,SEC_STD01_A,48,R48-S18,VIP,AVAILABLE,0
SEC_STD01_A_R48_S19,SEC_STD01_A,48,R48-S19,VIP,AVAILABLE,0
SEC_STD01_A_R48_S20,SEC_STD01_A,48,R48-S20,VIP,AVAILABLE,0
SEC_STD01_A_R48_S21,SEC_STD01_A,48,R48-S21,VIP,AVAILABLE,0
SEC_STD01_A_R48_S22,SEC_STD01_A,48,R48-S22,VIP,AVAILABLE,0
SEC_STD01_A_R48_S23,SEC_STD01_A,48,R48-S23,VIP,AVAILABLE,0
SEC_STD01_A_R48_S24,SEC_STD01_A,48,R48-S24,VIP,AVAILABLE,0
SEC_STD01_A_R48_S25,SEC_STD01_A,48,R48-S25,VIP,AVAILABLE,0
SEC_STD01_A_R48_S26,SEC_STD01_A,48,R48-S26,VIP,AVAILABLE,0
SEC_STD01_A_R48_S27,SEC_STD01_A,48,R48-S27,VIP,AVAILABLE,0
SEC_STD01_A_R48_S28,SEC_STD01_A,48,R48-S28,VIP,AVAILABLE,0
SEC_STD01_A_R48_S29,SEC_STD01_A,48,R48-S29,VIP,AVAILABLE,0
SEC_STD01_A_R48_S30,SEC_STD01_A,48,R48-S30,VIP,AVAILABLE,0
SEC_STD01_A_R48_S31,SEC_STD01_A,48,R48-S31,VIP,AVAILABLE,0
SEC_STD01_A_R48_S32,SEC_STD01_A,48,R48-S32,VIP,AVAILABLE,0
SEC_STD01_A_R48_S33,SEC_STD01_A,48,R48-S33,VIP,AVAILABLE,0
SEC_STD01_A_R48_S34,SEC_STD01_A,48,R48-S34,VIP,AVAILABLE,0
SEC_STD01_A_R48_S35,SEC_STD01_A,48,R48-S35,VIP,AVAILABLE,0
SEC_STD01_A_R48_S36,SEC_STD01_A,48,R48-S36,VIP,AVAILABLE,0
SEC_STD01_A_R48_S37,SEC_STD01_A,48,R48-S37,VIP,AVAILABLE,0
SEC_STD01_A_R48_S38,SEC_STD01_A,48,R48-S38,VIP,AVAILABLE,0
SEC_STD01_A_R48_S39,SEC_STD01_A,48,R48-S39,VIP,AVAILABLE,0
SEC_STD01_A_R48_S40,SEC_STD01_A,48,R48-S40,VIP,AVAILABLE,0
SEC_STD01_A_R48_S41,SEC_STD01_A,48,R48-S41,VIP,AVAILABLE,0
SEC_STD01_A_R48_S42,SEC_STD01_A,48,R48-S42,VIP,AVAILABLE,0
SEC_STD01_A_R48_S43,SEC_STD01_A,48,R48-S43,VIP,AVAILABLE,0
SEC_STD01_A_R48_S44,SEC_STD01_A,48,R48-S44,VIP,AVAILABLE,0
SEC_STD01_A_R48_S45,SEC_STD01_A,48,R48-S45,VIP,AVAILABLE,0
SEC_STD01_A_R48_S46,SEC_STD01_A,48,R48-S46,VIP,AVAILABLE,0
SEC_STD01_A_R48_S47,SEC_STD01_A,48,R48-S47,VIP,AVAILABLE,0
SEC_STD01_A_R48_S48,SEC_STD01_A,48,R48-S48,VIP,AVAILABLE,0
SEC_STD01_A_R48_S49,SEC_STD01_A,48,R48-S49,VIP,AVAILABLE,0
SEC_STD01_A_R48_S50,SEC_STD01_A,48,R48-S50,VIP,AVAILABLE,0
SEC_STD01_A_R48_S51,SEC_STD01_A,48,R48-S51,VIP,AVAILABLE,0
SEC_STD01_A_R48_S52,SEC_STD01_A,48,R48-S52,VIP,AVAILABLE,0
SEC_STD01_A_R48_S53,SEC_STD01_A,48,R48-S53,VIP,AVAILABLE,0
SEC_STD01_A_R48_S54,SEC_STD01_A,48,R48-S54,VIP,AVAILABLE,0
SEC_STD01_A_R48_S55,SEC_STD01_A,48,R48-S55,VIP,AVAILABLE,0
SEC_STD01_A_R48_S56,SEC_STD01_A,48,R48-S56,VIP,AVAILABLE,0
SEC_STD01_A_R48_S57,SEC_STD01_A,48,R48-S57,VIP,AVAILABLE,0
SEC_STD01_A_R48_S58,SEC_STD01_A,48,R48-S58,VIP,AVAILABLE,0
SEC_STD01_A_R48_S59,SEC_STD01_A,48,R48-S59,VIP,AVAILABLE,0
SEC_STD01_A_R48_S60,SEC_STD01_A,48,R48-S60,VIP,AVAILABLE,0
SEC_STD01_A_R49_S01,SEC_STD01_A,49,R49-S01,VIP,AVAILABLE,0
SEC_STD01_A_R49_S02,SEC_STD01_A,49,R49-S02,VIP,AVAILABLE,0
SEC_STD01_A_R49_S03,SEC_STD01_A,49,R49-S03,VIP,AVAILABLE,0
SEC_STD01_A_R49_S04,SEC_STD01_A,49,R49-S04,VIP,AVAILABLE,0
SEC_STD01_A_R49_S05,SEC_STD01_A,49,R49-S05,VIP,AVAILABLE,0
SEC_STD01_A_R49_S06,SEC_STD01_A,49,R49-S06,VIP,AVAILABLE,0
SEC_STD01_A_R49_S07,SEC_STD01_A,49,R49-S07,VIP,AVAILABLE,0
SEC_STD01_A_R49_S08,SEC_STD01_A,49,R49-S08,VIP,AVAILABLE,0
SEC_STD01_A_R49_S09,SEC_STD01_A,49,R49-S09,VIP,AVAILABLE,0
SEC_STD01_A_R49_S10,SEC_STD01_A,49,R49-S10,VIP,AVAILABLE,0
SEC_STD01_A_R49_S11,SEC_STD01_A,49,R49-S11,VIP,AVAILABLE,0
SEC_STD01_A_R49_S12,SEC_STD01_A,49,R49-S12,VIP,AVAILABLE,0
SEC_STD01_A_R49_S13,SEC_STD01_A,49,R49-S13,VIP,AVAILABLE,0
SEC_STD01_A_R49_S14,SEC_STD01_A,49,R49-S14,VIP,AVAILABLE,0
SEC_STD01_A_R49_S15,SEC_STD01_A,49,R49-S15,VIP,AVAILABLE,0
SEC_STD01_A_R49_S16,SEC_STD01_A,49,R49-S16,VIP,AVAILABLE,0
SEC_STD01_A_R49_S17,SEC_STD01_A,49,R49-S17,VIP,AVAILABLE,0
SEC_STD01_A_R49_S18,SEC_STD01_A,49,R49-S18,VIP,AVAILABLE,0
SEC_STD01_A_R49_S19,SEC_STD01_A,49,R49-S19,VIP,AVAILABLE,0
SEC_STD01_A_R49_S20,SEC_STD01_A,49,R49-S20,VIP,AVAILABLE,0
SEC_STD01_A_R49_S21,SEC_STD01_A,49,R49-S21,VIP,AVAILABLE,0
SEC_STD01_A_R49_S22,SEC_STD01_A,49,R49-S22,VIP,AVAILABLE,0
SEC_STD01_A_R49_S23,SEC_STD01_A,49,R49-S23,VIP,AVAILABLE,0
SEC_STD01_A_R49_S24,SEC_STD01_A,49,R49-S24,VIP,AVAILABLE,0
SEC_STD01_A_R49_S25,SEC_STD01_A,49,R49-S25,VIP,AVAILABLE,0
SEC_STD01_A_R49_S26,SEC_STD01_A,49,R49-S26,VIP,AVAILABLE,0
SEC_STD01_A_R49_S27,SEC_STD01_A,49,R49-S27,VIP,AVAILABLE,0
SEC_STD01_A_R49_S28,SEC_STD01_A,49,R49-S28,VIP,AVAILABLE,0
SEC_STD01_A_R49_S29,SEC_STD01_A,49,R49-S29,VIP,AVAILABLE,0
SEC_STD01_A_R49_S30,SEC_STD01_A,49,R49-S30,VIP,AVAILABLE,0
SEC_STD01_A_R49_S31,SEC_STD01_A,49,R49-S31,VIP,AVAILABLE,0
SEC_STD01_A_R49_S32,SEC_STD01_A,49,R49-S32,VIP,AVAILABLE,0
SEC_STD01_A_R49_S33,SEC_STD01_A,49,R49-S33,VIP,AVAILABLE,0
SEC_STD01_A_R49_S34,SEC_STD01_A,49,R49-S34,VIP,AVAILABLE,0
SEC_STD01_A_R49_S35,SEC_STD01_A,49,R49-S35,VIP,AVAILABLE,0
SEC_STD01_A_R49_S36,SEC_STD01_A,49,R49-S36,VIP,AVAILABLE,0
SEC_STD01_A_R49_S37,SEC_STD01_A,49,R49-S37,VIP,AVAILABLE,0
SEC_STD01_A_R49_S38,SEC_STD01_A,49,R49-S38,VIP,AVAILABLE,0
SEC_STD01_A_R49_S39,SEC_STD01_A,49,R49-S39,VIP,AVAILABLE,0
SEC_STD01_A_R49_S40,SEC_STD01_A,49,R49-S40,VIP,AVAILABLE,0
SEC_STD01_A_R49_S41,SEC_STD01_A,49,R49-S41,VIP,AVAILABLE,0
SEC_STD01_A_R49_S42,SEC_STD01_A,49,R49-S42,VIP,AVAILABLE,0
SEC_STD01_A_R49_S43,SEC_STD01_A,49,R49-S43,VIP,AVAILABLE,0
SEC_STD01_A_R49_S44,SEC_STD01_A,49,R49-S44,VIP,AVAILABLE,0
SEC_STD01_A_R49_S45,SEC_STD01_A,49,R49-S45,VIP,AVAILABLE,0
SEC_STD01_A_R49_S46,SEC_STD01_A,49,R49-S46,VIP,AVAILABLE,0
SEC_STD01_A_R49_S47,SEC_STD01_A,49,R49-S47,VIP,AVAILABLE,0
SEC_STD01_A_R49_S48,SEC_STD01_A,49,R49-S48,VIP,AVAILABLE,0
SEC_STD01_A_R49_S49,SEC_STD01_A,49,R49-S49,VIP,AVAILABLE,0
SEC_STD01_A_R49_S50,SEC_STD01_A,49,R49-S50,VIP,AVAILABLE,0
SEC_STD01_A_R49_S51,SEC_STD01_A,49,R49-S51,VIP,AVAILABLE,0
SEC_STD01_A_R49_S52,SEC_STD01_A,49,R49-S52,VIP,AVAILABLE,0
SEC_STD01_A_R49_S53,SEC_STD01_A,49,R49-S53,VIP,AVAILABLE,0
SEC_STD01_A_R49_S54,SEC_STD01_A,49,R49-S54,VIP,AVAILABLE,0
SEC_STD01_A_R49_S55,SEC_STD01_A,49,R49-S55,VIP,AVAILABLE,0
SEC_STD01_A_R49_S56,SEC_STD01_A,49,R49-S56,VIP,AVAILABLE,0
SEC_STD01_A_R49_S57,SEC_STD01_A,49,R49-S57,VIP,AVAILABLE,0
SEC_STD01_A_R49_S58,SEC_STD01_A,49,R49-S58,VIP,AVAILABLE,0
SEC_STD01_A_R49_S59,SEC_STD01_A,49,R49-S59,VIP,AVAILABLE,0
SEC_STD01_A_R49_S60,SEC_STD01_A,49,R49-S60,VIP,AVAILABLE,0
SEC_STD01_A_R50_S01,SEC_STD01_A,50,R50-S01,VIP,AVAILABLE,0
SEC_STD01_A_R50_S02,SEC_STD01_A,50,R50-S02,VIP,AVAILABLE,0
SEC_STD01_A_R50_S03,SEC_STD01_A,50,R50-S03,VIP,AVAILABLE,0
SEC_STD01_A_R50_S04,SEC_STD01_A,50,R50-S04,VIP,AVAILABLE,0
SEC_STD01_A_R50_S05,SEC_STD01_A,50,R50-S05,VIP,AVAILABLE,0
SEC_STD01_A_R50_S06,SEC_STD01_A,50,R50-S06,VIP,AVAILABLE,0
SEC_STD01_A_R50_S07,SEC_STD01_A,50,R50-S07,VIP,AVAILABLE,0
SEC_STD01_A_R50_S08,SEC_STD01_A,50,R50-S08,VIP,AVAILABLE,0
SEC_STD01_A_R50_S09,SEC_STD01_A,50,R50-S09,VIP,AVAILABLE,0
SEC_STD01_A_R50_S10,SEC_STD01_A,50,R50-S10,VIP,AVAILABLE,0
SEC_STD01_A_R50_S11,SEC_STD01_A,50,R50-S11,VIP,AVAILABLE,0
SEC_STD01_A_R50_S12,SEC_STD01_A,50,R50-S12,VIP,AVAILABLE,0
SEC_STD01_A_R50_S13,SEC_STD01_A,50,R50-S13,VIP,AVAILABLE,0
SEC_STD01_A_R50_S14,SEC_STD01_A,50,R50-S14,VIP,AVAILABLE,0
SEC_STD01_A_R50_S15,SEC_STD01_A,50,R50-S15,VIP,AVAILABLE,0
SEC_STD01_A_R50_S16,SEC_STD01_A,50,R50-S16,VIP,AVAILABLE,0
SEC_STD01_A_R50_S17,SEC_STD01_A,50,R50-S17,VIP,AVAILABLE,0
SEC_STD01_A_R50_S18,SEC_STD01_A,50,R50-S18,VIP,AVAILABLE,0
SEC_STD01_A_R50_S19,SEC_STD01_A,50,R50-S19,VIP,AVAILABLE,0
SEC_STD01_A_R50_S20,SEC_STD01_A,50,R50-S20,VIP,AVAILABLE,0
SEC_STD01_A_R50_S21,SEC_STD01_A,50,R50-S21,VIP,AVAILABLE,0
SEC_STD01_A_R50_S22,SEC_STD01_A,50,R50-S22,VIP,AVAILABLE,0
SEC_STD01_A_R50_S23,SEC_STD01_A,50,R50-S23,VIP,AVAILABLE,0
SEC_STD01_A_R50_S24,SEC_STD01_A,50,R50-S24,VIP,AVAILABLE,0
SEC_STD01_A_R50_S25,SEC_STD01_A,50,R50-S25,VIP,AVAILABLE,0
SEC_STD01_A_R50_S26,SEC_STD01_A,50,R50-S26,VIP,AVAILABLE,0
SEC_STD01_A_R50_S27,SEC_STD01_A,50,R50-S27,VIP,AVAILABLE,0
SEC_STD01_A_R50_S28,SEC_STD01_A,50,R50-S28,VIP,AVAILABLE,0
SEC_STD01_A_R50_S29,SEC_STD01_A,50,R50-S29,VIP,AVAILABLE,0
SEC_STD01_A_R50_S30,SEC_STD01_A,50,R50-S30,VIP,AVAILABLE,0
SEC_STD01_A_R50_S31,SEC_STD01_A,50,R50-S31,VIP,AVAILABLE,0
SEC_STD01_A_R50_S32,SEC_STD01_A,50,R50-S32,VIP,AVAILABLE,0
SEC_STD01_A_R50_S33,SEC_STD01_A,50,R50-S33,VIP,AVAILABLE,0
SEC_STD01_A_R50_S34,SEC_STD01_A,50,R50-S34,VIP,AVAILABLE,0
SEC_STD01_A_R50_S35,SEC_STD01_A,50,R50-S35,VIP,AVAILABLE,0
SEC_STD01_A_R50_S36,SEC_STD01_A,50,R50-S36,VIP,AVAILABLE,0
SEC_STD01_A_R50_S37,SEC_STD01_A,50,R50-S37,VIP,AVAILABLE,0
SEC_STD01_A_R50_S38,SEC_STD01_A,50,R50-S38,VIP,AVAILABLE,0
SEC_STD01_A_R50_S39,SEC_STD01_A,50,R50-S39,VIP,AVAILABLE,0
SEC_STD01_A_R50_S40,SEC_STD01_A,50,R50-S40,VIP,AVAILABLE,0
SEC_STD01_A_R50_S41,SEC_STD01_A,50,R50-S41,VIP,AVAILABLE,0
SEC_STD01_A_R50_S42,SEC_STD01_A,50,R50-S42,VIP,AVAILABLE,0
SEC_STD01_A_R50_S43,SEC_STD01_A,50,R50-S43,VIP,AVAILABLE,0
SEC_STD01_A_R50_S44,SEC_STD01_A,50,R50-S44,VIP,AVAILABLE,0
SEC_STD01_A_R50_S45,SEC_STD01_A,50,R50-S45,VIP,AVAILABLE,0
SEC_STD01_A_R50_S46,SEC_STD01_A,50,R50-S46,VIP,AVAILABLE,0
SEC_STD01_A_R50_S47,SEC_STD01_A,50,R50-S47,VIP,AVAILABLE,0
SEC_STD01_A_R50_S48,SEC_STD01_A,50,R50-S48,VIP,AVAILABLE,0
SEC_STD01_A_R50_S49,SEC_STD01_A,50,R50-S49,VIP,AVAILABLE,0
SEC_STD01_A_R50_S50,SEC_STD01_A,50,R50-S50,VIP,AVAILABLE,0
SEC_STD01_A_R50_S51,SEC_STD01_A,50,R50-S51,VIP,AVAILABLE,0
SEC_STD01_A_R50_S52,SEC_STD01_A,50,R50-S52,VIP,AVAILABLE,0
SEC_STD01_A_R50_S53,SEC_STD01_A,50,R50-S53,VIP,AVAILABLE,0
SEC_STD01_A_R50_S54,SEC_STD01_A,50,R50-S54,VIP,AVAILABLE,0
SEC_STD01_A_R50_S55,SEC_STD01_A,50,R50-S55,VIP,AVAILABLE,0
SEC_STD01_A_R50_S56,SEC_STD01_A,50,R50-S56,VIP,AVAILABLE,0
SEC_STD01_A_R50_S57,SEC_STD01_A,50,R50-S57,VIP,AVAILABLE,0
SEC_STD01_A_R50_S58,SEC_STD01_A,50,R50-S58,VIP,AVAILABLE,0
SEC_STD01_A_R50_S59,SEC_STD01_A,50,R50-S59,VIP,AVAILABLE,0
SEC_STD01_A_R50_S60,SEC_STD01_A,50,R50-S60,VIP,AVAILABLE,0
SEC_STD01_B_R01_S01,SEC_STD01_B,1,R01-S01,STANDARD,AVAILABLE,0
SEC_STD01_B_R01_S02,SEC_STD01_B,1,R01-S02,STANDARD,AVAILABLE,0
SEC_STD01_B_R01_S03,SEC_STD01_B,1,R01-S03,STANDARD,AVAILABLE,0
SEC_STD01_B_R01_S04,SEC_STD01_B,1,R01-S04,STANDARD,AVAILABLE,0
SEC_STD01_B_R01_S05,SEC_STD01_B,1,R01-S05,STANDARD,AVAILABLE,0
SEC_STD01_B_R01_S06,SEC_STD01_B,1,R01-S06,STANDARD,AVAILABLE,0
SEC_STD01_B_R01_S07,SEC_STD01_B,1,R01-S07,STANDARD,AVAILABLE,0
SEC_STD01_B_R01_S08,SEC_STD01_B,1,R01-S08,STANDARD,AVAILABLE,0
SEC_STD01_B_R01_S09,SEC_STD01_B,1,R01-S09,STANDARD,AVAILABLE,0
SEC_STD01_B_R01_S10,SEC_STD01_B,1,R01-S10,STANDARD,AVAILABLE,0
SEC_STD01_B_R01_S11,SEC_STD01_B,1,R01-S11,STANDARD,AVAILABLE,0
SEC_STD01_B_R01_S12,SEC_STD01_B,1,R01-S12,STANDARD,AVAILABLE,0
SEC_STD01_B_R01_S13,SEC_STD01_B,1,R01-S13,STANDARD,AVAILABLE,0
SEC_STD01_B_R01_S14,SEC_STD01_B,1,R01-S14,STANDARD,AVAILABLE,0
SEC_STD01_B_R01_S15,SEC_STD01_B,1,R01-S15,STANDARD,AVAILABLE,0
SEC_STD01_B_R01_S16,SEC_STD01_B,1,R01-S16,STANDARD,AVAILABLE,0
SEC_STD01_B_R01_S17,SEC_STD01_B,1,R01-S17,STANDARD,AVAILABLE,0
SEC_STD01_B_R01_S18,SEC_STD01_B,1,R01-S18,STANDARD,AVAILABLE,0
SEC_STD01_B_R01_S19,SEC_STD01_B,1,R01-S19,STANDARD,AVAILABLE,0
SEC_STD01_B_R01_S20,SEC_STD01_B,1,R01-S20,STANDARD,AVAILABLE,0
SEC_STD01_B_R01_S21,SEC_STD01_B,1,R01-S21,STANDARD,AVAILABLE,0
SEC_STD01_B_R01_S22,SEC_STD01_B,1,R01-S22,STANDARD,AVAILABLE,0
SEC_STD01_B_R01_S23,SEC_STD01_B,1,R01-S23,STANDARD,AVAILABLE,0
SEC_STD01_B_R01_S24,SEC_STD01_B,1,R01-S24,STANDARD,AVAILABLE,0
SEC_STD01_B_R01_S25,SEC_STD01_B,1,R01-S25,STANDARD,AVAILABLE,0
SEC_STD01_B_R01_S26,SEC_STD01_B,1,R01-S26,STANDARD,AVAILABLE,0
SEC_STD01_B_R01_S27,SEC_STD01_B,1,R01-S27,STANDARD,AVAILABLE,0
SEC_STD01_B_R01_S28,SEC_STD01_B,1,R01-S28,STANDARD,AVAILABLE,0
SEC_STD01_B_R01_S29,SEC_STD01_B,1,R01-S29,STANDARD,AVAILABLE,0
SEC_STD01_B_R01_S30,SEC_STD01_B,1,R01-S30,STANDARD,AVAILABLE,0
SEC_STD01_B_R01_S31,SEC_STD01_B,1,R01-S31,STANDARD,AVAILABLE,0
SEC_STD01_B_R01_S32,SEC_STD01_B,1,R01-S32,STANDARD,AVAILABLE,0
SEC_STD01_B_R01_S33,SEC_STD01_B,1,R01-S33,STANDARD,AVAILABLE,0
SEC_STD01_B_R01_S34,SEC_STD01_B,1,R01-S34,STANDARD,AVAILABLE,0
SEC_STD01_B_R01_S35,SEC_STD01_B,1,R01-S35,STANDARD,AVAILABLE,0
SEC_STD01_B_R01_S36,SEC_STD01_B,1,R01-S36,STANDARD,AVAILABLE,0
SEC_STD01_B_R01_S37,SEC_STD01_B,1,R01-S37,STANDARD,AVAILABLE,0
SEC_STD01_B_R01_S38,SEC_STD01_B,1,R01-S38,STANDARD,AVAILABLE,0
SEC_STD01_B_R01_S39,SEC_STD01_B,1,R01-S39,STANDARD,AVAILABLE,0
SEC_STD01_B_R01_S40,SEC_STD01_B,1,R01-S40,STANDARD,AVAILABLE,0
SEC_STD01_B_R01_S41,SEC_STD01_B,1,R01-S41,STANDARD,AVAILABLE,0
SEC_STD01_B_R01_S42,SEC_STD01_B,1,R01-S42,STANDARD,AVAILABLE,0
SEC_STD01_B_R01_S43,SEC_STD01_B,1,R01-S43,STANDARD,AVAILABLE,0
SEC_STD01_B_R01_S44,SEC_STD01_B,1,R01-S44,STANDARD,AVAILABLE,0
SEC_STD01_B_R01_S45,SEC_STD01_B,1,R01-S45,STANDARD,AVAILABLE,0
SEC_STD01_B_R01_S46,SEC_STD01_B,1,R01-S46,STANDARD,AVAILABLE,0
SEC_STD01_B_R01_S47,SEC_STD01_B,1,R01-S47,STANDARD,AVAILABLE,0
SEC_STD01_B_R01_S48,SEC_STD01_B,1,R01-S48,STANDARD,AVAILABLE,0
SEC_STD01_B_R01_S49,SEC_STD01_B,1,R01-S49,STANDARD,AVAILABLE,0
SEC_STD01_B_R01_S50,SEC_STD01_B,1,R01-S50,STANDARD,AVAILABLE,0
SEC_STD01_B_R01_S51,SEC_STD01_B,1,R01-S51,STANDARD,AVAILABLE,0
SEC_STD01_B_R01_S52,SEC_STD01_B,1,R01-S52,STANDARD,AVAILABLE,0
SEC_STD01_B_R01_S53,SEC_STD01_B,1,R01-S53,STANDARD,AVAILABLE,0
SEC_STD01_B_R01_S54,SEC_STD01_B,1,R01-S54,STANDARD,AVAILABLE,0
SEC_STD01_B_R01_S55,SEC_STD01_B,1,R01-S55,STANDARD,AVAILABLE,0
SEC_STD01_B_R01_S56,SEC_STD01_B,1,R01-S56,STANDARD,AVAILABLE,0
SEC_STD01_B_R01_S57,SEC_STD01_B,1,R01-S57,STANDARD,AVAILABLE,0
SEC_STD01_B_R01_S58,SEC_STD01_B,1,R01-S58,STANDARD,AVAILABLE,0
SEC_STD01_B_R01_S59,SEC_STD01_B,1,R01-S59,STANDARD,AVAILABLE,0
SEC_STD01_B_R01_S60,SEC_STD01_B,1,R01-S60,STANDARD,AVAILABLE,0
SEC_STD01_B_R02_S01,SEC_STD01_B,2,R02-S01,STANDARD,AVAILABLE,0
SEC_STD01_B_R02_S02,SEC_STD01_B,2,R02-S02,STANDARD,AVAILABLE,0
SEC_STD01_B_R02_S03,SEC_STD01_B,2,R02-S03,STANDARD,AVAILABLE,0
SEC_STD01_B_R02_S04,SEC_STD01_B,2,R02-S04,STANDARD,AVAILABLE,0
SEC_STD01_B_R02_S05,SEC_STD01_B,2,R02-S05,STANDARD,AVAILABLE,0
SEC_STD01_B_R02_S06,SEC_STD01_B,2,R02-S06,STANDARD,AVAILABLE,0
SEC_STD01_B_R02_S07,SEC_STD01_B,2,R02-S07,STANDARD,AVAILABLE,0
SEC_STD01_B_R02_S08,SEC_STD01_B,2,R02-S08,STANDARD,AVAILABLE,0
SEC_STD01_B_R02_S09,SEC_STD01_B,2,R02-S09,STANDARD,AVAILABLE,0
SEC_STD01_B_R02_S10,SEC_STD01_B,2,R02-S10,STANDARD,AVAILABLE,0
SEC_STD01_B_R02_S11,SEC_STD01_B,2,R02-S11,STANDARD,AVAILABLE,0
SEC_STD01_B_R02_S12,SEC_STD01_B,2,R02-S12,STANDARD,AVAILABLE,0
SEC_STD01_B_R02_S13,SEC_STD01_B,2,R02-S13,STANDARD,AVAILABLE,0
SEC_STD01_B_R02_S14,SEC_STD01_B,2,R02-S14,STANDARD,AVAILABLE,0
SEC_STD01_B_R02_S15,SEC_STD01_B,2,R02-S15,STANDARD,AVAILABLE,0
SEC_STD01_B_R02_S16,SEC_STD01_B,2,R02-S16,STANDARD,AVAILABLE,0
SEC_STD01_B_R02_S17,SEC_STD01_B,2,R02-S17,STANDARD,AVAILABLE,0
SEC_STD01_B_R02_S18,SEC_STD01_B,2,R02-S18,STANDARD,AVAILABLE,0
SEC_STD01_B_R02_S19,SEC_STD01_B,2,R02-S19,STANDARD,AVAILABLE,0
SEC_STD01_B_R02_S20,SEC_STD01_B,2,R02-S20,STANDARD,AVAILABLE,0
SEC_STD01_B_R02_S21,SEC_STD01_B,2,R02-S21,STANDARD,AVAILABLE,0
SEC_STD01_B_R02_S22,SEC_STD01_B,2,R02-S22,STANDARD,AVAILABLE,0
SEC_STD01_B_R02_S23,SEC_STD01_B,2,R02-S23,STANDARD,AVAILABLE,0
SEC_STD01_B_R02_S24,SEC_STD01_B,2,R02-S24,STANDARD,AVAILABLE,0
SEC_STD01_B_R02_S25,SEC_STD01_B,2,R02-S25,STANDARD,AVAILABLE,0
SEC_STD01_B_R02_S26,SEC_STD01_B,2,R02-S26,STANDARD,AVAILABLE,0
SEC_STD01_B_R02_S27,SEC_STD01_B,2,R02-S27,STANDARD,AVAILABLE,0
SEC_STD01_B_R02_S28,SEC_STD01_B,2,R02-S28,STANDARD,AVAILABLE,0
SEC_STD01_B_R02_S29,SEC_STD01_B,2,R02-S29,STANDARD,AVAILABLE,0
SEC_STD01_B_R02_S30,SEC_STD01_B,2,R02-S30,STANDARD,AVAILABLE,0
SEC_STD01_B_R02_S31,SEC_STD01_B,2,R02-S31,STANDARD,AVAILABLE,0
SEC_STD01_B_R02_S32,SEC_STD01_B,2,R02-S32,STANDARD,AVAILABLE,0
SEC_STD01_B_R02_S33,SEC_STD01_B,2,R02-S33,STANDARD,AVAILABLE,0
SEC_STD01_B_R02_S34,SEC_STD01_B,2,R02-S34,STANDARD,AVAILABLE,0
SEC_STD01_B_R02_S35,SEC_STD01_B,2,R02-S35,STANDARD,AVAILABLE,0
SEC_STD01_B_R02_S36,SEC_STD01_B,2,R02-S36,STANDARD,AVAILABLE,0
SEC_STD01_B_R02_S37,SEC_STD01_B,2,R02-S37,STANDARD,AVAILABLE,0
SEC_STD01_B_R02_S38,SEC_STD01_B,2,R02-S38,STANDARD,AVAILABLE,0
SEC_STD01_B_R02_S39,SEC_STD01_B,2,R02-S39,STANDARD,AVAILABLE,0
SEC_STD01_B_R02_S40,SEC_STD01_B,2,R02-S40,STANDARD,AVAILABLE,0
SEC_STD01_B_R02_S41,SEC_STD01_B,2,R02-S41,STANDARD,AVAILABLE,0
SEC_STD01_B_R02_S42,SEC_STD01_B,2,R02-S42,STANDARD,AVAILABLE,0
SEC_STD01_B_R02_S43,SEC_STD01_B,2,R02-S43,STANDARD,AVAILABLE,0
SEC_STD01_B_R02_S44,SEC_STD01_B,2,R02-S44,STANDARD,AVAILABLE,0
SEC_STD01_B_R02_S45,SEC_STD01_B,2,R02-S45,STANDARD,AVAILABLE,0
SEC_STD01_B_R02_S46,SEC_STD01_B,2,R02-S46,STANDARD,AVAILABLE,0
SEC_STD01_B_R02_S47,SEC_STD01_B,2,R02-S47,STANDARD,AVAILABLE,0
SEC_STD01_B_R02_S48,SEC_STD01_B,2,R02-S48,STANDARD,AVAILABLE,0
SEC_STD01_B_R02_S49,SEC_STD01_B,2,R02-S49,STANDARD,AVAILABLE,0
SEC_STD01_B_R02_S50,SEC_STD01_B,2,R02-S50,STANDARD,AVAILABLE,0
SEC_STD01_B_R02_S51,SEC_STD01_B,2,R02-S51,STANDARD,AVAILABLE,0
SEC_STD01_B_R02_S52,SEC_STD01_B,2,R02-S52,STANDARD,AVAILABLE,0
SEC_STD01_B_R02_S53,SEC_STD01_B,2,R02-S53,STANDARD,AVAILABLE,0
SEC_STD01_B_R02_S54,SEC_STD01_B,2,R02-S54,STANDARD,AVAILABLE,0
SEC_STD01_B_R02_S55,SEC_STD01_B,2,R02-S55,STANDARD,AVAILABLE,0
SEC_STD01_B_R02_S56,SEC_STD01_B,2,R02-S56,STANDARD,AVAILABLE,0
SEC_STD01_B_R02_S57,SEC_STD01_B,2,R02-S57,STANDARD,AVAILABLE,0
SEC_STD01_B_R02_S58,SEC_STD01_B,2,R02-S58,STANDARD,AVAILABLE,0
SEC_STD01_B_R02_S59,SEC_STD01_B,2,R02-S59,STANDARD,AVAILABLE,0
SEC_STD01_B_R02_S60,SEC_STD01_B,2,R02-S60,STANDARD,AVAILABLE,0
SEC_STD01_B_R03_S01,SEC_STD01_B,3,R03-S01,STANDARD,AVAILABLE,0
SEC_STD01_B_R03_S02,SEC_STD01_B,3,R03-S02,STANDARD,AVAILABLE,0
SEC_STD01_B_R03_S03,SEC_STD01_B,3,R03-S03,STANDARD,AVAILABLE,0
SEC_STD01_B_R03_S04,SEC_STD01_B,3,R03-S04,STANDARD,AVAILABLE,0
SEC_STD01_B_R03_S05,SEC_STD01_B,3,R03-S05,STANDARD,AVAILABLE,0
SEC_STD01_B_R03_S06,SEC_STD01_B,3,R03-S06,STANDARD,AVAILABLE,0
SEC_STD01_B_R03_S07,SEC_STD01_B,3,R03-S07,STANDARD,AVAILABLE,0
SEC_STD01_B_R03_S08,SEC_STD01_B,3,R03-S08,STANDARD,AVAILABLE,0
SEC_STD01_B_R03_S09,SEC_STD01_B,3,R03-S09,STANDARD,AVAILABLE,0
SEC_STD01_B_R03_S10,SEC_STD01_B,3,R03-S10,STANDARD,AVAILABLE,0
SEC_STD01_B_R03_S11,SEC_STD01_B,3,R03-S11,STANDARD,AVAILABLE,0
SEC_STD01_B_R03_S12,SEC_STD01_B,3,R03-S12,STANDARD,AVAILABLE,0
SEC_STD01_B_R03_S13,SEC_STD01_B,3,R03-S13,STANDARD,AVAILABLE,0
SEC_STD01_B_R03_S14,SEC_STD01_B,3,R03-S14,STANDARD,AVAILABLE,0
SEC_STD01_B_R03_S15,SEC_STD01_B,3,R03-S15,STANDARD,AVAILABLE,0
SEC_STD01_B_R03_S16,SEC_STD01_B,3,R03-S16,STANDARD,AVAILABLE,0
SEC_STD01_B_R03_S17,SEC_STD01_B,3,R03-S17,STANDARD,AVAILABLE,0
SEC_STD01_B_R03_S18,SEC_STD01_B,3,R03-S18,STANDARD,AVAILABLE,0
SEC_STD01_B_R03_S19,SEC_STD01_B,3,R03-S19,STANDARD,AVAILABLE,0
SEC_STD01_B_R03_S20,SEC_STD01_B,3,R03-S20,STANDARD,AVAILABLE,0
SEC_STD01_B_R03_S21,SEC_STD01_B,3,R03-S21,STANDARD,AVAILABLE,0
SEC_STD01_B_R03_S22,SEC_STD01_B,3,R03-S22,STANDARD,AVAILABLE,0
SEC_STD01_B_R03_S23,SEC_STD01_B,3,R03-S23,STANDARD,AVAILABLE,0
SEC_STD01_B_R03_S24,SEC_STD01_B,3,R03-S24,STANDARD,AVAILABLE,0
SEC_STD01_B_R03_S25,SEC_STD01_B,3,R03-S25,STANDARD,AVAILABLE,0
SEC_STD01_B_R03_S26,SEC_STD01_B,3,R03-S26,STANDARD,AVAILABLE,0
SEC_STD01_B_R03_S27,SEC_STD01_B,3,R03-S27,STANDARD,AVAILABLE,0
SEC_STD01_B_R03_S28,SEC_STD01_B,3,R03-S28,STANDARD,AVAILABLE,0
SEC_STD01_B_R03_S29,SEC_STD01_B,3,R03-S29,STANDARD,AVAILABLE,0
SEC_STD01_B_R03_S30,SEC_STD01_B,3,R03-S30,STANDARD,AVAILABLE,0
SEC_STD01_B_R03_S31,SEC_STD01_B,3,R03-S31,STANDARD,AVAILABLE,0
SEC_STD01_B_R03_S32,SEC_STD01_B,3,R03-S32,STANDARD,AVAILABLE,0
SEC_STD01_B_R03_S33,SEC_STD01_B,3,R03-S33,STANDARD,AVAILABLE,0
SEC_STD01_B_R03_S34,SEC_STD01_B,3,R03-S34,STANDARD,AVAILABLE,0
SEC_STD01_B_R03_S35,SEC_STD01_B,3,R03-S35,STANDARD,AVAILABLE,0
SEC_STD01_B_R03_S36,SEC_STD01_B,3,R03-S36,STANDARD,AVAILABLE,0
SEC_STD01_B_R03_S37,SEC_STD01_B,3,R03-S37,STANDARD,AVAILABLE,0
SEC_STD01_B_R03_S38,SEC_STD01_B,3,R03-S38,STANDARD,AVAILABLE,0
SEC_STD01_B_R03_S39,SEC_STD01_B,3,R03-S39,STANDARD,AVAILABLE,0
SEC_STD01_B_R03_S40,SEC_STD01_B,3,R03-S40,STANDARD,AVAILABLE,0
SEC_STD01_B_R03_S41,SEC_STD01_B,3,R03-S41,STANDARD,AVAILABLE,0
SEC_STD01_B_R03_S42,SEC_STD01_B,3,R03-S42,STANDARD,AVAILABLE,0
SEC_STD01_B_R03_S43,SEC_STD01_B,3,R03-S43,STANDARD,AVAILABLE,0
SEC_STD01_B_R03_S44,SEC_STD01_B,3,R03-S44,STANDARD,AVAILABLE,0
SEC_STD01_B_R03_S45,SEC_STD01_B,3,R03-S45,STANDARD,AVAILABLE,0
SEC_STD01_B_R03_S46,SEC_STD01_B,3,R03-S46,STANDARD,AVAILABLE,0
SEC_STD01_B_R03_S47,SEC_STD01_B,3,R03-S47,STANDARD,AVAILABLE,0
SEC_STD01_B_R03_S48,SEC_STD01_B,3,R03-S48,STANDARD,AVAILABLE,0
SEC_STD01_B_R03_S49,SEC_STD01_B,3,R03-S49,STANDARD,AVAILABLE,0
SEC_STD01_B_R03_S50,SEC_STD01_B,3,R03-S50,STANDARD,AVAILABLE,0
SEC_STD01_B_R03_S51,SEC_STD01_B,3,R03-S51,STANDARD,AVAILABLE,0
SEC_STD01_B_R03_S52,SEC_STD01_B,3,R03-S52,STANDARD,AVAILABLE,0
SEC_STD01_B_R03_S53,SEC_STD01_B,3,R03-S53,STANDARD,AVAILABLE,0
SEC_STD01_B_R03_S54,SEC_STD01_B,3,R03-S54,STANDARD,AVAILABLE,0
SEC_STD01_B_R03_S55,SEC_STD01_B,3,R03-S55,STANDARD,AVAILABLE,0
SEC_STD01_B_R03_S56,SEC_STD01_B,3,R03-S56,STANDARD,AVAILABLE,0
SEC_STD01_B_R03_S57,SEC_STD01_B,3,R03-S57,STANDARD,AVAILABLE,0
SEC_STD01_B_R03_S58,SEC_STD01_B,3,R03-S58,STANDARD,AVAILABLE,0
SEC_STD01_B_R03_S59,SEC_STD01_B,3,R03-S59,STANDARD,AVAILABLE,0
SEC_STD01_B_R03_S60,SEC_STD01_B,3,R03-S60,STANDARD,AVAILABLE,0
SEC_STD01_B_R04_S01,SEC_STD01_B,4,R04-S01,STANDARD,AVAILABLE,0
SEC_STD01_B_R04_S02,SEC_STD01_B,4,R04-S02,STANDARD,AVAILABLE,0
SEC_STD01_B_R04_S03,SEC_STD01_B,4,R04-S03,STANDARD,AVAILABLE,0
SEC_STD01_B_R04_S04,SEC_STD01_B,4,R04-S04,STANDARD,AVAILABLE,0
SEC_STD01_B_R04_S05,SEC_STD01_B,4,R04-S05,STANDARD,AVAILABLE,0
SEC_STD01_B_R04_S06,SEC_STD01_B,4,R04-S06,STANDARD,AVAILABLE,0
SEC_STD01_B_R04_S07,SEC_STD01_B,4,R04-S07,STANDARD,AVAILABLE,0
SEC_STD01_B_R04_S08,SEC_STD01_B,4,R04-S08,STANDARD,AVAILABLE,0
SEC_STD01_B_R04_S09,SEC_STD01_B,4,R04-S09,STANDARD,AVAILABLE,0
SEC_STD01_B_R04_S10,SEC_STD01_B,4,R04-S10,STANDARD,AVAILABLE,0
SEC_STD01_B_R04_S11,SEC_STD01_B,4,R04-S11,STANDARD,AVAILABLE,0
SEC_STD01_B_R04_S12,SEC_STD01_B,4,R04-S12,STANDARD,AVAILABLE,0
SEC_STD01_B_R04_S13,SEC_STD01_B,4,R04-S13,STANDARD,AVAILABLE,0
SEC_STD01_B_R04_S14,SEC_STD01_B,4,R04-S14,STANDARD,AVAILABLE,0
SEC_STD01_B_R04_S15,SEC_STD01_B,4,R04-S15,STANDARD,AVAILABLE,0
SEC_STD01_B_R04_S16,SEC_STD01_B,4,R04-S16,STANDARD,AVAILABLE,0
SEC_STD01_B_R04_S17,SEC_STD01_B,4,R04-S17,STANDARD,AVAILABLE,0
SEC_STD01_B_R04_S18,SEC_STD01_B,4,R04-S18,STANDARD,AVAILABLE,0
SEC_STD01_B_R04_S19,SEC_STD01_B,4,R04-S19,STANDARD,AVAILABLE,0
SEC_STD01_B_R04_S20,SEC_STD01_B,4,R04-S20,STANDARD,AVAILABLE,0
SEC_STD01_B_R04_S21,SEC_STD01_B,4,R04-S21,STANDARD,AVAILABLE,0
SEC_STD01_B_R04_S22,SEC_STD01_B,4,R04-S22,STANDARD,AVAILABLE,0
SEC_STD01_B_R04_S23,SEC_STD01_B,4,R04-S23,STANDARD,AVAILABLE,0
SEC_STD01_B_R04_S24,SEC_STD01_B,4,R04-S24,STANDARD,AVAILABLE,0
SEC_STD01_B_R04_S25,SEC_STD01_B,4,R04-S25,STANDARD,AVAILABLE,0
SEC_STD01_B_R04_S26,SEC_STD01_B,4,R04-S26,STANDARD,AVAILABLE,0
SEC_STD01_B_R04_S27,SEC_STD01_B,4,R04-S27,STANDARD,AVAILABLE,0
SEC_STD01_B_R04_S28,SEC_STD01_B,4,R04-S28,STANDARD,AVAILABLE,0
SEC_STD01_B_R04_S29,SEC_STD01_B,4,R04-S29,STANDARD,AVAILABLE,0
SEC_STD01_B_R04_S30,SEC_STD01_B,4,R04-S30,STANDARD,AVAILABLE,0
SEC_STD01_B_R04_S31,SEC_STD01_B,4,R04-S31,STANDARD,AVAILABLE,0
SEC_STD01_B_R04_S32,SEC_STD01_B,4,R04-S32,STANDARD,AVAILABLE,0
SEC_STD01_B_R04_S33,SEC_STD01_B,4,R04-S33,STANDARD,AVAILABLE,0
SEC_STD01_B_R04_S34,SEC_STD01_B,4,R04-S34,STANDARD,AVAILABLE,0
SEC_STD01_B_R04_S35,SEC_STD01_B,4,R04-S35,STANDARD,AVAILABLE,0
SEC_STD01_B_R04_S36,SEC_STD01_B,4,R04-S36,STANDARD,AVAILABLE,0
SEC_STD01_B_R04_S37,SEC_STD01_B,4,R04-S37,STANDARD,AVAILABLE,0
SEC_STD01_B_R04_S38,SEC_STD01_B,4,R04-S38,STANDARD,AVAILABLE,0
SEC_STD01_B_R04_S39,SEC_STD01_B,4,R04-S39,STANDARD,AVAILABLE,0
SEC_STD01_B_R04_S40,SEC_STD01_B,4,R04-S40,STANDARD,AVAILABLE,0
SEC_STD01_B_R04_S41,SEC_STD01_B,4,R04-S41,STANDARD,AVAILABLE,0
SEC_STD01_B_R04_S42,SEC_STD01_B,4,R04-S42,STANDARD,AVAILABLE,0
SEC_STD01_B_R04_S43,SEC_STD01_B,4,R04-S43,STANDARD,AVAILABLE,0
SEC_STD01_B_R04_S44,SEC_STD01_B,4,R04-S44,STANDARD,AVAILABLE,0
SEC_STD01_B_R04_S45,SEC_STD01_B,4,R04-S45,STANDARD,AVAILABLE,0
SEC_STD01_B_R04_S46,SEC_STD01_B,4,R04-S46,STANDARD,AVAILABLE,0
SEC_STD01_B_R04_S47,SEC_STD01_B,4,R04-S47,STANDARD,AVAILABLE,0
SEC_STD01_B_R04_S48,SEC_STD01_B,4,R04-S48,STANDARD,AVAILABLE,0
SEC_STD01_B_R04_S49,SEC_STD01_B,4,R04-S49,STANDARD,AVAILABLE,0
SEC_STD01_B_R04_S50,SEC_STD01_B,4,R04-S50,STANDARD,AVAILABLE,0
SEC_STD01_B_R04_S51,SEC_STD01_B,4,R04-S51,STANDARD,AVAILABLE,0
SEC_STD01_B_R04_S52,SEC_STD01_B,4,R04-S52,STANDARD,AVAILABLE,0
SEC_STD01_B_R04_S53,SEC_STD01_B,4,R04-S53,STANDARD,AVAILABLE,0
SEC_STD01_B_R04_S54,SEC_STD01_B,4,R04-S54,STANDARD,AVAILABLE,0
SEC_STD01_B_R04_S55,SEC_STD01_B,4,R04-S55,STANDARD,AVAILABLE,0
SEC_STD01_B_R04_S56,SEC_STD01_B,4,R04-S56,STANDARD,AVAILABLE,0
SEC_STD01_B_R04_S57,SEC_STD01_B,4,R04-S57,STANDARD,AVAILABLE,0
SEC_STD01_B_R04_S58,SEC_STD01_B,4,R04-S58,STANDARD,AVAILABLE,0
SEC_STD01_B_R04_S59,SEC_STD01_B,4,R04-S59,STANDARD,AVAILABLE,0
SEC_STD01_B_R04_S60,SEC_STD01_B,4,R04-S60,STANDARD,AVAILABLE,0
SEC_STD01_B_R05_S01,SEC_STD01_B,5,R05-S01,STANDARD,AVAILABLE,0
SEC_STD01_B_R05_S02,SEC_STD01_B,5,R05-S02,STANDARD,AVAILABLE,0
SEC_STD01_B_R05_S03,SEC_STD01_B,5,R05-S03,STANDARD,AVAILABLE,0
SEC_STD01_B_R05_S04,SEC_STD01_B,5,R05-S04,STANDARD,AVAILABLE,0
SEC_STD01_B_R05_S05,SEC_STD01_B,5,R05-S05,STANDARD,AVAILABLE,0
SEC_STD01_B_R05_S06,SEC_STD01_B,5,R05-S06,STANDARD,AVAILABLE,0
SEC_STD01_B_R05_S07,SEC_STD01_B,5,R05-S07,STANDARD,AVAILABLE,0
SEC_STD01_B_R05_S08,SEC_STD01_B,5,R05-S08,STANDARD,AVAILABLE,0
SEC_STD01_B_R05_S09,SEC_STD01_B,5,R05-S09,STANDARD,AVAILABLE,0
SEC_STD01_B_R05_S10,SEC_STD01_B,5,R05-S10,STANDARD,AVAILABLE,0
SEC_STD01_B_R05_S11,SEC_STD01_B,5,R05-S11,STANDARD,AVAILABLE,0
SEC_STD01_B_R05_S12,SEC_STD01_B,5,R05-S12,STANDARD,AVAILABLE,0
SEC_STD01_B_R05_S13,SEC_STD01_B,5,R05-S13,STANDARD,AVAILABLE,0
SEC_STD01_B_R05_S14,SEC_STD01_B,5,R05-S14,STANDARD,AVAILABLE,0
SEC_STD01_B_R05_S15,SEC_STD01_B,5,R05-S15,STANDARD,AVAILABLE,0
SEC_STD01_B_R05_S16,SEC_STD01_B,5,R05-S16,STANDARD,AVAILABLE,0
SEC_STD01_B_R05_S17,SEC_STD01_B,5,R05-S17,STANDARD,AVAILABLE,0
SEC_STD01_B_R05_S18,SEC_STD01_B,5,R05-S18,STANDARD,AVAILABLE,0
SEC_STD01_B_R05_S19,SEC_STD01_B,5,R05-S19,STANDARD,AVAILABLE,0
SEC_STD01_B_R05_S20,SEC_STD01_B,5,R05-S20,STANDARD,AVAILABLE,0
SEC_STD01_B_R05_S21,SEC_STD01_B,5,R05-S21,STANDARD,AVAILABLE,0
SEC_STD01_B_R05_S22,SEC_STD01_B,5,R05-S22,STANDARD,AVAILABLE,0
SEC_STD01_B_R05_S23,SEC_STD01_B,5,R05-S23,STANDARD,AVAILABLE,0
SEC_STD01_B_R05_S24,SEC_STD01_B,5,R05-S24,STANDARD,AVAILABLE,0
SEC_STD01_B_R05_S25,SEC_STD01_B,5,R05-S25,STANDARD,AVAILABLE,0
SEC_STD01_B_R05_S26,SEC_STD01_B,5,R05-S26,STANDARD,AVAILABLE,0
SEC_STD01_B_R05_S27,SEC_STD01_B,5,R05-S27,STANDARD,AVAILABLE,0
SEC_STD01_B_R05_S28,SEC_STD01_B,5,R05-S28,STANDARD,AVAILABLE,0
SEC_STD01_B_R05_S29,SEC_STD01_B,5,R05-S29,STANDARD,AVAILABLE,0
SEC_STD01_B_R05_S30,SEC_STD01_B,5,R05-S30,STANDARD,AVAILABLE,0
SEC_STD01_B_R05_S31,SEC_STD01_B,5,R05-S31,STANDARD,AVAILABLE,0
SEC_STD01_B_R05_S32,SEC_STD01_B,5,R05-S32,STANDARD,AVAILABLE,0
SEC_STD01_B_R05_S33,SEC_STD01_B,5,R05-S33,STANDARD,AVAILABLE,0
SEC_STD01_B_R05_S34,SEC_STD01_B,5,R05-S34,STANDARD,AVAILABLE,0
SEC_STD01_B_R05_S35,SEC_STD01_B,5,R05-S35,STANDARD,AVAILABLE,0
SEC_STD01_B_R05_S36,SEC_STD01_B,5,R05-S36,STANDARD,AVAILABLE,0
SEC_STD01_B_R05_S37,SEC_STD01_B,5,R05-S37,STANDARD,AVAILABLE,0
SEC_STD01_B_R05_S38,SEC_STD01_B,5,R05-S38,STANDARD,AVAILABLE,0
SEC_STD01_B_R05_S39,SEC_STD01_B,5,R05-S39,STANDARD,AVAILABLE,0
SEC_STD01_B_R05_S40,SEC_STD01_B,5,R05-S40,STANDARD,AVAILABLE,0
SEC_STD01_B_R05_S41,SEC_STD01_B,5,R05-S41,STANDARD,AVAILABLE,0
SEC_STD01_B_R05_S42,SEC_STD01_B,5,R05-S42,STANDARD,AVAILABLE,0
SEC_STD01_B_R05_S43,SEC_STD01_B,5,R05-S43,STANDARD,AVAILABLE,0
SEC_STD01_B_R05_S44,SEC_STD01_B,5,R05-S44,STANDARD,AVAILABLE,0
SEC_STD01_B_R05_S45,SEC_STD01_B,5,R05-S45,STANDARD,AVAILABLE,0
SEC_STD01_B_R05_S46,SEC_STD01_B,5,R05-S46,STANDARD,AVAILABLE,0
SEC_STD01_B_R05_S47,SEC_STD01_B,5,R05-S47,STANDARD,AVAILABLE,0
SEC_STD01_B_R05_S48,SEC_STD01_B,5,R05-S48,STANDARD,AVAILABLE,0
SEC_STD01_B_R05_S49,SEC_STD01_B,5,R05-S49,STANDARD,AVAILABLE,0
SEC_STD01_B_R05_S50,SEC_STD01_B,5,R05-S50,STANDARD,AVAILABLE,0
SEC_STD01_B_R05_S51,SEC_STD01_B,5,R05-S51,STANDARD,AVAILABLE,0
SEC_STD01_B_R05_S52,SEC_STD01_B,5,R05-S52,STANDARD,AVAILABLE,0
SEC_STD01_B_R05_S53,SEC_STD01_B,5,R05-S53,STANDARD,AVAILABLE,0
SEC_STD01_B_R05_S54,SEC_STD01_B,5,R05-S54,STANDARD,AVAILABLE,0
SEC_STD01_B_R05_S55,SEC_STD01_B,5,R05-S55,STANDARD,AVAILABLE,0
SEC_STD01_B_R05_S56,SEC_STD01_B,5,R05-S56,STANDARD,AVAILABLE,0
SEC_STD01_B_R05_S57,SEC_STD01_B,5,R05-S57,STANDARD,AVAILABLE,0
SEC_STD01_B_R05_S58,SEC_STD01_B,5,R05-S58,STANDARD,AVAILABLE,0
SEC_STD01_B_R05_S59,SEC_STD01_B,5,R05-S59,STANDARD,AVAILABLE,0
SEC_STD01_B_R05_S60,SEC_STD01_B,5,R05-S60,STANDARD,AVAILABLE,0
SEC_STD01_B_R06_S01,SEC_STD01_B,6,R06-S01,STANDARD,AVAILABLE,0
SEC_STD01_B_R06_S02,SEC_STD01_B,6,R06-S02,STANDARD,AVAILABLE,0
SEC_STD01_B_R06_S03,SEC_STD01_B,6,R06-S03,STANDARD,AVAILABLE,0
SEC_STD01_B_R06_S04,SEC_STD01_B,6,R06-S04,STANDARD,AVAILABLE,0
SEC_STD01_B_R06_S05,SEC_STD01_B,6,R06-S05,STANDARD,AVAILABLE,0
SEC_STD01_B_R06_S06,SEC_STD01_B,6,R06-S06,STANDARD,AVAILABLE,0
SEC_STD01_B_R06_S07,SEC_STD01_B,6,R06-S07,STANDARD,AVAILABLE,0
SEC_STD01_B_R06_S08,SEC_STD01_B,6,R06-S08,STANDARD,AVAILABLE,0
SEC_STD01_B_R06_S09,SEC_STD01_B,6,R06-S09,STANDARD,AVAILABLE,0
SEC_STD01_B_R06_S10,SEC_STD01_B,6,R06-S10,STANDARD,AVAILABLE,0
SEC_STD01_B_R06_S11,SEC_STD01_B,6,R06-S11,STANDARD,AVAILABLE,0
SEC_STD01_B_R06_S12,SEC_STD01_B,6,R06-S12,STANDARD,AVAILABLE,0
SEC_STD01_B_R06_S13,SEC_STD01_B,6,R06-S13,STANDARD,AVAILABLE,0
SEC_STD01_B_R06_S14,SEC_STD01_B,6,R06-S14,STANDARD,AVAILABLE,0
SEC_STD01_B_R06_S15,SEC_STD01_B,6,R06-S15,STANDARD,AVAILABLE,0
SEC_STD01_B_R06_S16,SEC_STD01_B,6,R06-S16,STANDARD,AVAILABLE,0
SEC_STD01_B_R06_S17,SEC_STD01_B,6,R06-S17,STANDARD,AVAILABLE,0
SEC_STD01_B_R06_S18,SEC_STD01_B,6,R06-S18,STANDARD,AVAILABLE,0
SEC_STD01_B_R06_S19,SEC_STD01_B,6,R06-S19,STANDARD,AVAILABLE,0
SEC_STD01_B_R06_S20,SEC_STD01_B,6,R06-S20,STANDARD,AVAILABLE,0
SEC_STD01_B_R06_S21,SEC_STD01_B,6,R06-S21,STANDARD,AVAILABLE,0
SEC_STD01_B_R06_S22,SEC_STD01_B,6,R06-S22,STANDARD,AVAILABLE,0
SEC_STD01_B_R06_S23,SEC_STD01_B,6,R06-S23,STANDARD,AVAILABLE,0
SEC_STD01_B_R06_S24,SEC_STD01_B,6,R06-S24,STANDARD,AVAILABLE,0
SEC_STD01_B_R06_S25,SEC_STD01_B,6,R06-S25,STANDARD,AVAILABLE,0
SEC_STD01_B_R06_S26,SEC_STD01_B,6,R06-S26,STANDARD,AVAILABLE,0
SEC_STD01_B_R06_S27,SEC_STD01_B,6,R06-S27,STANDARD,AVAILABLE,0
SEC_STD01_B_R06_S28,SEC_STD01_B,6,R06-S28,STANDARD,AVAILABLE,0
SEC_STD01_B_R06_S29,SEC_STD01_B,6,R06-S29,STANDARD,AVAILABLE,0
SEC_STD01_B_R06_S30,SEC_STD01_B,6,R06-S30,STANDARD,AVAILABLE,0
SEC_STD01_B_R06_S31,SEC_STD01_B,6,R06-S31,STANDARD,AVAILABLE,0
SEC_STD01_B_R06_S32,SEC_STD01_B,6,R06-S32,STANDARD,AVAILABLE,0
SEC_STD01_B_R06_S33,SEC_STD01_B,6,R06-S33,STANDARD,AVAILABLE,0
SEC_STD01_B_R06_S34,SEC_STD01_B,6,R06-S34,STANDARD,AVAILABLE,0
SEC_STD01_B_R06_S35,SEC_STD01_B,6,R06-S35,STANDARD,AVAILABLE,0
SEC_STD01_B_R06_S36,SEC_STD01_B,6,R06-S36,STANDARD,AVAILABLE,0
SEC_STD01_B_R06_S37,SEC_STD01_B,6,R06-S37,STANDARD,AVAILABLE,0
SEC_STD01_B_R06_S38,SEC_STD01_B,6,R06-S38,STANDARD,AVAILABLE,0
SEC_STD01_B_R06_S39,SEC_STD01_B,6,R06-S39,STANDARD,AVAILABLE,0
SEC_STD01_B_R06_S40,SEC_STD01_B,6,R06-S40,STANDARD,AVAILABLE,0
SEC_STD01_B_R06_S41,SEC_STD01_B,6,R06-S41,STANDARD,AVAILABLE,0
SEC_STD01_B_R06_S42,SEC_STD01_B,6,R06-S42,STANDARD,AVAILABLE,0
SEC_STD01_B_R06_S43,SEC_STD01_B,6,R06-S43,STANDARD,AVAILABLE,0
SEC_STD01_B_R06_S44,SEC_STD01_B,6,R06-S44,STANDARD,AVAILABLE,0
SEC_STD01_B_R06_S45,SEC_STD01_B,6,R06-S45,STANDARD,AVAILABLE,0
SEC_STD01_B_R06_S46,SEC_STD01_B,6,R06-S46,STANDARD,AVAILABLE,0
SEC_STD01_B_R06_S47,SEC_STD01_B,6,R06-S47,STANDARD,AVAILABLE,0
SEC_STD01_B_R06_S48,SEC_STD01_B,6,R06-S48,STANDARD,AVAILABLE,0
SEC_STD01_B_R06_S49,SEC_STD01_B,6,R06-S49,STANDARD,AVAILABLE,0
SEC_STD01_B_R06_S50,SEC_STD01_B,6,R06-S50,STANDARD,AVAILABLE,0
SEC_STD01_B_R06_S51,SEC_STD01_B,6,R06-S51,STANDARD,AVAILABLE,0
SEC_STD01_B_R06_S52,SEC_STD01_B,6,R06-S52,STANDARD,AVAILABLE,0
SEC_STD01_B_R06_S53,SEC_STD01_B,6,R06-S53,STANDARD,AVAILABLE,0
SEC_STD01_B_R06_S54,SEC_STD01_B,6,R06-S54,STANDARD,AVAILABLE,0
SEC_STD01_B_R06_S55,SEC_STD01_B,6,R06-S55,STANDARD,AVAILABLE,0
SEC_STD01_B_R06_S56,SEC_STD01_B,6,R06-S56,STANDARD,AVAILABLE,0
SEC_STD01_B_R06_S57,SEC_STD01_B,6,R06-S57,STANDARD,AVAILABLE,0
SEC_STD01_B_R06_S58,SEC_STD01_B,6,R06-S58,STANDARD,AVAILABLE,0
SEC_STD01_B_R06_S59,SEC_STD01_B,6,R06-S59,STANDARD,AVAILABLE,0
SEC_STD01_B_R06_S60,SEC_STD01_B,6,R06-S60,STANDARD,AVAILABLE,0
SEC_STD01_B_R07_S01,SEC_STD01_B,7,R07-S01,STANDARD,AVAILABLE,0
SEC_STD01_B_R07_S02,SEC_STD01_B,7,R07-S02,STANDARD,AVAILABLE,0
SEC_STD01_B_R07_S03,SEC_STD01_B,7,R07-S03,STANDARD,AVAILABLE,0
SEC_STD01_B_R07_S04,SEC_STD01_B,7,R07-S04,STANDARD,AVAILABLE,0
SEC_STD01_B_R07_S05,SEC_STD01_B,7,R07-S05,STANDARD,AVAILABLE,0
SEC_STD01_B_R07_S06,SEC_STD01_B,7,R07-S06,STANDARD,AVAILABLE,0
SEC_STD01_B_R07_S07,SEC_STD01_B,7,R07-S07,STANDARD,AVAILABLE,0
SEC_STD01_B_R07_S08,SEC_STD01_B,7,R07-S08,STANDARD,AVAILABLE,0
SEC_STD01_B_R07_S09,SEC_STD01_B,7,R07-S09,STANDARD,AVAILABLE,0
SEC_STD01_B_R07_S10,SEC_STD01_B,7,R07-S10,STANDARD,AVAILABLE,0
SEC_STD01_B_R07_S11,SEC_STD01_B,7,R07-S11,STANDARD,AVAILABLE,0
SEC_STD01_B_R07_S12,SEC_STD01_B,7,R07-S12,STANDARD,AVAILABLE,0
SEC_STD01_B_R07_S13,SEC_STD01_B,7,R07-S13,STANDARD,AVAILABLE,0
SEC_STD01_B_R07_S14,SEC_STD01_B,7,R07-S14,STANDARD,AVAILABLE,0
SEC_STD01_B_R07_S15,SEC_STD01_B,7,R07-S15,STANDARD,AVAILABLE,0
SEC_STD01_B_R07_S16,SEC_STD01_B,7,R07-S16,STANDARD,AVAILABLE,0
SEC_STD01_B_R07_S17,SEC_STD01_B,7,R07-S17,STANDARD,AVAILABLE,0
SEC_STD01_B_R07_S18,SEC_STD01_B,7,R07-S18,STANDARD,AVAILABLE,0
SEC_STD01_B_R07_S19,SEC_STD01_B,7,R07-S19,STANDARD,AVAILABLE,0
SEC_STD01_B_R07_S20,SEC_STD01_B,7,R07-S20,STANDARD,AVAILABLE,0
SEC_STD01_B_R07_S21,SEC_STD01_B,7,R07-S21,STANDARD,AVAILABLE,0
SEC_STD01_B_R07_S22,SEC_STD01_B,7,R07-S22,STANDARD,AVAILABLE,0
SEC_STD01_B_R07_S23,SEC_STD01_B,7,R07-S23,STANDARD,AVAILABLE,0
SEC_STD01_B_R07_S24,SEC_STD01_B,7,R07-S24,STANDARD,AVAILABLE,0
SEC_STD01_B_R07_S25,SEC_STD01_B,7,R07-S25,STANDARD,AVAILABLE,0
SEC_STD01_B_R07_S26,SEC_STD01_B,7,R07-S26,STANDARD,AVAILABLE,0
SEC_STD01_B_R07_S27,SEC_STD01_B,7,R07-S27,STANDARD,AVAILABLE,0
SEC_STD01_B_R07_S28,SEC_STD01_B,7,R07-S28,STANDARD,AVAILABLE,0
SEC_STD01_B_R07_S29,SEC_STD01_B,7,R07-S29,STANDARD,AVAILABLE,0
SEC_STD01_B_R07_S30,SEC_STD01_B,7,R07-S30,STANDARD,AVAILABLE,0
SEC_STD01_B_R07_S31,SEC_STD01_B,7,R07-S31,STANDARD,AVAILABLE,0
SEC_STD01_B_R07_S32,SEC_STD01_B,7,R07-S32,STANDARD,AVAILABLE,0
SEC_STD01_B_R07_S33,SEC_STD01_B,7,R07-S33,STANDARD,AVAILABLE,0
SEC_STD01_B_R07_S34,SEC_STD01_B,7,R07-S34,STANDARD,AVAILABLE,0
SEC_STD01_B_R07_S35,SEC_STD01_B,7,R07-S35,STANDARD,AVAILABLE,0
SEC_STD01_B_R07_S36,SEC_STD01_B,7,R07-S36,STANDARD,AVAILABLE,0
SEC_STD01_B_R07_S37,SEC_STD01_B,7,R07-S37,STANDARD,AVAILABLE,0
SEC_STD01_B_R07_S38,SEC_STD01_B,7,R07-S38,STANDARD,AVAILABLE,0
SEC_STD01_B_R07_S39,SEC_STD01_B,7,R07-S39,STANDARD,AVAILABLE,0
SEC_STD01_B_R07_S40,SEC_STD01_B,7,R07-S40,STANDARD,AVAILABLE,0
SEC_STD01_B_R07_S41,SEC_STD01_B,7,R07-S41,STANDARD,AVAILABLE,0
SEC_STD01_B_R07_S42,SEC_STD01_B,7,R07-S42,STANDARD,AVAILABLE,0
SEC_STD01_B_R07_S43,SEC_STD01_B,7,R07-S43,STANDARD,AVAILABLE,0
SEC_STD01_B_R07_S44,SEC_STD01_B,7,R07-S44,STANDARD,AVAILABLE,0
SEC_STD01_B_R07_S45,SEC_STD01_B,7,R07-S45,STANDARD,AVAILABLE,0
SEC_STD01_B_R07_S46,SEC_STD01_B,7,R07-S46,STANDARD,AVAILABLE,0
SEC_STD01_B_R07_S47,SEC_STD01_B,7,R07-S47,STANDARD,AVAILABLE,0
SEC_STD01_B_R07_S48,SEC_STD01_B,7,R07-S48,STANDARD,AVAILABLE,0
SEC_STD01_B_R07_S49,SEC_STD01_B,7,R07-S49,STANDARD,AVAILABLE,0
SEC_STD01_B_R07_S50,SEC_STD01_B,7,R07-S50,STANDARD,AVAILABLE,0
SEC_STD01_B_R07_S51,SEC_STD01_B,7,R07-S51,STANDARD,AVAILABLE,0
SEC_STD01_B_R07_S52,SEC_STD01_B,7,R07-S52,STANDARD,AVAILABLE,0
SEC_STD01_B_R07_S53,SEC_STD01_B,7,R07-S53,STANDARD,AVAILABLE,0
SEC_STD01_B_R07_S54,SEC_STD01_B,7,R07-S54,STANDARD,AVAILABLE,0
SEC_STD01_B_R07_S55,SEC_STD01_B,7,R07-S55,STANDARD,AVAILABLE,0
SEC_STD01_B_R07_S56,SEC_STD01_B,7,R07-S56,STANDARD,AVAILABLE,0
SEC_STD01_B_R07_S57,SEC_STD01_B,7,R07-S57,STANDARD,AVAILABLE,0
SEC_STD01_B_R07_S58,SEC_STD01_B,7,R07-S58,STANDARD,AVAILABLE,0
SEC_STD01_B_R07_S59,SEC_STD01_B,7,R07-S59,STANDARD,AVAILABLE,0
SEC_STD01_B_R07_S60,SEC_STD01_B,7,R07-S60,STANDARD,AVAILABLE,0
SEC_STD01_B_R08_S01,SEC_STD01_B,8,R08-S01,STANDARD,AVAILABLE,0
SEC_STD01_B_R08_S02,SEC_STD01_B,8,R08-S02,STANDARD,AVAILABLE,0
SEC_STD01_B_R08_S03,SEC_STD01_B,8,R08-S03,STANDARD,AVAILABLE,0
SEC_STD01_B_R08_S04,SEC_STD01_B,8,R08-S04,STANDARD,AVAILABLE,0
SEC_STD01_B_R08_S05,SEC_STD01_B,8,R08-S05,STANDARD,AVAILABLE,0
SEC_STD01_B_R08_S06,SEC_STD01_B,8,R08-S06,STANDARD,AVAILABLE,0
SEC_STD01_B_R08_S07,SEC_STD01_B,8,R08-S07,STANDARD,AVAILABLE,0
SEC_STD01_B_R08_S08,SEC_STD01_B,8,R08-S08,STANDARD,AVAILABLE,0
SEC_STD01_B_R08_S09,SEC_STD01_B,8,R08-S09,STANDARD,AVAILABLE,0
SEC_STD01_B_R08_S10,SEC_STD01_B,8,R08-S10,STANDARD,AVAILABLE,0
SEC_STD01_B_R08_S11,SEC_STD01_B,8,R08-S11,STANDARD,AVAILABLE,0
SEC_STD01_B_R08_S12,SEC_STD01_B,8,R08-S12,STANDARD,AVAILABLE,0
SEC_STD01_B_R08_S13,SEC_STD01_B,8,R08-S13,STANDARD,AVAILABLE,0
SEC_STD01_B_R08_S14,SEC_STD01_B,8,R08-S14,STANDARD,AVAILABLE,0
SEC_STD01_B_R08_S15,SEC_STD01_B,8,R08-S15,STANDARD,AVAILABLE,0
SEC_STD01_B_R08_S16,SEC_STD01_B,8,R08-S16,STANDARD,AVAILABLE,0
SEC_STD01_B_R08_S17,SEC_STD01_B,8,R08-S17,STANDARD,AVAILABLE,0
SEC_STD01_B_R08_S18,SEC_STD01_B,8,R08-S18,STANDARD,AVAILABLE,0
SEC_STD01_B_R08_S19,SEC_STD01_B,8,R08-S19,STANDARD,AVAILABLE,0
SEC_STD01_B_R08_S20,SEC_STD01_B,8,R08-S20,STANDARD,AVAILABLE,0
SEC_STD01_B_R08_S21,SEC_STD01_B,8,R08-S21,STANDARD,AVAILABLE,0
SEC_STD01_B_R08_S22,SEC_STD01_B,8,R08-S22,STANDARD,AVAILABLE,0
SEC_STD01_B_R08_S23,SEC_STD01_B,8,R08-S23,STANDARD,AVAILABLE,0
SEC_STD01_B_R08_S24,SEC_STD01_B,8,R08-S24,STANDARD,AVAILABLE,0
SEC_STD01_B_R08_S25,SEC_STD01_B,8,R08-S25,STANDARD,AVAILABLE,0
SEC_STD01_B_R08_S26,SEC_STD01_B,8,R08-S26,STANDARD,AVAILABLE,0
SEC_STD01_B_R08_S27,SEC_STD01_B,8,R08-S27,STANDARD,AVAILABLE,0
SEC_STD01_B_R08_S28,SEC_STD01_B,8,R08-S28,STANDARD,AVAILABLE,0
SEC_STD01_B_R08_S29,SEC_STD01_B,8,R08-S29,STANDARD,AVAILABLE,0
SEC_STD01_B_R08_S30,SEC_STD01_B,8,R08-S30,STANDARD,AVAILABLE,0
SEC_STD01_B_R08_S31,SEC_STD01_B,8,R08-S31,STANDARD,AVAILABLE,0
SEC_STD01_B_R08_S32,SEC_STD01_B,8,R08-S32,STANDARD,AVAILABLE,0
SEC_STD01_B_R08_S33,SEC_STD01_B,8,R08-S33,STANDARD,AVAILABLE,0
SEC_STD01_B_R08_S34,SEC_STD01_B,8,R08-S34,STANDARD,AVAILABLE,0
SEC_STD01_B_R08_S35,SEC_STD01_B,8,R08-S35,STANDARD,AVAILABLE,0
SEC_STD01_B_R08_S36,SEC_STD01_B,8,R08-S36,STANDARD,AVAILABLE,0
SEC_STD01_B_R08_S37,SEC_STD01_B,8,R08-S37,STANDARD,AVAILABLE,0
SEC_STD01_B_R08_S38,SEC_STD01_B,8,R08-S38,STANDARD,AVAILABLE,0
SEC_STD01_B_R08_S39,SEC_STD01_B,8,R08-S39,STANDARD,AVAILABLE,0
SEC_STD01_B_R08_S40,SEC_STD01_B,8,R08-S40,STANDARD,AVAILABLE,0
SEC_STD01_B_R08_S41,SEC_STD01_B,8,R08-S41,STANDARD,AVAILABLE,0
SEC_STD01_B_R08_S42,SEC_STD01_B,8,R08-S42,STANDARD,AVAILABLE,0
SEC_STD01_B_R08_S43,SEC_STD01_B,8,R08-S43,STANDARD,AVAILABLE,0
SEC_STD01_B_R08_S44,SEC_STD01_B,8,R08-S44,STANDARD,AVAILABLE,0
SEC_STD01_B_R08_S45,SEC_STD01_B,8,R08-S45,STANDARD,AVAILABLE,0
SEC_STD01_B_R08_S46,SEC_STD01_B,8,R08-S46,STANDARD,AVAILABLE,0
SEC_STD01_B_R08_S47,SEC_STD01_B,8,R08-S47,STANDARD,AVAILABLE,0
SEC_STD01_B_R08_S48,SEC_STD01_B,8,R08-S48,STANDARD,AVAILABLE,0
SEC_STD01_B_R08_S49,SEC_STD01_B,8,R08-S49,STANDARD,AVAILABLE,0
SEC_STD01_B_R08_S50,SEC_STD01_B,8,R08-S50,STANDARD,AVAILABLE,0
SEC_STD01_B_R08_S51,SEC_STD01_B,8,R08-S51,STANDARD,AVAILABLE,0
SEC_STD01_B_R08_S52,SEC_STD01_B,8,R08-S52,STANDARD,AVAILABLE,0
SEC_STD01_B_R08_S53,SEC_STD01_B,8,R08-S53,STANDARD,AVAILABLE,0
SEC_STD01_B_R08_S54,SEC_STD01_B,8,R08-S54,STANDARD,AVAILABLE,0
SEC_STD01_B_R08_S55,SEC_STD01_B,8,R08-S55,STANDARD,AVAILABLE,0
SEC_STD01_B_R08_S56,SEC_STD01_B,8,R08-S56,STANDARD,AVAILABLE,0
SEC_STD01_B_R08_S57,SEC_STD01_B,8,R08-S57,STANDARD,AVAILABLE,0
SEC_STD01_B_R08_S58,SEC_STD01_B,8,R08-S58,STANDARD,AVAILABLE,0
SEC_STD01_B_R08_S59,SEC_STD01_B,8,R08-S59,STANDARD,AVAILABLE,0
SEC_STD01_B_R08_S60,SEC_STD01_B,8,R08-S60,STANDARD,AVAILABLE,0
SEC_STD01_B_R09_S01,SEC_STD01_B,9,R09-S01,STANDARD,AVAILABLE,0
SEC_STD01_B_R09_S02,SEC_STD01_B,9,R09-S02,STANDARD,AVAILABLE,0
SEC_STD01_B_R09_S03,SEC_STD01_B,9,R09-S03,STANDARD,AVAILABLE,0
SEC_STD01_B_R09_S04,SEC_STD01_B,9,R09-S04,STANDARD,AVAILABLE,0
SEC_STD01_B_R09_S05,SEC_STD01_B,9,R09-S05,STANDARD,AVAILABLE,0
SEC_STD01_B_R09_S06,SEC_STD01_B,9,R09-S06,STANDARD,AVAILABLE,0
SEC_STD01_B_R09_S07,SEC_STD01_B,9,R09-S07,STANDARD,AVAILABLE,0
SEC_STD01_B_R09_S08,SEC_STD01_B,9,R09-S08,STANDARD,AVAILABLE,0
SEC_STD01_B_R09_S09,SEC_STD01_B,9,R09-S09,STANDARD,AVAILABLE,0
SEC_STD01_B_R09_S10,SEC_STD01_B,9,R09-S10,STANDARD,AVAILABLE,0
SEC_STD01_B_R09_S11,SEC_STD01_B,9,R09-S11,STANDARD,AVAILABLE,0
SEC_STD01_B_R09_S12,SEC_STD01_B,9,R09-S12,STANDARD,AVAILABLE,0
SEC_STD01_B_R09_S13,SEC_STD01_B,9,R09-S13,STANDARD,AVAILABLE,0
SEC_STD01_B_R09_S14,SEC_STD01_B,9,R09-S14,STANDARD,AVAILABLE,0
SEC_STD01_B_R09_S15,SEC_STD01_B,9,R09-S15,STANDARD,AVAILABLE,0
SEC_STD01_B_R09_S16,SEC_STD01_B,9,R09-S16,STANDARD,AVAILABLE,0
SEC_STD01_B_R09_S17,SEC_STD01_B,9,R09-S17,STANDARD,AVAILABLE,0
SEC_STD01_B_R09_S18,SEC_STD01_B,9,R09-S18,STANDARD,AVAILABLE,0
SEC_STD01_B_R09_S19,SEC_STD01_B,9,R09-S19,STANDARD,AVAILABLE,0
SEC_STD01_B_R09_S20,SEC_STD01_B,9,R09-S20,STANDARD,AVAILABLE,0
SEC_STD01_B_R09_S21,SEC_STD01_B,9,R09-S21,STANDARD,AVAILABLE,0
SEC_STD01_B_R09_S22,SEC_STD01_B,9,R09-S22,STANDARD,AVAILABLE,0
SEC_STD01_B_R09_S23,SEC_STD01_B,9,R09-S23,STANDARD,AVAILABLE,0
SEC_STD01_B_R09_S24,SEC_STD01_B,9,R09-S24,STANDARD,AVAILABLE,0
SEC_STD01_B_R09_S25,SEC_STD01_B,9,R09-S25,STANDARD,AVAILABLE,0
SEC_STD01_B_R09_S26,SEC_STD01_B,9,R09-S26,STANDARD,AVAILABLE,0
SEC_STD01_B_R09_S27,SEC_STD01_B,9,R09-S27,STANDARD,AVAILABLE,0
SEC_STD01_B_R09_S28,SEC_STD01_B,9,R09-S28,STANDARD,AVAILABLE,0
SEC_STD01_B_R09_S29,SEC_STD01_B,9,R09-S29,STANDARD,AVAILABLE,0
SEC_STD01_B_R09_S30,SEC_STD01_B,9,R09-S30,STANDARD,AVAILABLE,0
SEC_STD01_B_R09_S31,SEC_STD01_B,9,R09-S31,STANDARD,AVAILABLE,0
SEC_STD01_B_R09_S32,SEC_STD01_B,9,R09-S32,STANDARD,AVAILABLE,0
SEC_STD01_B_R09_S33,SEC_STD01_B,9,R09-S33,STANDARD,AVAILABLE,0
SEC_STD01_B_R09_S34,SEC_STD01_B,9,R09-S34,STANDARD,AVAILABLE,0
SEC_STD01_B_R09_S35,SEC_STD01_B,9,R09-S35,STANDARD,AVAILABLE,0
SEC_STD01_B_R09_S36,SEC_STD01_B,9,R09-S36,STANDARD,AVAILABLE,0
SEC_STD01_B_R09_S37,SEC_STD01_B,9,R09-S37,STANDARD,AVAILABLE,0
SEC_STD01_B_R09_S38,SEC_STD01_B,9,R09-S38,STANDARD,AVAILABLE,0
SEC_STD01_B_R09_S39,SEC_STD01_B,9,R09-S39,STANDARD,AVAILABLE,0
SEC_STD01_B_R09_S40,SEC_STD01_B,9,R09-S40,STANDARD,AVAILABLE,0
SEC_STD01_B_R09_S41,SEC_STD01_B,9,R09-S41,STANDARD,AVAILABLE,0
SEC_STD01_B_R09_S42,SEC_STD01_B,9,R09-S42,STANDARD,AVAILABLE,0
SEC_STD01_B_R09_S43,SEC_STD01_B,9,R09-S43,STANDARD,AVAILABLE,0
SEC_STD01_B_R09_S44,SEC_STD01_B,9,R09-S44,STANDARD,AVAILABLE,0
SEC_STD01_B_R09_S45,SEC_STD01_B,9,R09-S45,STANDARD,AVAILABLE,0
SEC_STD01_B_R09_S46,SEC_STD01_B,9,R09-S46,STANDARD,AVAILABLE,0
SEC_STD01_B_R09_S47,SEC_STD01_B,9,R09-S47,STANDARD,AVAILABLE,0
SEC_STD01_B_R09_S48,SEC_STD01_B,9,R09-S48,STANDARD,AVAILABLE,0
SEC_STD01_B_R09_S49,SEC_STD01_B,9,R09-S49,STANDARD,AVAILABLE,0
SEC_STD01_B_R09_S50,SEC_STD01_B,9,R09-S50,STANDARD,AVAILABLE,0
SEC_STD01_B_R09_S51,SEC_STD01_B,9,R09-S51,STANDARD,AVAILABLE,0
SEC_STD01_B_R09_S52,SEC_STD01_B,9,R09-S52,STANDARD,AVAILABLE,0
SEC_STD01_B_R09_S53,SEC_STD01_B,9,R09-S53,STANDARD,AVAILABLE,0
SEC_STD01_B_R09_S54,SEC_STD01_B,9,R09-S54,STANDARD,AVAILABLE,0
SEC_STD01_B_R09_S55,SEC_STD01_B,9,R09-S55,STANDARD,AVAILABLE,0
SEC_STD01_B_R09_S56,SEC_STD01_B,9,R09-S56,STANDARD,AVAILABLE,0
SEC_STD01_B_R09_S57,SEC_STD01_B,9,R09-S57,STANDARD,AVAILABLE,0
SEC_STD01_B_R09_S58,SEC_STD01_B,9,R09-S58,STANDARD,AVAILABLE,0
SEC_STD01_B_R09_S59,SEC_STD01_B,9,R09-S59,STANDARD,AVAILABLE,0
SEC_STD01_B_R09_S60,SEC_STD01_B,9,R09-S60,STANDARD,AVAILABLE,0
SEC_STD01_B_R10_S01,SEC_STD01_B,10,R10-S01,STANDARD,AVAILABLE,0
SEC_STD01_B_R10_S02,SEC_STD01_B,10,R10-S02,STANDARD,AVAILABLE,0
SEC_STD01_B_R10_S03,SEC_STD01_B,10,R10-S03,STANDARD,AVAILABLE,0
SEC_STD01_B_R10_S04,SEC_STD01_B,10,R10-S04,STANDARD,AVAILABLE,0
SEC_STD01_B_R10_S05,SEC_STD01_B,10,R10-S05,STANDARD,AVAILABLE,0
SEC_STD01_B_R10_S06,SEC_STD01_B,10,R10-S06,STANDARD,AVAILABLE,0
SEC_STD01_B_R10_S07,SEC_STD01_B,10,R10-S07,STANDARD,AVAILABLE,0
SEC_STD01_B_R10_S08,SEC_STD01_B,10,R10-S08,STANDARD,AVAILABLE,0
SEC_STD01_B_R10_S09,SEC_STD01_B,10,R10-S09,STANDARD,AVAILABLE,0
SEC_STD01_B_R10_S10,SEC_STD01_B,10,R10-S10,STANDARD,AVAILABLE,0
SEC_STD01_B_R10_S11,SEC_STD01_B,10,R10-S11,STANDARD,AVAILABLE,0
SEC_STD01_B_R10_S12,SEC_STD01_B,10,R10-S12,STANDARD,AVAILABLE,0
SEC_STD01_B_R10_S13,SEC_STD01_B,10,R10-S13,STANDARD,AVAILABLE,0
SEC_STD01_B_R10_S14,SEC_STD01_B,10,R10-S14,STANDARD,AVAILABLE,0
SEC_STD01_B_R10_S15,SEC_STD01_B,10,R10-S15,STANDARD,AVAILABLE,0
SEC_STD01_B_R10_S16,SEC_STD01_B,10,R10-S16,STANDARD,AVAILABLE,0
SEC_STD01_B_R10_S17,SEC_STD01_B,10,R10-S17,STANDARD,AVAILABLE,0
SEC_STD01_B_R10_S18,SEC_STD01_B,10,R10-S18,STANDARD,AVAILABLE,0
SEC_STD01_B_R10_S19,SEC_STD01_B,10,R10-S19,STANDARD,AVAILABLE,0
SEC_STD01_B_R10_S20,SEC_STD01_B,10,R10-S20,STANDARD,AVAILABLE,0
SEC_STD01_B_R10_S21,SEC_STD01_B,10,R10-S21,STANDARD,AVAILABLE,0
SEC_STD01_B_R10_S22,SEC_STD01_B,10,R10-S22,STANDARD,AVAILABLE,0
SEC_STD01_B_R10_S23,SEC_STD01_B,10,R10-S23,STANDARD,AVAILABLE,0
SEC_STD01_B_R10_S24,SEC_STD01_B,10,R10-S24,STANDARD,AVAILABLE,0
SEC_STD01_B_R10_S25,SEC_STD01_B,10,R10-S25,STANDARD,AVAILABLE,0
SEC_STD01_B_R10_S26,SEC_STD01_B,10,R10-S26,STANDARD,AVAILABLE,0
SEC_STD01_B_R10_S27,SEC_STD01_B,10,R10-S27,STANDARD,AVAILABLE,0
SEC_STD01_B_R10_S28,SEC_STD01_B,10,R10-S28,STANDARD,AVAILABLE,0
SEC_STD01_B_R10_S29,SEC_STD01_B,10,R10-S29,STANDARD,AVAILABLE,0
SEC_STD01_B_R10_S30,SEC_STD01_B,10,R10-S30,STANDARD,AVAILABLE,0
SEC_STD01_B_R10_S31,SEC_STD01_B,10,R10-S31,STANDARD,AVAILABLE,0
SEC_STD01_B_R10_S32,SEC_STD01_B,10,R10-S32,STANDARD,AVAILABLE,0
SEC_STD01_B_R10_S33,SEC_STD01_B,10,R10-S33,STANDARD,AVAILABLE,0
SEC_STD01_B_R10_S34,SEC_STD01_B,10,R10-S34,STANDARD,AVAILABLE,0
SEC_STD01_B_R10_S35,SEC_STD01_B,10,R10-S35,STANDARD,AVAILABLE,0
SEC_STD01_B_R10_S36,SEC_STD01_B,10,R10-S36,STANDARD,AVAILABLE,0
SEC_STD01_B_R10_S37,SEC_STD01_B,10,R10-S37,STANDARD,AVAILABLE,0
SEC_STD01_B_R10_S38,SEC_STD01_B,10,R10-S38,STANDARD,AVAILABLE,0
SEC_STD01_B_R10_S39,SEC_STD01_B,10,R10-S39,STANDARD,AVAILABLE,0
SEC_STD01_B_R10_S40,SEC_STD01_B,10,R10-S40,STANDARD,AVAILABLE,0
SEC_STD01_B_R10_S41,SEC_STD01_B,10,R10-S41,STANDARD,AVAILABLE,0
SEC_STD01_B_R10_S42,SEC_STD01_B,10,R10-S42,STANDARD,AVAILABLE,0
SEC_STD01_B_R10_S43,SEC_STD01_B,10,R10-S43,STANDARD,AVAILABLE,0
SEC_STD01_B_R10_S44,SEC_STD01_B,10,R10-S44,STANDARD,AVAILABLE,0
SEC_STD01_B_R10_S45,SEC_STD01_B,10,R10-S45,STANDARD,AVAILABLE,0
SEC_STD01_B_R10_S46,SEC_STD01_B,10,R10-S46,STANDARD,AVAILABLE,0
SEC_STD01_B_R10_S47,SEC_STD01_B,10,R10-S47,STANDARD,AVAILABLE,0
SEC_STD01_B_R10_S48,SEC_STD01_B,10,R10-S48,STANDARD,AVAILABLE,0
SEC_STD01_B_R10_S49,SEC_STD01_B,10,R10-S49,STANDARD,AVAILABLE,0
SEC_STD01_B_R10_S50,SEC_STD01_B,10,R10-S50,STANDARD,AVAILABLE,0
SEC_STD01_B_R10_S51,SEC_STD01_B,10,R10-S51,STANDARD,AVAILABLE,0
SEC_STD01_B_R10_S52,SEC_STD01_B,10,R10-S52,STANDARD,AVAILABLE,0
SEC_STD01_B_R10_S53,SEC_STD01_B,10,R10-S53,STANDARD,AVAILABLE,0
SEC_STD01_B_R10_S54,SEC_STD01_B,10,R10-S54,STANDARD,AVAILABLE,0
SEC_STD01_B_R10_S55,SEC_STD01_B,10,R10-S55,STANDARD,AVAILABLE,0
SEC_STD01_B_R10_S56,SEC_STD01_B,10,R10-S56,STANDARD,AVAILABLE,0
SEC_STD01_B_R10_S57,SEC_STD01_B,10,R10-S57,STANDARD,AVAILABLE,0
SEC_STD01_B_R10_S58,SEC_STD01_B,10,R10-S58,STANDARD,AVAILABLE,0
SEC_STD01_B_R10_S59,SEC_STD01_B,10,R10-S59,STANDARD,AVAILABLE,0
SEC_STD01_B_R10_S60,SEC_STD01_B,10,R10-S60,STANDARD,AVAILABLE,0
SEC_STD01_B_R11_S01,SEC_STD01_B,11,R11-S01,STANDARD,AVAILABLE,0
SEC_STD01_B_R11_S02,SEC_STD01_B,11,R11-S02,STANDARD,AVAILABLE,0
SEC_STD01_B_R11_S03,SEC_STD01_B,11,R11-S03,STANDARD,AVAILABLE,0
SEC_STD01_B_R11_S04,SEC_STD01_B,11,R11-S04,STANDARD,AVAILABLE,0
SEC_STD01_B_R11_S05,SEC_STD01_B,11,R11-S05,STANDARD,AVAILABLE,0
SEC_STD01_B_R11_S06,SEC_STD01_B,11,R11-S06,STANDARD,AVAILABLE,0
SEC_STD01_B_R11_S07,SEC_STD01_B,11,R11-S07,STANDARD,AVAILABLE,0
SEC_STD01_B_R11_S08,SEC_STD01_B,11,R11-S08,STANDARD,AVAILABLE,0
SEC_STD01_B_R11_S09,SEC_STD01_B,11,R11-S09,STANDARD,AVAILABLE,0
SEC_STD01_B_R11_S10,SEC_STD01_B,11,R11-S10,STANDARD,AVAILABLE,0
SEC_STD01_B_R11_S11,SEC_STD01_B,11,R11-S11,STANDARD,AVAILABLE,0
SEC_STD01_B_R11_S12,SEC_STD01_B,11,R11-S12,STANDARD,AVAILABLE,0
SEC_STD01_B_R11_S13,SEC_STD01_B,11,R11-S13,STANDARD,AVAILABLE,0
SEC_STD01_B_R11_S14,SEC_STD01_B,11,R11-S14,STANDARD,AVAILABLE,0
SEC_STD01_B_R11_S15,SEC_STD01_B,11,R11-S15,STANDARD,AVAILABLE,0
SEC_STD01_B_R11_S16,SEC_STD01_B,11,R11-S16,STANDARD,AVAILABLE,0
SEC_STD01_B_R11_S17,SEC_STD01_B,11,R11-S17,STANDARD,AVAILABLE,0
SEC_STD01_B_R11_S18,SEC_STD01_B,11,R11-S18,STANDARD,AVAILABLE,0
SEC_STD01_B_R11_S19,SEC_STD01_B,11,R11-S19,STANDARD,AVAILABLE,0
SEC_STD01_B_R11_S20,SEC_STD01_B,11,R11-S20,STANDARD,AVAILABLE,0
SEC_STD01_B_R11_S21,SEC_STD01_B,11,R11-S21,STANDARD,AVAILABLE,0
SEC_STD01_B_R11_S22,SEC_STD01_B,11,R11-S22,STANDARD,AVAILABLE,0
SEC_STD01_B_R11_S23,SEC_STD01_B,11,R11-S23,STANDARD,AVAILABLE,0
SEC_STD01_B_R11_S24,SEC_STD01_B,11,R11-S24,STANDARD,AVAILABLE,0
SEC_STD01_B_R11_S25,SEC_STD01_B,11,R11-S25,STANDARD,AVAILABLE,0
SEC_STD01_B_R11_S26,SEC_STD01_B,11,R11-S26,STANDARD,AVAILABLE,0
SEC_STD01_B_R11_S27,SEC_STD01_B,11,R11-S27,STANDARD,AVAILABLE,0
SEC_STD01_B_R11_S28,SEC_STD01_B,11,R11-S28,STANDARD,AVAILABLE,0
SEC_STD01_B_R11_S29,SEC_STD01_B,11,R11-S29,STANDARD,AVAILABLE,0
SEC_STD01_B_R11_S30,SEC_STD01_B,11,R11-S30,STANDARD,AVAILABLE,0
SEC_STD01_B_R11_S31,SEC_STD01_B,11,R11-S31,STANDARD,AVAILABLE,0
SEC_STD01_B_R11_S32,SEC_STD01_B,11,R11-S32,STANDARD,AVAILABLE,0
SEC_STD01_B_R11_S33,SEC_STD01_B,11,R11-S33,STANDARD,AVAILABLE,0
SEC_STD01_B_R11_S34,SEC_STD01_B,11,R11-S34,STANDARD,AVAILABLE,0
SEC_STD01_B_R11_S35,SEC_STD01_B,11,R11-S35,STANDARD,AVAILABLE,0
SEC_STD01_B_R11_S36,SEC_STD01_B,11,R11-S36,STANDARD,AVAILABLE,0
SEC_STD01_B_R11_S37,SEC_STD01_B,11,R11-S37,STANDARD,AVAILABLE,0
SEC_STD01_B_R11_S38,SEC_STD01_B,11,R11-S38,STANDARD,AVAILABLE,0
SEC_STD01_B_R11_S39,SEC_STD01_B,11,R11-S39,STANDARD,AVAILABLE,0
SEC_STD01_B_R11_S40,SEC_STD01_B,11,R11-S40,STANDARD,AVAILABLE,0
SEC_STD01_B_R11_S41,SEC_STD01_B,11,R11-S41,STANDARD,AVAILABLE,0
SEC_STD01_B_R11_S42,SEC_STD01_B,11,R11-S42,STANDARD,AVAILABLE,0
SEC_STD01_B_R11_S43,SEC_STD01_B,11,R11-S43,STANDARD,AVAILABLE,0
SEC_STD01_B_R11_S44,SEC_STD01_B,11,R11-S44,STANDARD,AVAILABLE,0
SEC_STD01_B_R11_S45,SEC_STD01_B,11,R11-S45,STANDARD,AVAILABLE,0
SEC_STD01_B_R11_S46,SEC_STD01_B,11,R11-S46,STANDARD,AVAILABLE,0
SEC_STD01_B_R11_S47,SEC_STD01_B,11,R11-S47,STANDARD,AVAILABLE,0
SEC_STD01_B_R11_S48,SEC_STD01_B,11,R11-S48,STANDARD,AVAILABLE,0
SEC_STD01_B_R11_S49,SEC_STD01_B,11,R11-S49,STANDARD,AVAILABLE,0
SEC_STD01_B_R11_S50,SEC_STD01_B,11,R11-S50,STANDARD,AVAILABLE,0
SEC_STD01_B_R11_S51,SEC_STD01_B,11,R11-S51,STANDARD,AVAILABLE,0
SEC_STD01_B_R11_S52,SEC_STD01_B,11,R11-S52,STANDARD,AVAILABLE,0
SEC_STD01_B_R11_S53,SEC_STD01_B,11,R11-S53,STANDARD,AVAILABLE,0
SEC_STD01_B_R11_S54,SEC_STD01_B,11,R11-S54,STANDARD,AVAILABLE,0
SEC_STD01_B_R11_S55,SEC_STD01_B,11,R11-S55,STANDARD,AVAILABLE,0
SEC_STD01_B_R11_S56,SEC_STD01_B,11,R11-S56,STANDARD,AVAILABLE,0
SEC_STD01_B_R11_S57,SEC_STD01_B,11,R11-S57,STANDARD,AVAILABLE,0
SEC_STD01_B_R11_S58,SEC_STD01_B,11,R11-S58,STANDARD,AVAILABLE,0
SEC_STD01_B_R11_S59,SEC_STD01_B,11,R11-S59,STANDARD,AVAILABLE,0
SEC_STD01_B_R11_S60,SEC_STD01_B,11,R11-S60,STANDARD,AVAILABLE,0
SEC_STD01_B_R12_S01,SEC_STD01_B,12,R12-S01,STANDARD,AVAILABLE,0
SEC_STD01_B_R12_S02,SEC_STD01_B,12,R12-S02,STANDARD,AVAILABLE,0
SEC_STD01_B_R12_S03,SEC_STD01_B,12,R12-S03,STANDARD,AVAILABLE,0
SEC_STD01_B_R12_S04,SEC_STD01_B,12,R12-S04,STANDARD,AVAILABLE,0
SEC_STD01_B_R12_S05,SEC_STD01_B,12,R12-S05,STANDARD,AVAILABLE,0
SEC_STD01_B_R12_S06,SEC_STD01_B,12,R12-S06,STANDARD,AVAILABLE,0
SEC_STD01_B_R12_S07,SEC_STD01_B,12,R12-S07,STANDARD,AVAILABLE,0
SEC_STD01_B_R12_S08,SEC_STD01_B,12,R12-S08,STANDARD,AVAILABLE,0
SEC_STD01_B_R12_S09,SEC_STD01_B,12,R12-S09,STANDARD,AVAILABLE,0
SEC_STD01_B_R12_S10,SEC_STD01_B,12,R12-S10,STANDARD,AVAILABLE,0
SEC_STD01_B_R12_S11,SEC_STD01_B,12,R12-S11,STANDARD,AVAILABLE,0
SEC_STD01_B_R12_S12,SEC_STD01_B,12,R12-S12,STANDARD,AVAILABLE,0
SEC_STD01_B_R12_S13,SEC_STD01_B,12,R12-S13,STANDARD,AVAILABLE,0
SEC_STD01_B_R12_S14,SEC_STD01_B,12,R12-S14,STANDARD,AVAILABLE,0
SEC_STD01_B_R12_S15,SEC_STD01_B,12,R12-S15,STANDARD,AVAILABLE,0
SEC_STD01_B_R12_S16,SEC_STD01_B,12,R12-S16,STANDARD,AVAILABLE,0
SEC_STD01_B_R12_S17,SEC_STD01_B,12,R12-S17,STANDARD,AVAILABLE,0
SEC_STD01_B_R12_S18,SEC_STD01_B,12,R12-S18,STANDARD,AVAILABLE,0
SEC_STD01_B_R12_S19,SEC_STD01_B,12,R12-S19,STANDARD,AVAILABLE,0
SEC_STD01_B_R12_S20,SEC_STD01_B,12,R12-S20,STANDARD,AVAILABLE,0
SEC_STD01_B_R12_S21,SEC_STD01_B,12,R12-S21,STANDARD,AVAILABLE,0
SEC_STD01_B_R12_S22,SEC_STD01_B,12,R12-S22,STANDARD,AVAILABLE,0
SEC_STD01_B_R12_S23,SEC_STD01_B,12,R12-S23,STANDARD,AVAILABLE,0
SEC_STD01_B_R12_S24,SEC_STD01_B,12,R12-S24,STANDARD,AVAILABLE,0
SEC_STD01_B_R12_S25,SEC_STD01_B,12,R12-S25,STANDARD,AVAILABLE,0
SEC_STD01_B_R12_S26,SEC_STD01_B,12,R12-S26,STANDARD,AVAILABLE,0
SEC_STD01_B_R12_S27,SEC_STD01_B,12,R12-S27,STANDARD,AVAILABLE,0
SEC_STD01_B_R12_S28,SEC_STD01_B,12,R12-S28,STANDARD,AVAILABLE,0
SEC_STD01_B_R12_S29,SEC_STD01_B,12,R12-S29,STANDARD,AVAILABLE,0
SEC_STD01_B_R12_S30,SEC_STD01_B,12,R12-S30,STANDARD,AVAILABLE,0
SEC_STD01_B_R12_S31,SEC_STD01_B,12,R12-S31,STANDARD,AVAILABLE,0
SEC_STD01_B_R12_S32,SEC_STD01_B,12,R12-S32,STANDARD,AVAILABLE,0
SEC_STD01_B_R12_S33,SEC_STD01_B,12,R12-S33,STANDARD,AVAILABLE,0
SEC_STD01_B_R12_S34,SEC_STD01_B,12,R12-S34,STANDARD,AVAILABLE,0
SEC_STD01_B_R12_S35,SEC_STD01_B,12,R12-S35,STANDARD,AVAILABLE,0
SEC_STD01_B_R12_S36,SEC_STD01_B,12,R12-S36,STANDARD,AVAILABLE,0
SEC_STD01_B_R12_S37,SEC_STD01_B,12,R12-S37,STANDARD,AVAILABLE,0
SEC_STD01_B_R12_S38,SEC_STD01_B,12,R12-S38,STANDARD,AVAILABLE,0
SEC_STD01_B_R12_S39,SEC_STD01_B,12,R12-S39,STANDARD,AVAILABLE,0
SEC_STD01_B_R12_S40,SEC_STD01_B,12,R12-S40,STANDARD,AVAILABLE,0
SEC_STD01_B_R12_S41,SEC_STD01_B,12,R12-S41,STANDARD,AVAILABLE,0
SEC_STD01_B_R12_S42,SEC_STD01_B,12,R12-S42,STANDARD,AVAILABLE,0
SEC_STD01_B_R12_S43,SEC_STD01_B,12,R12-S43,STANDARD,AVAILABLE,0
SEC_STD01_B_R12_S44,SEC_STD01_B,12,R12-S44,STANDARD,AVAILABLE,0
SEC_STD01_B_R12_S45,SEC_STD01_B,12,R12-S45,STANDARD,AVAILABLE,0
SEC_STD01_B_R12_S46,SEC_STD01_B,12,R12-S46,STANDARD,AVAILABLE,0
SEC_STD01_B_R12_S47,SEC_STD01_B,12,R12-S47,STANDARD,AVAILABLE,0
SEC_STD01_B_R12_S48,SEC_STD01_B,12,R12-S48,STANDARD,AVAILABLE,0
SEC_STD01_B_R12_S49,SEC_STD01_B,12,R12-S49,STANDARD,AVAILABLE,0
SEC_STD01_B_R12_S50,SEC_STD01_B,12,R12-S50,STANDARD,AVAILABLE,0
SEC_STD01_B_R12_S51,SEC_STD01_B,12,R12-S51,STANDARD,AVAILABLE,0
SEC_STD01_B_R12_S52,SEC_STD01_B,12,R12-S52,STANDARD,AVAILABLE,0
SEC_STD01_B_R12_S53,SEC_STD01_B,12,R12-S53,STANDARD,AVAILABLE,0
SEC_STD01_B_R12_S54,SEC_STD01_B,12,R12-S54,STANDARD,AVAILABLE,0
SEC_STD01_B_R12_S55,SEC_STD01_B,12,R12-S55,STANDARD,AVAILABLE,0
SEC_STD01_B_R12_S56,SEC_STD01_B,12,R12-S56,STANDARD,AVAILABLE,0
SEC_STD01_B_R12_S57,SEC_STD01_B,12,R12-S57,STANDARD,AVAILABLE,0
SEC_STD01_B_R12_S58,SEC_STD01_B,12,R12-S58,STANDARD,AVAILABLE,0
SEC_STD01_B_R12_S59,SEC_STD01_B,12,R12-S59,STANDARD,AVAILABLE,0
SEC_STD01_B_R12_S60,SEC_STD01_B,12,R12-S60,STANDARD,AVAILABLE,0
SEC_STD01_B_R13_S01,SEC_STD01_B,13,R13-S01,STANDARD,AVAILABLE,0
SEC_STD01_B_R13_S02,SEC_STD01_B,13,R13-S02,STANDARD,AVAILABLE,0
SEC_STD01_B_R13_S03,SEC_STD01_B,13,R13-S03,STANDARD,AVAILABLE,0
SEC_STD01_B_R13_S04,SEC_STD01_B,13,R13-S04,STANDARD,AVAILABLE,0
SEC_STD01_B_R13_S05,SEC_STD01_B,13,R13-S05,STANDARD,AVAILABLE,0
SEC_STD01_B_R13_S06,SEC_STD01_B,13,R13-S06,STANDARD,AVAILABLE,0
SEC_STD01_B_R13_S07,SEC_STD01_B,13,R13-S07,STANDARD,AVAILABLE,0
SEC_STD01_B_R13_S08,SEC_STD01_B,13,R13-S08,STANDARD,AVAILABLE,0
SEC_STD01_B_R13_S09,SEC_STD01_B,13,R13-S09,STANDARD,AVAILABLE,0
SEC_STD01_B_R13_S10,SEC_STD01_B,13,R13-S10,STANDARD,AVAILABLE,0
SEC_STD01_B_R13_S11,SEC_STD01_B,13,R13-S11,STANDARD,AVAILABLE,0
SEC_STD01_B_R13_S12,SEC_STD01_B,13,R13-S12,STANDARD,AVAILABLE,0
SEC_STD01_B_R13_S13,SEC_STD01_B,13,R13-S13,STANDARD,AVAILABLE,0
SEC_STD01_B_R13_S14,SEC_STD01_B,13,R13-S14,STANDARD,AVAILABLE,0
SEC_STD01_B_R13_S15,SEC_STD01_B,13,R13-S15,STANDARD,AVAILABLE,0
SEC_STD01_B_R13_S16,SEC_STD01_B,13,R13-S16,STANDARD,AVAILABLE,0
SEC_STD01_B_R13_S17,SEC_STD01_B,13,R13-S17,STANDARD,AVAILABLE,0
SEC_STD01_B_R13_S18,SEC_STD01_B,13,R13-S18,STANDARD,AVAILABLE,0
SEC_STD01_B_R13_S19,SEC_STD01_B,13,R13-S19,STANDARD,AVAILABLE,0
SEC_STD01_B_R13_S20,SEC_STD01_B,13,R13-S20,STANDARD,AVAILABLE,0
SEC_STD01_B_R13_S21,SEC_STD01_B,13,R13-S21,STANDARD,AVAILABLE,0
SEC_STD01_B_R13_S22,SEC_STD01_B,13,R13-S22,STANDARD,AVAILABLE,0
SEC_STD01_B_R13_S23,SEC_STD01_B,13,R13-S23,STANDARD,AVAILABLE,0
SEC_STD01_B_R13_S24,SEC_STD01_B,13,R13-S24,STANDARD,AVAILABLE,0
SEC_STD01_B_R13_S25,SEC_STD01_B,13,R13-S25,STANDARD,AVAILABLE,0
SEC_STD01_B_R13_S26,SEC_STD01_B,13,R13-S26,STANDARD,AVAILABLE,0
SEC_STD01_B_R13_S27,SEC_STD01_B,13,R13-S27,STANDARD,AVAILABLE,0
SEC_STD01_B_R13_S28,SEC_STD01_B,13,R13-S28,STANDARD,AVAILABLE,0
SEC_STD01_B_R13_S29,SEC_STD01_B,13,R13-S29,STANDARD,AVAILABLE,0
SEC_STD01_B_R13_S30,SEC_STD01_B,13,R13-S30,STANDARD,AVAILABLE,0
SEC_STD01_B_R13_S31,SEC_STD01_B,13,R13-S31,STANDARD,AVAILABLE,0
SEC_STD01_B_R13_S32,SEC_STD01_B,13,R13-S32,STANDARD,AVAILABLE,0
SEC_STD01_B_R13_S33,SEC_STD01_B,13,R13-S33,STANDARD,AVAILABLE,0
SEC_STD01_B_R13_S34,SEC_STD01_B,13,R13-S34,STANDARD,AVAILABLE,0
SEC_STD01_B_R13_S35,SEC_STD01_B,13,R13-S35,STANDARD,AVAILABLE,0
SEC_STD01_B_R13_S36,SEC_STD01_B,13,R13-S36,STANDARD,AVAILABLE,0
SEC_STD01_B_R13_S37,SEC_STD01_B,13,R13-S37,STANDARD,AVAILABLE,0
SEC_STD01_B_R13_S38,SEC_STD01_B,13,R13-S38,STANDARD,AVAILABLE,0
SEC_STD01_B_R13_S39,SEC_STD01_B,13,R13-S39,STANDARD,AVAILABLE,0
SEC_STD01_B_R13_S40,SEC_STD01_B,13,R13-S40,STANDARD,AVAILABLE,0
SEC_STD01_B_R13_S41,SEC_STD01_B,13,R13-S41,STANDARD,AVAILABLE,0
SEC_STD01_B_R13_S42,SEC_STD01_B,13,R13-S42,STANDARD,AVAILABLE,0
SEC_STD01_B_R13_S43,SEC_STD01_B,13,R13-S43,STANDARD,AVAILABLE,0
SEC_STD01_B_R13_S44,SEC_STD01_B,13,R13-S44,STANDARD,AVAILABLE,0
SEC_STD01_B_R13_S45,SEC_STD01_B,13,R13-S45,STANDARD,AVAILABLE,0
SEC_STD01_B_R13_S46,SEC_STD01_B,13,R13-S46,STANDARD,AVAILABLE,0
SEC_STD01_B_R13_S47,SEC_STD01_B,13,R13-S47,STANDARD,AVAILABLE,0
SEC_STD01_B_R13_S48,SEC_STD01_B,13,R13-S48,STANDARD,AVAILABLE,0
SEC_STD01_B_R13_S49,SEC_STD01_B,13,R13-S49,STANDARD,AVAILABLE,0
SEC_STD01_B_R13_S50,SEC_STD01_B,13,R13-S50,STANDARD,AVAILABLE,0
SEC_STD01_B_R13_S51,SEC_STD01_B,13,R13-S51,STANDARD,AVAILABLE,0
SEC_STD01_B_R13_S52,SEC_STD01_B,13,R13-S52,STANDARD,AVAILABLE,0
SEC_STD01_B_R13_S53,SEC_STD01_B,13,R13-S53,STANDARD,AVAILABLE,0
SEC_STD01_B_R13_S54,SEC_STD01_B,13,R13-S54,STANDARD,AVAILABLE,0
SEC_STD01_B_R13_S55,SEC_STD01_B,13,R13-S55,STANDARD,AVAILABLE,0
SEC_STD01_B_R13_S56,SEC_STD01_B,13,R13-S56,STANDARD,AVAILABLE,0
SEC_STD01_B_R13_S57,SEC_STD01_B,13,R13-S57,STANDARD,AVAILABLE,0
SEC_STD01_B_R13_S58,SEC_STD01_B,13,R13-S58,STANDARD,AVAILABLE,0
SEC_STD01_B_R13_S59,SEC_STD01_B,13,R13-S59,STANDARD,AVAILABLE,0
SEC_STD01_B_R13_S60,SEC_STD01_B,13,R13-S60,STANDARD,AVAILABLE,0
SEC_STD01_B_R14_S01,SEC_STD01_B,14,R14-S01,STANDARD,AVAILABLE,0
SEC_STD01_B_R14_S02,SEC_STD01_B,14,R14-S02,STANDARD,AVAILABLE,0
SEC_STD01_B_R14_S03,SEC_STD01_B,14,R14-S03,STANDARD,AVAILABLE,0
SEC_STD01_B_R14_S04,SEC_STD01_B,14,R14-S04,STANDARD,AVAILABLE,0
SEC_STD01_B_R14_S05,SEC_STD01_B,14,R14-S05,STANDARD,AVAILABLE,0
SEC_STD01_B_R14_S06,SEC_STD01_B,14,R14-S06,STANDARD,AVAILABLE,0
SEC_STD01_B_R14_S07,SEC_STD01_B,14,R14-S07,STANDARD,AVAILABLE,0
SEC_STD01_B_R14_S08,SEC_STD01_B,14,R14-S08,STANDARD,AVAILABLE,0
SEC_STD01_B_R14_S09,SEC_STD01_B,14,R14-S09,STANDARD,AVAILABLE,0
SEC_STD01_B_R14_S10,SEC_STD01_B,14,R14-S10,STANDARD,AVAILABLE,0
SEC_STD01_B_R14_S11,SEC_STD01_B,14,R14-S11,STANDARD,AVAILABLE,0
SEC_STD01_B_R14_S12,SEC_STD01_B,14,R14-S12,STANDARD,AVAILABLE,0
SEC_STD01_B_R14_S13,SEC_STD01_B,14,R14-S13,STANDARD,AVAILABLE,0
SEC_STD01_B_R14_S14,SEC_STD01_B,14,R14-S14,STANDARD,AVAILABLE,0
SEC_STD01_B_R14_S15,SEC_STD01_B,14,R14-S15,STANDARD,AVAILABLE,0
SEC_STD01_B_R14_S16,SEC_STD01_B,14,R14-S16,STANDARD,AVAILABLE,0
SEC_STD01_B_R14_S17,SEC_STD01_B,14,R14-S17,STANDARD,AVAILABLE,0
SEC_STD01_B_R14_S18,SEC_STD01_B,14,R14-S18,STANDARD,AVAILABLE,0
SEC_STD01_B_R14_S19,SEC_STD01_B,14,R14-S19,STANDARD,AVAILABLE,0
SEC_STD01_B_R14_S20,SEC_STD01_B,14,R14-S20,STANDARD,AVAILABLE,0
SEC_STD01_B_R14_S21,SEC_STD01_B,14,R14-S21,STANDARD,AVAILABLE,0
SEC_STD01_B_R14_S22,SEC_STD01_B,14,R14-S22,STANDARD,AVAILABLE,0
SEC_STD01_B_R14_S23,SEC_STD01_B,14,R14-S23,STANDARD,AVAILABLE,0
SEC_STD01_B_R14_S24,SEC_STD01_B,14,R14-S24,STANDARD,AVAILABLE,0
SEC_STD01_B_R14_S25,SEC_STD01_B,14,R14-S25,STANDARD,AVAILABLE,0
SEC_STD01_B_R14_S26,SEC_STD01_B,14,R14-S26,STANDARD,AVAILABLE,0
SEC_STD01_B_R14_S27,SEC_STD01_B,14,R14-S27,STANDARD,AVAILABLE,0
SEC_STD01_B_R14_S28,SEC_STD01_B,14,R14-S28,STANDARD,AVAILABLE,0
SEC_STD01_B_R14_S29,SEC_STD01_B,14,R14-S29,STANDARD,AVAILABLE,0
SEC_STD01_B_R14_S30,SEC_STD01_B,14,R14-S30,STANDARD,AVAILABLE,0
SEC_STD01_B_R14_S31,SEC_STD01_B,14,R14-S31,STANDARD,AVAILABLE,0
SEC_STD01_B_R14_S32,SEC_STD01_B,14,R14-S32,STANDARD,AVAILABLE,0
SEC_STD01_B_R14_S33,SEC_STD01_B,14,R14-S33,STANDARD,AVAILABLE,0
SEC_STD01_B_R14_S34,SEC_STD01_B,14,R14-S34,STANDARD,AVAILABLE,0
SEC_STD01_B_R14_S35,SEC_STD01_B,14,R14-S35,STANDARD,AVAILABLE,0
SEC_STD01_B_R14_S36,SEC_STD01_B,14,R14-S36,STANDARD,AVAILABLE,0
SEC_STD01_B_R14_S37,SEC_STD01_B,14,R14-S37,STANDARD,AVAILABLE,0
SEC_STD01_B_R14_S38,SEC_STD01_B,14,R14-S38,STANDARD,AVAILABLE,0
SEC_STD01_B_R14_S39,SEC_STD01_B,14,R14-S39,STANDARD,AVAILABLE,0
SEC_STD01_B_R14_S40,SEC_STD01_B,14,R14-S40,STANDARD,AVAILABLE,0
SEC_STD01_B_R14_S41,SEC_STD01_B,14,R14-S41,STANDARD,AVAILABLE,0
SEC_STD01_B_R14_S42,SEC_STD01_B,14,R14-S42,STANDARD,AVAILABLE,0
SEC_STD01_B_R14_S43,SEC_STD01_B,14,R14-S43,STANDARD,AVAILABLE,0
SEC_STD01_B_R14_S44,SEC_STD01_B,14,R14-S44,STANDARD,AVAILABLE,0
SEC_STD01_B_R14_S45,SEC_STD01_B,14,R14-S45,STANDARD,AVAILABLE,0
SEC_STD01_B_R14_S46,SEC_STD01_B,14,R14-S46,STANDARD,AVAILABLE,0
SEC_STD01_B_R14_S47,SEC_STD01_B,14,R14-S47,STANDARD,AVAILABLE,0
SEC_STD01_B_R14_S48,SEC_STD01_B,14,R14-S48,STANDARD,AVAILABLE,0
SEC_STD01_B_R14_S49,SEC_STD01_B,14,R14-S49,STANDARD,AVAILABLE,0
SEC_STD01_B_R14_S50,SEC_STD01_B,14,R14-S50,STANDARD,AVAILABLE,0
SEC_STD01_B_R14_S51,SEC_STD01_B,14,R14-S51,STANDARD,AVAILABLE,0
SEC_STD01_B_R14_S52,SEC_STD01_B,14,R14-S52,STANDARD,AVAILABLE,0
SEC_STD01_B_R14_S53,SEC_STD01_B,14,R14-S53,STANDARD,AVAILABLE,0
SEC_STD01_B_R14_S54,SEC_STD01_B,14,R14-S54,STANDARD,AVAILABLE,0
SEC_STD01_B_R14_S55,SEC_STD01_B,14,R14-S55,STANDARD,AVAILABLE,0
SEC_STD01_B_R14_S56,SEC_STD01_B,14,R14-S56,STANDARD,AVAILABLE,0
SEC_STD01_B_R14_S57,SEC_STD01_B,14,R14-S57,STANDARD,AVAILABLE,0
SEC_STD01_B_R14_S58,SEC_STD01_B,14,R14-S58,STANDARD,AVAILABLE,0
SEC_STD01_B_R14_S59,SEC_STD01_B,14,R14-S59,STANDARD,AVAILABLE,0
SEC_STD01_B_R14_S60,SEC_STD01_B,14,R14-S60,STANDARD,AVAILABLE,0
SEC_STD01_B_R15_S01,SEC_STD01_B,15,R15-S01,STANDARD,AVAILABLE,0
SEC_STD01_B_R15_S02,SEC_STD01_B,15,R15-S02,STANDARD,AVAILABLE,0
SEC_STD01_B_R15_S03,SEC_STD01_B,15,R15-S03,STANDARD,AVAILABLE,0
SEC_STD01_B_R15_S04,SEC_STD01_B,15,R15-S04,STANDARD,AVAILABLE,0
SEC_STD01_B_R15_S05,SEC_STD01_B,15,R15-S05,STANDARD,AVAILABLE,0
SEC_STD01_B_R15_S06,SEC_STD01_B,15,R15-S06,STANDARD,AVAILABLE,0
SEC_STD01_B_R15_S07,SEC_STD01_B,15,R15-S07,STANDARD,AVAILABLE,0
SEC_STD01_B_R15_S08,SEC_STD01_B,15,R15-S08,STANDARD,AVAILABLE,0
SEC_STD01_B_R15_S09,SEC_STD01_B,15,R15-S09,STANDARD,AVAILABLE,0
SEC_STD01_B_R15_S10,SEC_STD01_B,15,R15-S10,STANDARD,AVAILABLE,0
SEC_STD01_B_R15_S11,SEC_STD01_B,15,R15-S11,STANDARD,AVAILABLE,0
SEC_STD01_B_R15_S12,SEC_STD01_B,15,R15-S12,STANDARD,AVAILABLE,0
SEC_STD01_B_R15_S13,SEC_STD01_B,15,R15-S13,STANDARD,AVAILABLE,0
SEC_STD01_B_R15_S14,SEC_STD01_B,15,R15-S14,STANDARD,AVAILABLE,0
SEC_STD01_B_R15_S15,SEC_STD01_B,15,R15-S15,STANDARD,AVAILABLE,0
SEC_STD01_B_R15_S16,SEC_STD01_B,15,R15-S16,STANDARD,AVAILABLE,0
SEC_STD01_B_R15_S17,SEC_STD01_B,15,R15-S17,STANDARD,AVAILABLE,0
SEC_STD01_B_R15_S18,SEC_STD01_B,15,R15-S18,STANDARD,AVAILABLE,0
SEC_STD01_B_R15_S19,SEC_STD01_B,15,R15-S19,STANDARD,AVAILABLE,0
SEC_STD01_B_R15_S20,SEC_STD01_B,15,R15-S20,STANDARD,AVAILABLE,0
SEC_STD01_B_R15_S21,SEC_STD01_B,15,R15-S21,STANDARD,AVAILABLE,0
SEC_STD01_B_R15_S22,SEC_STD01_B,15,R15-S22,STANDARD,AVAILABLE,0
SEC_STD01_B_R15_S23,SEC_STD01_B,15,R15-S23,STANDARD,AVAILABLE,0
SEC_STD01_B_R15_S24,SEC_STD01_B,15,R15-S24,STANDARD,AVAILABLE,0
SEC_STD01_B_R15_S25,SEC_STD01_B,15,R15-S25,STANDARD,AVAILABLE,0
SEC_STD01_B_R15_S26,SEC_STD01_B,15,R15-S26,STANDARD,AVAILABLE,0
SEC_STD01_B_R15_S27,SEC_STD01_B,15,R15-S27,STANDARD,AVAILABLE,0
SEC_STD01_B_R15_S28,SEC_STD01_B,15,R15-S28,STANDARD,AVAILABLE,0
SEC_STD01_B_R15_S29,SEC_STD01_B,15,R15-S29,STANDARD,AVAILABLE,0
SEC_STD01_B_R15_S30,SEC_STD01_B,15,R15-S30,STANDARD,AVAILABLE,0
SEC_STD01_B_R15_S31,SEC_STD01_B,15,R15-S31,STANDARD,AVAILABLE,0
SEC_STD01_B_R15_S32,SEC_STD01_B,15,R15-S32,STANDARD,AVAILABLE,0
SEC_STD01_B_R15_S33,SEC_STD01_B,15,R15-S33,STANDARD,AVAILABLE,0
SEC_STD01_B_R15_S34,SEC_STD01_B,15,R15-S34,STANDARD,AVAILABLE,0
SEC_STD01_B_R15_S35,SEC_STD01_B,15,R15-S35,STANDARD,AVAILABLE,0
SEC_STD01_B_R15_S36,SEC_STD01_B,15,R15-S36,STANDARD,AVAILABLE,0
SEC_STD01_B_R15_S37,SEC_STD01_B,15,R15-S37,STANDARD,AVAILABLE,0
SEC_STD01_B_R15_S38,SEC_STD01_B,15,R15-S38,STANDARD,AVAILABLE,0
SEC_STD01_B_R15_S39,SEC_STD01_B,15,R15-S39,STANDARD,AVAILABLE,0
SEC_STD01_B_R15_S40,SEC_STD01_B,15,R15-S40,STANDARD,AVAILABLE,0
SEC_STD01_B_R15_S41,SEC_STD01_B,15,R15-S41,STANDARD,AVAILABLE,0
SEC_STD01_B_R15_S42,SEC_STD01_B,15,R15-S42,STANDARD,AVAILABLE,0
SEC_STD01_B_R15_S43,SEC_STD01_B,15,R15-S43,STANDARD,AVAILABLE,0
SEC_STD01_B_R15_S44,SEC_STD01_B,15,R15-S44,STANDARD,AVAILABLE,0
SEC_STD01_B_R15_S45,SEC_STD01_B,15,R15-S45,STANDARD,AVAILABLE,0
SEC_STD01_B_R15_S46,SEC_STD01_B,15,R15-S46,STANDARD,AVAILABLE,0
SEC_STD01_B_R15_S47,SEC_STD01_B,15,R15-S47,STANDARD,AVAILABLE,0
SEC_STD01_B_R15_S48,SEC_STD01_B,15,R15-S48,STANDARD,AVAILABLE,0
SEC_STD01_B_R15_S49,SEC_STD01_B,15,R15-S49,STANDARD,AVAILABLE,0
SEC_STD01_B_R15_S50,SEC_STD01_B,15,R15-S50,STANDARD,AVAILABLE,0
SEC_STD01_B_R15_S51,SEC_STD01_B,15,R15-S51,STANDARD,AVAILABLE,0
SEC_STD01_B_R15_S52,SEC_STD01_B,15,R15-S52,STANDARD,AVAILABLE,0
SEC_STD01_B_R15_S53,SEC_STD01_B,15,R15-S53,STANDARD,AVAILABLE,0
SEC_STD01_B_R15_S54,SEC_STD01_B,15,R15-S54,STANDARD,AVAILABLE,0
SEC_STD01_B_R15_S55,SEC_STD01_B,15,R15-S55,STANDARD,AVAILABLE,0
SEC_STD01_B_R15_S56,SEC_STD01_B,15,R15-S56,STANDARD,AVAILABLE,0
SEC_STD01_B_R15_S57,SEC_STD01_B,15,R15-S57,STANDARD,AVAILABLE,0
SEC_STD01_B_R15_S58,SEC_STD01_B,15,R15-S58,STANDARD,AVAILABLE,0
SEC_STD01_B_R15_S59,SEC_STD01_B,15,R15-S59,STANDARD,AVAILABLE,0
SEC_STD01_B_R15_S60,SEC_STD01_B,15,R15-S60,STANDARD,AVAILABLE,0
SEC_STD01_B_R16_S01,SEC_STD01_B,16,R16-S01,STANDARD,AVAILABLE,0
SEC_STD01_B_R16_S02,SEC_STD01_B,16,R16-S02,STANDARD,AVAILABLE,0
SEC_STD01_B_R16_S03,SEC_STD01_B,16,R16-S03,STANDARD,AVAILABLE,0
SEC_STD01_B_R16_S04,SEC_STD01_B,16,R16-S04,STANDARD,AVAILABLE,0
SEC_STD01_B_R16_S05,SEC_STD01_B,16,R16-S05,STANDARD,AVAILABLE,0
SEC_STD01_B_R16_S06,SEC_STD01_B,16,R16-S06,STANDARD,AVAILABLE,0
SEC_STD01_B_R16_S07,SEC_STD01_B,16,R16-S07,STANDARD,AVAILABLE,0
SEC_STD01_B_R16_S08,SEC_STD01_B,16,R16-S08,STANDARD,AVAILABLE,0
SEC_STD01_B_R16_S09,SEC_STD01_B,16,R16-S09,STANDARD,AVAILABLE,0
SEC_STD01_B_R16_S10,SEC_STD01_B,16,R16-S10,STANDARD,AVAILABLE,0
SEC_STD01_B_R16_S11,SEC_STD01_B,16,R16-S11,STANDARD,AVAILABLE,0
SEC_STD01_B_R16_S12,SEC_STD01_B,16,R16-S12,STANDARD,AVAILABLE,0
SEC_STD01_B_R16_S13,SEC_STD01_B,16,R16-S13,STANDARD,AVAILABLE,0
SEC_STD01_B_R16_S14,SEC_STD01_B,16,R16-S14,STANDARD,AVAILABLE,0
SEC_STD01_B_R16_S15,SEC_STD01_B,16,R16-S15,STANDARD,AVAILABLE,0
SEC_STD01_B_R16_S16,SEC_STD01_B,16,R16-S16,STANDARD,AVAILABLE,0
SEC_STD01_B_R16_S17,SEC_STD01_B,16,R16-S17,STANDARD,AVAILABLE,0
SEC_STD01_B_R16_S18,SEC_STD01_B,16,R16-S18,STANDARD,AVAILABLE,0
SEC_STD01_B_R16_S19,SEC_STD01_B,16,R16-S19,STANDARD,AVAILABLE,0
SEC_STD01_B_R16_S20,SEC_STD01_B,16,R16-S20,STANDARD,AVAILABLE,0
SEC_STD01_B_R16_S21,SEC_STD01_B,16,R16-S21,STANDARD,AVAILABLE,0
SEC_STD01_B_R16_S22,SEC_STD01_B,16,R16-S22,STANDARD,AVAILABLE,0
SEC_STD01_B_R16_S23,SEC_STD01_B,16,R16-S23,STANDARD,AVAILABLE,0
SEC_STD01_B_R16_S24,SEC_STD01_B,16,R16-S24,STANDARD,AVAILABLE,0
SEC_STD01_B_R16_S25,SEC_STD01_B,16,R16-S25,STANDARD,AVAILABLE,0
SEC_STD01_B_R16_S26,SEC_STD01_B,16,R16-S26,STANDARD,AVAILABLE,0
SEC_STD01_B_R16_S27,SEC_STD01_B,16,R16-S27,STANDARD,AVAILABLE,0
SEC_STD01_B_R16_S28,SEC_STD01_B,16,R16-S28,STANDARD,AVAILABLE,0
SEC_STD01_B_R16_S29,SEC_STD01_B,16,R16-S29,STANDARD,AVAILABLE,0
SEC_STD01_B_R16_S30,SEC_STD01_B,16,R16-S30,STANDARD,AVAILABLE,0
SEC_STD01_B_R16_S31,SEC_STD01_B,16,R16-S31,STANDARD,AVAILABLE,0
SEC_STD01_B_R16_S32,SEC_STD01_B,16,R16-S32,STANDARD,AVAILABLE,0
SEC_STD01_B_R16_S33,SEC_STD01_B,16,R16-S33,STANDARD,AVAILABLE,0
SEC_STD01_B_R16_S34,SEC_STD01_B,16,R16-S34,STANDARD,AVAILABLE,0
SEC_STD01_B_R16_S35,SEC_STD01_B,16,R16-S35,STANDARD,AVAILABLE,0
SEC_STD01_B_R16_S36,SEC_STD01_B,16,R16-S36,STANDARD,AVAILABLE,0
SEC_STD01_B_R16_S37,SEC_STD01_B,16,R16-S37,STANDARD,AVAILABLE,0
SEC_STD01_B_R16_S38,SEC_STD01_B,16,R16-S38,STANDARD,AVAILABLE,0
SEC_STD01_B_R16_S39,SEC_STD01_B,16,R16-S39,STANDARD,AVAILABLE,0
SEC_STD01_B_R16_S40,SEC_STD01_B,16,R16-S40,STANDARD,AVAILABLE,0
SEC_STD01_B_R16_S41,SEC_STD01_B,16,R16-S41,STANDARD,AVAILABLE,0
SEC_STD01_B_R16_S42,SEC_STD01_B,16,R16-S42,STANDARD,AVAILABLE,0
SEC_STD01_B_R16_S43,SEC_STD01_B,16,R16-S43,STANDARD,AVAILABLE,0
SEC_STD01_B_R16_S44,SEC_STD01_B,16,R16-S44,STANDARD,AVAILABLE,0
SEC_STD01_B_R16_S45,SEC_STD01_B,16,R16-S45,STANDARD,AVAILABLE,0
SEC_STD01_B_R16_S46,SEC_STD01_B,16,R16-S46,STANDARD,AVAILABLE,0
SEC_STD01_B_R16_S47,SEC_STD01_B,16,R16-S47,STANDARD,AVAILABLE,0
SEC_STD01_B_R16_S48,SEC_STD01_B,16,R16-S48,STANDARD,AVAILABLE,0
SEC_STD01_B_R16_S49,SEC_STD01_B,16,R16-S49,STANDARD,AVAILABLE,0
SEC_STD01_B_R16_S50,SEC_STD01_B,16,R16-S50,STANDARD,AVAILABLE,0
SEC_STD01_B_R16_S51,SEC_STD01_B,16,R16-S51,STANDARD,AVAILABLE,0
SEC_STD01_B_R16_S52,SEC_STD01_B,16,R16-S52,STANDARD,AVAILABLE,0
SEC_STD01_B_R16_S53,SEC_STD01_B,16,R16-S53,STANDARD,AVAILABLE,0
SEC_STD01_B_R16_S54,SEC_STD01_B,16,R16-S54,STANDARD,AVAILABLE,0
SEC_STD01_B_R16_S55,SEC_STD01_B,16,R16-S55,STANDARD,AVAILABLE,0
SEC_STD01_B_R16_S56,SEC_STD01_B,16,R16-S56,STANDARD,AVAILABLE,0
SEC_STD01_B_R16_S57,SEC_STD01_B,16,R16-S57,STANDARD,AVAILABLE,0
SEC_STD01_B_R16_S58,SEC_STD01_B,16,R16-S58,STANDARD,AVAILABLE,0
SEC_STD01_B_R16_S59,SEC_STD01_B,16,R16-S59,STANDARD,AVAILABLE,0
SEC_STD01_B_R16_S60,SEC_STD01_B,16,R16-S60,STANDARD,AVAILABLE,0
SEC_STD01_B_R17_S01,SEC_STD01_B,17,R17-S01,STANDARD,AVAILABLE,0
SEC_STD01_B_R17_S02,SEC_STD01_B,17,R17-S02,STANDARD,AVAILABLE,0
SEC_STD01_B_R17_S03,SEC_STD01_B,17,R17-S03,STANDARD,AVAILABLE,0
SEC_STD01_B_R17_S04,SEC_STD01_B,17,R17-S04,STANDARD,AVAILABLE,0
SEC_STD01_B_R17_S05,SEC_STD01_B,17,R17-S05,STANDARD,AVAILABLE,0
SEC_STD01_B_R17_S06,SEC_STD01_B,17,R17-S06,STANDARD,AVAILABLE,0
SEC_STD01_B_R17_S07,SEC_STD01_B,17,R17-S07,STANDARD,AVAILABLE,0
SEC_STD01_B_R17_S08,SEC_STD01_B,17,R17-S08,STANDARD,AVAILABLE,0
SEC_STD01_B_R17_S09,SEC_STD01_B,17,R17-S09,STANDARD,AVAILABLE,0
SEC_STD01_B_R17_S10,SEC_STD01_B,17,R17-S10,STANDARD,AVAILABLE,0
SEC_STD01_B_R17_S11,SEC_STD01_B,17,R17-S11,STANDARD,AVAILABLE,0
SEC_STD01_B_R17_S12,SEC_STD01_B,17,R17-S12,STANDARD,AVAILABLE,0
SEC_STD01_B_R17_S13,SEC_STD01_B,17,R17-S13,STANDARD,AVAILABLE,0
SEC_STD01_B_R17_S14,SEC_STD01_B,17,R17-S14,STANDARD,AVAILABLE,0
SEC_STD01_B_R17_S15,SEC_STD01_B,17,R17-S15,STANDARD,AVAILABLE,0
SEC_STD01_B_R17_S16,SEC_STD01_B,17,R17-S16,STANDARD,AVAILABLE,0
SEC_STD01_B_R17_S17,SEC_STD01_B,17,R17-S17,STANDARD,AVAILABLE,0
SEC_STD01_B_R17_S18,SEC_STD01_B,17,R17-S18,STANDARD,AVAILABLE,0
SEC_STD01_B_R17_S19,SEC_STD01_B,17,R17-S19,STANDARD,AVAILABLE,0
SEC_STD01_B_R17_S20,SEC_STD01_B,17,R17-S20,STANDARD,AVAILABLE,0
SEC_STD01_B_R17_S21,SEC_STD01_B,17,R17-S21,STANDARD,AVAILABLE,0
SEC_STD01_B_R17_S22,SEC_STD01_B,17,R17-S22,STANDARD,AVAILABLE,0
SEC_STD01_B_R17_S23,SEC_STD01_B,17,R17-S23,STANDARD,AVAILABLE,0
SEC_STD01_B_R17_S24,SEC_STD01_B,17,R17-S24,STANDARD,AVAILABLE,0
SEC_STD01_B_R17_S25,SEC_STD01_B,17,R17-S25,STANDARD,AVAILABLE,0
SEC_STD01_B_R17_S26,SEC_STD01_B,17,R17-S26,STANDARD,AVAILABLE,0
SEC_STD01_B_R17_S27,SEC_STD01_B,17,R17-S27,STANDARD,AVAILABLE,0
SEC_STD01_B_R17_S28,SEC_STD01_B,17,R17-S28,STANDARD,AVAILABLE,0
SEC_STD01_B_R17_S29,SEC_STD01_B,17,R17-S29,STANDARD,AVAILABLE,0
SEC_STD01_B_R17_S30,SEC_STD01_B,17,R17-S30,STANDARD,AVAILABLE,0
SEC_STD01_B_R17_S31,SEC_STD01_B,17,R17-S31,STANDARD,AVAILABLE,0
SEC_STD01_B_R17_S32,SEC_STD01_B,17,R17-S32,STANDARD,AVAILABLE,0
SEC_STD01_B_R17_S33,SEC_STD01_B,17,R17-S33,STANDARD,AVAILABLE,0
SEC_STD01_B_R17_S34,SEC_STD01_B,17,R17-S34,STANDARD,AVAILABLE,0
SEC_STD01_B_R17_S35,SEC_STD01_B,17,R17-S35,STANDARD,AVAILABLE,0
SEC_STD01_B_R17_S36,SEC_STD01_B,17,R17-S36,STANDARD,AVAILABLE,0
SEC_STD01_B_R17_S37,SEC_STD01_B,17,R17-S37,STANDARD,AVAILABLE,0
SEC_STD01_B_R17_S38,SEC_STD01_B,17,R17-S38,STANDARD,AVAILABLE,0
SEC_STD01_B_R17_S39,SEC_STD01_B,17,R17-S39,STANDARD,AVAILABLE,0
SEC_STD01_B_R17_S40,SEC_STD01_B,17,R17-S40,STANDARD,AVAILABLE,0
SEC_STD01_B_R17_S41,SEC_STD01_B,17,R17-S41,STANDARD,AVAILABLE,0
SEC_STD01_B_R17_S42,SEC_STD01_B,17,R17-S42,STANDARD,AVAILABLE,0
SEC_STD01_B_R17_S43,SEC_STD01_B,17,R17-S43,STANDARD,AVAILABLE,0
SEC_STD01_B_R17_S44,SEC_STD01_B,17,R17-S44,STANDARD,AVAILABLE,0
SEC_STD01_B_R17_S45,SEC_STD01_B,17,R17-S45,STANDARD,AVAILABLE,0
SEC_STD01_B_R17_S46,SEC_STD01_B,17,R17-S46,STANDARD,AVAILABLE,0
SEC_STD01_B_R17_S47,SEC_STD01_B,17,R17-S47,STANDARD,AVAILABLE,0
SEC_STD01_B_R17_S48,SEC_STD01_B,17,R17-S48,STANDARD,AVAILABLE,0
SEC_STD01_B_R17_S49,SEC_STD01_B,17,R17-S49,STANDARD,AVAILABLE,0
SEC_STD01_B_R17_S50,SEC_STD01_B,17,R17-S50,STANDARD,AVAILABLE,0
SEC_STD01_B_R17_S51,SEC_STD01_B,17,R17-S51,STANDARD,AVAILABLE,0
SEC_STD01_B_R17_S52,SEC_STD01_B,17,R17-S52,STANDARD,AVAILABLE,0
SEC_STD01_B_R17_S53,SEC_STD01_B,17,R17-S53,STANDARD,AVAILABLE,0
SEC_STD01_B_R17_S54,SEC_STD01_B,17,R17-S54,STANDARD,AVAILABLE,0
SEC_STD01_B_R17_S55,SEC_STD01_B,17,R17-S55,STANDARD,AVAILABLE,0
SEC_STD01_B_R17_S56,SEC_STD01_B,17,R17-S56,STANDARD,AVAILABLE,0
SEC_STD01_B_R17_S57,SEC_STD01_B,17,R17-S57,STANDARD,AVAILABLE,0
SEC_STD01_B_R17_S58,SEC_STD01_B,17,R17-S58,STANDARD,AVAILABLE,0
SEC_STD01_B_R17_S59,SEC_STD01_B,17,R17-S59,STANDARD,AVAILABLE,0
SEC_STD01_B_R17_S60,SEC_STD01_B,17,R17-S60,STANDARD,AVAILABLE,0
SEC_STD01_B_R18_S01,SEC_STD01_B,18,R18-S01,STANDARD,AVAILABLE,0
SEC_STD01_B_R18_S02,SEC_STD01_B,18,R18-S02,STANDARD,AVAILABLE,0
SEC_STD01_B_R18_S03,SEC_STD01_B,18,R18-S03,STANDARD,AVAILABLE,0
SEC_STD01_B_R18_S04,SEC_STD01_B,18,R18-S04,STANDARD,AVAILABLE,0
SEC_STD01_B_R18_S05,SEC_STD01_B,18,R18-S05,STANDARD,AVAILABLE,0
SEC_STD01_B_R18_S06,SEC_STD01_B,18,R18-S06,STANDARD,AVAILABLE,0
SEC_STD01_B_R18_S07,SEC_STD01_B,18,R18-S07,STANDARD,AVAILABLE,0
SEC_STD01_B_R18_S08,SEC_STD01_B,18,R18-S08,STANDARD,AVAILABLE,0
SEC_STD01_B_R18_S09,SEC_STD01_B,18,R18-S09,STANDARD,AVAILABLE,0
SEC_STD01_B_R18_S10,SEC_STD01_B,18,R18-S10,STANDARD,AVAILABLE,0
SEC_STD01_B_R18_S11,SEC_STD01_B,18,R18-S11,STANDARD,AVAILABLE,0
SEC_STD01_B_R18_S12,SEC_STD01_B,18,R18-S12,STANDARD,AVAILABLE,0
SEC_STD01_B_R18_S13,SEC_STD01_B,18,R18-S13,STANDARD,AVAILABLE,0
SEC_STD01_B_R18_S14,SEC_STD01_B,18,R18-S14,STANDARD,AVAILABLE,0
SEC_STD01_B_R18_S15,SEC_STD01_B,18,R18-S15,STANDARD,AVAILABLE,0
SEC_STD01_B_R18_S16,SEC_STD01_B,18,R18-S16,STANDARD,AVAILABLE,0
SEC_STD01_B_R18_S17,SEC_STD01_B,18,R18-S17,STANDARD,AVAILABLE,0
SEC_STD01_B_R18_S18,SEC_STD01_B,18,R18-S18,STANDARD,AVAILABLE,0
SEC_STD01_B_R18_S19,SEC_STD01_B,18,R18-S19,STANDARD,AVAILABLE,0
SEC_STD01_B_R18_S20,SEC_STD01_B,18,R18-S20,STANDARD,AVAILABLE,0
SEC_STD01_B_R18_S21,SEC_STD01_B,18,R18-S21,STANDARD,AVAILABLE,0
SEC_STD01_B_R18_S22,SEC_STD01_B,18,R18-S22,STANDARD,AVAILABLE,0
SEC_STD01_B_R18_S23,SEC_STD01_B,18,R18-S23,STANDARD,AVAILABLE,0
SEC_STD01_B_R18_S24,SEC_STD01_B,18,R18-S24,STANDARD,AVAILABLE,0
SEC_STD01_B_R18_S25,SEC_STD01_B,18,R18-S25,STANDARD,AVAILABLE,0
SEC_STD01_B_R18_S26,SEC_STD01_B,18,R18-S26,STANDARD,AVAILABLE,0
SEC_STD01_B_R18_S27,SEC_STD01_B,18,R18-S27,STANDARD,AVAILABLE,0
SEC_STD01_B_R18_S28,SEC_STD01_B,18,R18-S28,STANDARD,AVAILABLE,0
SEC_STD01_B_R18_S29,SEC_STD01_B,18,R18-S29,STANDARD,AVAILABLE,0
SEC_STD01_B_R18_S30,SEC_STD01_B,18,R18-S30,STANDARD,AVAILABLE,0
SEC_STD01_B_R18_S31,SEC_STD01_B,18,R18-S31,STANDARD,AVAILABLE,0
SEC_STD01_B_R18_S32,SEC_STD01_B,18,R18-S32,STANDARD,AVAILABLE,0
SEC_STD01_B_R18_S33,SEC_STD01_B,18,R18-S33,STANDARD,AVAILABLE,0
SEC_STD01_B_R18_S34,SEC_STD01_B,18,R18-S34,STANDARD,AVAILABLE,0
SEC_STD01_B_R18_S35,SEC_STD01_B,18,R18-S35,STANDARD,AVAILABLE,0
SEC_STD01_B_R18_S36,SEC_STD01_B,18,R18-S36,STANDARD,AVAILABLE,0
SEC_STD01_B_R18_S37,SEC_STD01_B,18,R18-S37,STANDARD,AVAILABLE,0
SEC_STD01_B_R18_S38,SEC_STD01_B,18,R18-S38,STANDARD,AVAILABLE,0
SEC_STD01_B_R18_S39,SEC_STD01_B,18,R18-S39,STANDARD,AVAILABLE,0
SEC_STD01_B_R18_S40,SEC_STD01_B,18,R18-S40,STANDARD,AVAILABLE,0
SEC_STD01_B_R18_S41,SEC_STD01_B,18,R18-S41,STANDARD,AVAILABLE,0
SEC_STD01_B_R18_S42,SEC_STD01_B,18,R18-S42,STANDARD,AVAILABLE,0
SEC_STD01_B_R18_S43,SEC_STD01_B,18,R18-S43,STANDARD,AVAILABLE,0
SEC_STD01_B_R18_S44,SEC_STD01_B,18,R18-S44,STANDARD,AVAILABLE,0
SEC_STD01_B_R18_S45,SEC_STD01_B,18,R18-S45,STANDARD,AVAILABLE,0
SEC_STD01_B_R18_S46,SEC_STD01_B,18,R18-S46,STANDARD,AVAILABLE,0
SEC_STD01_B_R18_S47,SEC_STD01_B,18,R18-S47,STANDARD,AVAILABLE,0
SEC_STD01_B_R18_S48,SEC_STD01_B,18,R18-S48,STANDARD,AVAILABLE,0
SEC_STD01_B_R18_S49,SEC_STD01_B,18,R18-S49,STANDARD,AVAILABLE,0
SEC_STD01_B_R18_S50,SEC_STD01_B,18,R18-S50,STANDARD,AVAILABLE,0
SEC_STD01_B_R18_S51,SEC_STD01_B,18,R18-S51,STANDARD,AVAILABLE,0
SEC_STD01_B_R18_S52,SEC_STD01_B,18,R18-S52,STANDARD,AVAILABLE,0
SEC_STD01_B_R18_S53,SEC_STD01_B,18,R18-S53,STANDARD,AVAILABLE,0
SEC_STD01_B_R18_S54,SEC_STD01_B,18,R18-S54,STANDARD,AVAILABLE,0
SEC_STD01_B_R18_S55,SEC_STD01_B,18,R18-S55,STANDARD,AVAILABLE,0
SEC_STD01_B_R18_S56,SEC_STD01_B,18,R18-S56,STANDARD,AVAILABLE,0
SEC_STD01_B_R18_S57,SEC_STD01_B,18,R18-S57,STANDARD,AVAILABLE,0
SEC_STD01_B_R18_S58,SEC_STD01_B,18,R18-S58,STANDARD,AVAILABLE,0
SEC_STD01_B_R18_S59,SEC_STD01_B,18,R18-S59,STANDARD,AVAILABLE,0
SEC_STD01_B_R18_S60,SEC_STD01_B,18,R18-S60,STANDARD,AVAILABLE,0
SEC_STD01_B_R19_S01,SEC_STD01_B,19,R19-S01,STANDARD,AVAILABLE,0
SEC_STD01_B_R19_S02,SEC_STD01_B,19,R19-S02,STANDARD,AVAILABLE,0
SEC_STD01_B_R19_S03,SEC_STD01_B,19,R19-S03,STANDARD,AVAILABLE,0
SEC_STD01_B_R19_S04,SEC_STD01_B,19,R19-S04,STANDARD,AVAILABLE,0
SEC_STD01_B_R19_S05,SEC_STD01_B,19,R19-S05,STANDARD,AVAILABLE,0
SEC_STD01_B_R19_S06,SEC_STD01_B,19,R19-S06,STANDARD,AVAILABLE,0
SEC_STD01_B_R19_S07,SEC_STD01_B,19,R19-S07,STANDARD,AVAILABLE,0
SEC_STD01_B_R19_S08,SEC_STD01_B,19,R19-S08,STANDARD,AVAILABLE,0
SEC_STD01_B_R19_S09,SEC_STD01_B,19,R19-S09,STANDARD,AVAILABLE,0
SEC_STD01_B_R19_S10,SEC_STD01_B,19,R19-S10,STANDARD,AVAILABLE,0
SEC_STD01_B_R19_S11,SEC_STD01_B,19,R19-S11,STANDARD,AVAILABLE,0
SEC_STD01_B_R19_S12,SEC_STD01_B,19,R19-S12,STANDARD,AVAILABLE,0
SEC_STD01_B_R19_S13,SEC_STD01_B,19,R19-S13,STANDARD,AVAILABLE,0
SEC_STD01_B_R19_S14,SEC_STD01_B,19,R19-S14,STANDARD,AVAILABLE,0
SEC_STD01_B_R19_S15,SEC_STD01_B,19,R19-S15,STANDARD,AVAILABLE,0
SEC_STD01_B_R19_S16,SEC_STD01_B,19,R19-S16,STANDARD,AVAILABLE,0
SEC_STD01_B_R19_S17,SEC_STD01_B,19,R19-S17,STANDARD,AVAILABLE,0
SEC_STD01_B_R19_S18,SEC_STD01_B,19,R19-S18,STANDARD,AVAILABLE,0
SEC_STD01_B_R19_S19,SEC_STD01_B,19,R19-S19,STANDARD,AVAILABLE,0
SEC_STD01_B_R19_S20,SEC_STD01_B,19,R19-S20,STANDARD,AVAILABLE,0
SEC_STD01_B_R19_S21,SEC_STD01_B,19,R19-S21,STANDARD,AVAILABLE,0
SEC_STD01_B_R19_S22,SEC_STD01_B,19,R19-S22,STANDARD,AVAILABLE,0
SEC_STD01_B_R19_S23,SEC_STD01_B,19,R19-S23,STANDARD,AVAILABLE,0
SEC_STD01_B_R19_S24,SEC_STD01_B,19,R19-S24,STANDARD,AVAILABLE,0
SEC_STD01_B_R19_S25,SEC_STD01_B,19,R19-S25,STANDARD,AVAILABLE,0
SEC_STD01_B_R19_S26,SEC_STD01_B,19,R19-S26,STANDARD,AVAILABLE,0
SEC_STD01_B_R19_S27,SEC_STD01_B,19,R19-S27,STANDARD,AVAILABLE,0
SEC_STD01_B_R19_S28,SEC_STD01_B,19,R19-S28,STANDARD,AVAILABLE,0
SEC_STD01_B_R19_S29,SEC_STD01_B,19,R19-S29,STANDARD,AVAILABLE,0
SEC_STD01_B_R19_S30,SEC_STD01_B,19,R19-S30,STANDARD,AVAILABLE,0
SEC_STD01_B_R19_S31,SEC_STD01_B,19,R19-S31,STANDARD,AVAILABLE,0
SEC_STD01_B_R19_S32,SEC_STD01_B,19,R19-S32,STANDARD,AVAILABLE,0
SEC_STD01_B_R19_S33,SEC_STD01_B,19,R19-S33,STANDARD,AVAILABLE,0
SEC_STD01_B_R19_S34,SEC_STD01_B,19,R19-S34,STANDARD,AVAILABLE,0
SEC_STD01_B_R19_S35,SEC_STD01_B,19,R19-S35,STANDARD,AVAILABLE,0
SEC_STD01_B_R19_S36,SEC_STD01_B,19,R19-S36,STANDARD,AVAILABLE,0
SEC_STD01_B_R19_S37,SEC_STD01_B,19,R19-S37,STANDARD,AVAILABLE,0
SEC_STD01_B_R19_S38,SEC_STD01_B,19,R19-S38,STANDARD,AVAILABLE,0
SEC_STD01_B_R19_S39,SEC_STD01_B,19,R19-S39,STANDARD,AVAILABLE,0
SEC_STD01_B_R19_S40,SEC_STD01_B,19,R19-S40,STANDARD,AVAILABLE,0
SEC_STD01_B_R19_S41,SEC_STD01_B,19,R19-S41,STANDARD,AVAILABLE,0
SEC_STD01_B_R19_S42,SEC_STD01_B,19,R19-S42,STANDARD,AVAILABLE,0
SEC_STD01_B_R19_S43,SEC_STD01_B,19,R19-S43,STANDARD,AVAILABLE,0
SEC_STD01_B_R19_S44,SEC_STD01_B,19,R19-S44,STANDARD,AVAILABLE,0
SEC_STD01_B_R19_S45,SEC_STD01_B,19,R19-S45,STANDARD,AVAILABLE,0
SEC_STD01_B_R19_S46,SEC_STD01_B,19,R19-S46,STANDARD,AVAILABLE,0
SEC_STD01_B_R19_S47,SEC_STD01_B,19,R19-S47,STANDARD,AVAILABLE,0
SEC_STD01_B_R19_S48,SEC_STD01_B,19,R19-S48,STANDARD,AVAILABLE,0
SEC_STD01_B_R19_S49,SEC_STD01_B,19,R19-S49,STANDARD,AVAILABLE,0
SEC_STD01_B_R19_S50,SEC_STD01_B,19,R19-S50,STANDARD,AVAILABLE,0
SEC_STD01_B_R19_S51,SEC_STD01_B,19,R19-S51,STANDARD,AVAILABLE,0
SEC_STD01_B_R19_S52,SEC_STD01_B,19,R19-S52,STANDARD,AVAILABLE,0
SEC_STD01_B_R19_S53,SEC_STD01_B,19,R19-S53,STANDARD,AVAILABLE,0
SEC_STD01_B_R19_S54,SEC_STD01_B,19,R19-S54,STANDARD,AVAILABLE,0
SEC_STD01_B_R19_S55,SEC_STD01_B,19,R19-S55,STANDARD,AVAILABLE,0
SEC_STD01_B_R19_S56,SEC_STD01_B,19,R19-S56,STANDARD,AVAILABLE,0
SEC_STD01_B_R19_S57,SEC_STD01_B,19,R19-S57,STANDARD,AVAILABLE,0
SEC_STD01_B_R19_S58,SEC_STD01_B,19,R19-S58,STANDARD,AVAILABLE,0
SEC_STD01_B_R19_S59,SEC_STD01_B,19,R19-S59,STANDARD,AVAILABLE,0
SEC_STD01_B_R19_S60,SEC_STD01_B,19,R19-S60,STANDARD,AVAILABLE,0
SEC_STD01_B_R20_S01,SEC_STD01_B,20,R20-S01,STANDARD,AVAILABLE,0
SEC_STD01_B_R20_S02,SEC_STD01_B,20,R20-S02,STANDARD,AVAILABLE,0
SEC_STD01_B_R20_S03,SEC_STD01_B,20,R20-S03,STANDARD,AVAILABLE,0
SEC_STD01_B_R20_S04,SEC_STD01_B,20,R20-S04,STANDARD,AVAILABLE,0
SEC_STD01_B_R20_S05,SEC_STD01_B,20,R20-S05,STANDARD,AVAILABLE,0
SEC_STD01_B_R20_S06,SEC_STD01_B,20,R20-S06,STANDARD,AVAILABLE,0
SEC_STD01_B_R20_S07,SEC_STD01_B,20,R20-S07,STANDARD,AVAILABLE,0
SEC_STD01_B_R20_S08,SEC_STD01_B,20,R20-S08,STANDARD,AVAILABLE,0
SEC_STD01_B_R20_S09,SEC_STD01_B,20,R20-S09,STANDARD,AVAILABLE,0
SEC_STD01_B_R20_S10,SEC_STD01_B,20,R20-S10,STANDARD,AVAILABLE,0
SEC_STD01_B_R20_S11,SEC_STD01_B,20,R20-S11,STANDARD,AVAILABLE,0
SEC_STD01_B_R20_S12,SEC_STD01_B,20,R20-S12,STANDARD,AVAILABLE,0
SEC_STD01_B_R20_S13,SEC_STD01_B,20,R20-S13,STANDARD,AVAILABLE,0
SEC_STD01_B_R20_S14,SEC_STD01_B,20,R20-S14,STANDARD,AVAILABLE,0
SEC_STD01_B_R20_S15,SEC_STD01_B,20,R20-S15,STANDARD,AVAILABLE,0
SEC_STD01_B_R20_S16,SEC_STD01_B,20,R20-S16,STANDARD,AVAILABLE,0
SEC_STD01_B_R20_S17,SEC_STD01_B,20,R20-S17,STANDARD,AVAILABLE,0
SEC_STD01_B_R20_S18,SEC_STD01_B,20,R20-S18,STANDARD,AVAILABLE,0
SEC_STD01_B_R20_S19,SEC_STD01_B,20,R20-S19,STANDARD,AVAILABLE,0
SEC_STD01_B_R20_S20,SEC_STD01_B,20,R20-S20,STANDARD,AVAILABLE,0
SEC_STD01_B_R20_S21,SEC_STD01_B,20,R20-S21,STANDARD,AVAILABLE,0
SEC_STD01_B_R20_S22,SEC_STD01_B,20,R20-S22,STANDARD,AVAILABLE,0
SEC_STD01_B_R20_S23,SEC_STD01_B,20,R20-S23,STANDARD,AVAILABLE,0
SEC_STD01_B_R20_S24,SEC_STD01_B,20,R20-S24,STANDARD,AVAILABLE,0
SEC_STD01_B_R20_S25,SEC_STD01_B,20,R20-S25,STANDARD,AVAILABLE,0
SEC_STD01_B_R20_S26,SEC_STD01_B,20,R20-S26,STANDARD,AVAILABLE,0
SEC_STD01_B_R20_S27,SEC_STD01_B,20,R20-S27,STANDARD,AVAILABLE,0
SEC_STD01_B_R20_S28,SEC_STD01_B,20,R20-S28,STANDARD,AVAILABLE,0
SEC_STD01_B_R20_S29,SEC_STD01_B,20,R20-S29,STANDARD,AVAILABLE,0
SEC_STD01_B_R20_S30,SEC_STD01_B,20,R20-S30,STANDARD,AVAILABLE,0
SEC_STD01_B_R20_S31,SEC_STD01_B,20,R20-S31,STANDARD,AVAILABLE,0
SEC_STD01_B_R20_S32,SEC_STD01_B,20,R20-S32,STANDARD,AVAILABLE,0
SEC_STD01_B_R20_S33,SEC_STD01_B,20,R20-S33,STANDARD,AVAILABLE,0
SEC_STD01_B_R20_S34,SEC_STD01_B,20,R20-S34,STANDARD,AVAILABLE,0
SEC_STD01_B_R20_S35,SEC_STD01_B,20,R20-S35,STANDARD,AVAILABLE,0
SEC_STD01_B_R20_S36,SEC_STD01_B,20,R20-S36,STANDARD,AVAILABLE,0
SEC_STD01_B_R20_S37,SEC_STD01_B,20,R20-S37,STANDARD,AVAILABLE,0
SEC_STD01_B_R20_S38,SEC_STD01_B,20,R20-S38,STANDARD,AVAILABLE,0
SEC_STD01_B_R20_S39,SEC_STD01_B,20,R20-S39,STANDARD,AVAILABLE,0
SEC_STD01_B_R20_S40,SEC_STD01_B,20,R20-S40,STANDARD,AVAILABLE,0
SEC_STD01_B_R20_S41,SEC_STD01_B,20,R20-S41,STANDARD,AVAILABLE,0
SEC_STD01_B_R20_S42,SEC_STD01_B,20,R20-S42,STANDARD,AVAILABLE,0
SEC_STD01_B_R20_S43,SEC_STD01_B,20,R20-S43,STANDARD,AVAILABLE,0
SEC_STD01_B_R20_S44,SEC_STD01_B,20,R20-S44,STANDARD,AVAILABLE,0
SEC_STD01_B_R20_S45,SEC_STD01_B,20,R20-S45,STANDARD,AVAILABLE,0
SEC_STD01_B_R20_S46,SEC_STD01_B,20,R20-S46,STANDARD,AVAILABLE,0
SEC_STD01_B_R20_S47,SEC_STD01_B,20,R20-S47,STANDARD,AVAILABLE,0
SEC_STD01_B_R20_S48,SEC_STD01_B,20,R20-S48,STANDARD,AVAILABLE,0
SEC_STD01_B_R20_S49,SEC_STD01_B,20,R20-S49,STANDARD,AVAILABLE,0
SEC_STD01_B_R20_S50,SEC_STD01_B,20,R20-S50,STANDARD,AVAILABLE,0
SEC_STD01_B_R20_S51,SEC_STD01_B,20,R20-S51,STANDARD,AVAILABLE,0
SEC_STD01_B_R20_S52,SEC_STD01_B,20,R20-S52,STANDARD,AVAILABLE,0
SEC_STD01_B_R20_S53,SEC_STD01_B,20,R20-S53,STANDARD,AVAILABLE,0
SEC_STD01_B_R20_S54,SEC_STD01_B,20,R20-S54,STANDARD,AVAILABLE,0
SEC_STD01_B_R20_S55,SEC_STD01_B,20,R20-S55,STANDARD,AVAILABLE,0
SEC_STD01_B_R20_S56,SEC_STD01_B,20,R20-S56,STANDARD,AVAILABLE,0
SEC_STD01_B_R20_S57,SEC_STD01_B,20,R20-S57,STANDARD,AVAILABLE,0
SEC_STD01_B_R20_S58,SEC_STD01_B,20,R20-S58,STANDARD,AVAILABLE,0
SEC_STD01_B_R20_S59,SEC_STD01_B,20,R20-S59,STANDARD,AVAILABLE,0
SEC_STD01_B_R20_S60,SEC_STD01_B,20,R20-S60,STANDARD,AVAILABLE,0
SEC_STD01_B_R21_S01,SEC_STD01_B,21,R21-S01,STANDARD,AVAILABLE,0
SEC_STD01_B_R21_S02,SEC_STD01_B,21,R21-S02,STANDARD,AVAILABLE,0
SEC_STD01_B_R21_S03,SEC_STD01_B,21,R21-S03,STANDARD,AVAILABLE,0
SEC_STD01_B_R21_S04,SEC_STD01_B,21,R21-S04,STANDARD,AVAILABLE,0
SEC_STD01_B_R21_S05,SEC_STD01_B,21,R21-S05,STANDARD,AVAILABLE,0
SEC_STD01_B_R21_S06,SEC_STD01_B,21,R21-S06,STANDARD,AVAILABLE,0
SEC_STD01_B_R21_S07,SEC_STD01_B,21,R21-S07,STANDARD,AVAILABLE,0
SEC_STD01_B_R21_S08,SEC_STD01_B,21,R21-S08,STANDARD,AVAILABLE,0
SEC_STD01_B_R21_S09,SEC_STD01_B,21,R21-S09,STANDARD,AVAILABLE,0
SEC_STD01_B_R21_S10,SEC_STD01_B,21,R21-S10,STANDARD,AVAILABLE,0
SEC_STD01_B_R21_S11,SEC_STD01_B,21,R21-S11,STANDARD,AVAILABLE,0
SEC_STD01_B_R21_S12,SEC_STD01_B,21,R21-S12,STANDARD,AVAILABLE,0
SEC_STD01_B_R21_S13,SEC_STD01_B,21,R21-S13,STANDARD,AVAILABLE,0
SEC_STD01_B_R21_S14,SEC_STD01_B,21,R21-S14,STANDARD,AVAILABLE,0
SEC_STD01_B_R21_S15,SEC_STD01_B,21,R21-S15,STANDARD,AVAILABLE,0
SEC_STD01_B_R21_S16,SEC_STD01_B,21,R21-S16,STANDARD,AVAILABLE,0
SEC_STD01_B_R21_S17,SEC_STD01_B,21,R21-S17,STANDARD,AVAILABLE,0
SEC_STD01_B_R21_S18,SEC_STD01_B,21,R21-S18,STANDARD,AVAILABLE,0
SEC_STD01_B_R21_S19,SEC_STD01_B,21,R21-S19,STANDARD,AVAILABLE,0
SEC_STD01_B_R21_S20,SEC_STD01_B,21,R21-S20,STANDARD,AVAILABLE,0
SEC_STD01_B_R21_S21,SEC_STD01_B,21,R21-S21,STANDARD,AVAILABLE,0
SEC_STD01_B_R21_S22,SEC_STD01_B,21,R21-S22,STANDARD,AVAILABLE,0
SEC_STD01_B_R21_S23,SEC_STD01_B,21,R21-S23,STANDARD,AVAILABLE,0
SEC_STD01_B_R21_S24,SEC_STD01_B,21,R21-S24,STANDARD,AVAILABLE,0
SEC_STD01_B_R21_S25,SEC_STD01_B,21,R21-S25,STANDARD,AVAILABLE,0
SEC_STD01_B_R21_S26,SEC_STD01_B,21,R21-S26,STANDARD,AVAILABLE,0
SEC_STD01_B_R21_S27,SEC_STD01_B,21,R21-S27,STANDARD,AVAILABLE,0
SEC_STD01_B_R21_S28,SEC_STD01_B,21,R21-S28,STANDARD,AVAILABLE,0
SEC_STD01_B_R21_S29,SEC_STD01_B,21,R21-S29,STANDARD,AVAILABLE,0
SEC_STD01_B_R21_S30,SEC_STD01_B,21,R21-S30,STANDARD,AVAILABLE,0
SEC_STD01_B_R21_S31,SEC_STD01_B,21,R21-S31,STANDARD,AVAILABLE,0
SEC_STD01_B_R21_S32,SEC_STD01_B,21,R21-S32,STANDARD,AVAILABLE,0
SEC_STD01_B_R21_S33,SEC_STD01_B,21,R21-S33,STANDARD,AVAILABLE,0
SEC_STD01_B_R21_S34,SEC_STD01_B,21,R21-S34,STANDARD,AVAILABLE,0
SEC_STD01_B_R21_S35,SEC_STD01_B,21,R21-S35,STANDARD,AVAILABLE,0
SEC_STD01_B_R21_S36,SEC_STD01_B,21,R21-S36,STANDARD,AVAILABLE,0
SEC_STD01_B_R21_S37,SEC_STD01_B,21,R21-S37,STANDARD,AVAILABLE,0
SEC_STD01_B_R21_S38,SEC_STD01_B,21,R21-S38,STANDARD,AVAILABLE,0
SEC_STD01_B_R21_S39,SEC_STD01_B,21,R21-S39,STANDARD,AVAILABLE,0
SEC_STD01_B_R21_S40,SEC_STD01_B,21,R21-S40,STANDARD,AVAILABLE,0
SEC_STD01_B_R21_S41,SEC_STD01_B,21,R21-S41,STANDARD,AVAILABLE,0
SEC_STD01_B_R21_S42,SEC_STD01_B,21,R21-S42,STANDARD,AVAILABLE,0
SEC_STD01_B_R21_S43,SEC_STD01_B,21,R21-S43,STANDARD,AVAILABLE,0
SEC_STD01_B_R21_S44,SEC_STD01_B,21,R21-S44,STANDARD,AVAILABLE,0
SEC_STD01_B_R21_S45,SEC_STD01_B,21,R21-S45,STANDARD,AVAILABLE,0
SEC_STD01_B_R21_S46,SEC_STD01_B,21,R21-S46,STANDARD,AVAILABLE,0
SEC_STD01_B_R21_S47,SEC_STD01_B,21,R21-S47,STANDARD,AVAILABLE,0
SEC_STD01_B_R21_S48,SEC_STD01_B,21,R21-S48,STANDARD,AVAILABLE,0
SEC_STD01_B_R21_S49,SEC_STD01_B,21,R21-S49,STANDARD,AVAILABLE,0
SEC_STD01_B_R21_S50,SEC_STD01_B,21,R21-S50,STANDARD,AVAILABLE,0
SEC_STD01_B_R21_S51,SEC_STD01_B,21,R21-S51,STANDARD,AVAILABLE,0
SEC_STD01_B_R21_S52,SEC_STD01_B,21,R21-S52,STANDARD,AVAILABLE,0
SEC_STD01_B_R21_S53,SEC_STD01_B,21,R21-S53,STANDARD,AVAILABLE,0
SEC_STD01_B_R21_S54,SEC_STD01_B,21,R21-S54,STANDARD,AVAILABLE,0
SEC_STD01_B_R21_S55,SEC_STD01_B,21,R21-S55,STANDARD,AVAILABLE,0
SEC_STD01_B_R21_S56,SEC_STD01_B,21,R21-S56,STANDARD,AVAILABLE,0
SEC_STD01_B_R21_S57,SEC_STD01_B,21,R21-S57,STANDARD,AVAILABLE,0
SEC_STD01_B_R21_S58,SEC_STD01_B,21,R21-S58,STANDARD,AVAILABLE,0
SEC_STD01_B_R21_S59,SEC_STD01_B,21,R21-S59,STANDARD,AVAILABLE,0
SEC_STD01_B_R21_S60,SEC_STD01_B,21,R21-S60,STANDARD,AVAILABLE,0
SEC_STD01_B_R22_S01,SEC_STD01_B,22,R22-S01,STANDARD,AVAILABLE,0
SEC_STD01_B_R22_S02,SEC_STD01_B,22,R22-S02,STANDARD,AVAILABLE,0
SEC_STD01_B_R22_S03,SEC_STD01_B,22,R22-S03,STANDARD,AVAILABLE,0
SEC_STD01_B_R22_S04,SEC_STD01_B,22,R22-S04,STANDARD,AVAILABLE,0
SEC_STD01_B_R22_S05,SEC_STD01_B,22,R22-S05,STANDARD,AVAILABLE,0
SEC_STD01_B_R22_S06,SEC_STD01_B,22,R22-S06,STANDARD,AVAILABLE,0
SEC_STD01_B_R22_S07,SEC_STD01_B,22,R22-S07,STANDARD,AVAILABLE,0
SEC_STD01_B_R22_S08,SEC_STD01_B,22,R22-S08,STANDARD,AVAILABLE,0
SEC_STD01_B_R22_S09,SEC_STD01_B,22,R22-S09,STANDARD,AVAILABLE,0
SEC_STD01_B_R22_S10,SEC_STD01_B,22,R22-S10,STANDARD,AVAILABLE,0
SEC_STD01_B_R22_S11,SEC_STD01_B,22,R22-S11,STANDARD,AVAILABLE,0
SEC_STD01_B_R22_S12,SEC_STD01_B,22,R22-S12,STANDARD,AVAILABLE,0
SEC_STD01_B_R22_S13,SEC_STD01_B,22,R22-S13,STANDARD,AVAILABLE,0
SEC_STD01_B_R22_S14,SEC_STD01_B,22,R22-S14,STANDARD,AVAILABLE,0
SEC_STD01_B_R22_S15,SEC_STD01_B,22,R22-S15,STANDARD,AVAILABLE,0
SEC_STD01_B_R22_S16,SEC_STD01_B,22,R22-S16,STANDARD,AVAILABLE,0
SEC_STD01_B_R22_S17,SEC_STD01_B,22,R22-S17,STANDARD,AVAILABLE,0
SEC_STD01_B_R22_S18,SEC_STD01_B,22,R22-S18,STANDARD,AVAILABLE,0
SEC_STD01_B_R22_S19,SEC_STD01_B,22,R22-S19,STANDARD,AVAILABLE,0
SEC_STD01_B_R22_S20,SEC_STD01_B,22,R22-S20,STANDARD,AVAILABLE,0
SEC_STD01_B_R22_S21,SEC_STD01_B,22,R22-S21,STANDARD,AVAILABLE,0
SEC_STD01_B_R22_S22,SEC_STD01_B,22,R22-S22,STANDARD,AVAILABLE,0
SEC_STD01_B_R22_S23,SEC_STD01_B,22,R22-S23,STANDARD,AVAILABLE,0
SEC_STD01_B_R22_S24,SEC_STD01_B,22,R22-S24,STANDARD,AVAILABLE,0
SEC_STD01_B_R22_S25,SEC_STD01_B,22,R22-S25,STANDARD,AVAILABLE,0
SEC_STD01_B_R22_S26,SEC_STD01_B,22,R22-S26,STANDARD,AVAILABLE,0
SEC_STD01_B_R22_S27,SEC_STD01_B,22,R22-S27,STANDARD,AVAILABLE,0
SEC_STD01_B_R22_S28,SEC_STD01_B,22,R22-S28,STANDARD,AVAILABLE,0
SEC_STD01_B_R22_S29,SEC_STD01_B,22,R22-S29,STANDARD,AVAILABLE,0
SEC_STD01_B_R22_S30,SEC_STD01_B,22,R22-S30,STANDARD,AVAILABLE,0
SEC_STD01_B_R22_S31,SEC_STD01_B,22,R22-S31,STANDARD,AVAILABLE,0
SEC_STD01_B_R22_S32,SEC_STD01_B,22,R22-S32,STANDARD,AVAILABLE,0
SEC_STD01_B_R22_S33,SEC_STD01_B,22,R22-S33,STANDARD,AVAILABLE,0
SEC_STD01_B_R22_S34,SEC_STD01_B,22,R22-S34,STANDARD,AVAILABLE,0
SEC_STD01_B_R22_S35,SEC_STD01_B,22,R22-S35,STANDARD,AVAILABLE,0
SEC_STD01_B_R22_S36,SEC_STD01_B,22,R22-S36,STANDARD,AVAILABLE,0
SEC_STD01_B_R22_S37,SEC_STD01_B,22,R22-S37,STANDARD,AVAILABLE,0
SEC_STD01_B_R22_S38,SEC_STD01_B,22,R22-S38,STANDARD,AVAILABLE,0
SEC_STD01_B_R22_S39,SEC_STD01_B,22,R22-S39,STANDARD,AVAILABLE,0
SEC_STD01_B_R22_S40,SEC_STD01_B,22,R22-S40,STANDARD,AVAILABLE,0
SEC_STD01_B_R22_S41,SEC_STD01_B,22,R22-S41,STANDARD,AVAILABLE,0
SEC_STD01_B_R22_S42,SEC_STD01_B,22,R22-S42,STANDARD,AVAILABLE,0
SEC_STD01_B_R22_S43,SEC_STD01_B,22,R22-S43,STANDARD,AVAILABLE,0
SEC_STD01_B_R22_S44,SEC_STD01_B,22,R22-S44,STANDARD,AVAILABLE,0
SEC_STD01_B_R22_S45,SEC_STD01_B,22,R22-S45,STANDARD,AVAILABLE,0
SEC_STD01_B_R22_S46,SEC_STD01_B,22,R22-S46,STANDARD,AVAILABLE,0
SEC_STD01_B_R22_S47,SEC_STD01_B,22,R22-S47,STANDARD,AVAILABLE,0
SEC_STD01_B_R22_S48,SEC_STD01_B,22,R22-S48,STANDARD,AVAILABLE,0
SEC_STD01_B_R22_S49,SEC_STD01_B,22,R22-S49,STANDARD,AVAILABLE,0
SEC_STD01_B_R22_S50,SEC_STD01_B,22,R22-S50,STANDARD,AVAILABLE,0
SEC_STD01_B_R22_S51,SEC_STD01_B,22,R22-S51,STANDARD,AVAILABLE,0
SEC_STD01_B_R22_S52,SEC_STD01_B,22,R22-S52,STANDARD,AVAILABLE,0
SEC_STD01_B_R22_S53,SEC_STD01_B,22,R22-S53,STANDARD,AVAILABLE,0
SEC_STD01_B_R22_S54,SEC_STD01_B,22,R22-S54,STANDARD,AVAILABLE,0
SEC_STD01_B_R22_S55,SEC_STD01_B,22,R22-S55,STANDARD,AVAILABLE,0
SEC_STD01_B_R22_S56,SEC_STD01_B,22,R22-S56,STANDARD,AVAILABLE,0
SEC_STD01_B_R22_S57,SEC_STD01_B,22,R22-S57,STANDARD,AVAILABLE,0
SEC_STD01_B_R22_S58,SEC_STD01_B,22,R22-S58,STANDARD,AVAILABLE,0
SEC_STD01_B_R22_S59,SEC_STD01_B,22,R22-S59,STANDARD,AVAILABLE,0
SEC_STD01_B_R22_S60,SEC_STD01_B,22,R22-S60,STANDARD,AVAILABLE,0
SEC_STD01_B_R23_S01,SEC_STD01_B,23,R23-S01,STANDARD,AVAILABLE,0
SEC_STD01_B_R23_S02,SEC_STD01_B,23,R23-S02,STANDARD,AVAILABLE,0
SEC_STD01_B_R23_S03,SEC_STD01_B,23,R23-S03,STANDARD,AVAILABLE,0
SEC_STD01_B_R23_S04,SEC_STD01_B,23,R23-S04,STANDARD,AVAILABLE,0
SEC_STD01_B_R23_S05,SEC_STD01_B,23,R23-S05,STANDARD,AVAILABLE,0
SEC_STD01_B_R23_S06,SEC_STD01_B,23,R23-S06,STANDARD,AVAILABLE,0
SEC_STD01_B_R23_S07,SEC_STD01_B,23,R23-S07,STANDARD,AVAILABLE,0
SEC_STD01_B_R23_S08,SEC_STD01_B,23,R23-S08,STANDARD,AVAILABLE,0
SEC_STD01_B_R23_S09,SEC_STD01_B,23,R23-S09,STANDARD,AVAILABLE,0
SEC_STD01_B_R23_S10,SEC_STD01_B,23,R23-S10,STANDARD,AVAILABLE,0
SEC_STD01_B_R23_S11,SEC_STD01_B,23,R23-S11,STANDARD,AVAILABLE,0
SEC_STD01_B_R23_S12,SEC_STD01_B,23,R23-S12,STANDARD,AVAILABLE,0
SEC_STD01_B_R23_S13,SEC_STD01_B,23,R23-S13,STANDARD,AVAILABLE,0
SEC_STD01_B_R23_S14,SEC_STD01_B,23,R23-S14,STANDARD,AVAILABLE,0
SEC_STD01_B_R23_S15,SEC_STD01_B,23,R23-S15,STANDARD,AVAILABLE,0
SEC_STD01_B_R23_S16,SEC_STD01_B,23,R23-S16,STANDARD,AVAILABLE,0
SEC_STD01_B_R23_S17,SEC_STD01_B,23,R23-S17,STANDARD,AVAILABLE,0
SEC_STD01_B_R23_S18,SEC_STD01_B,23,R23-S18,STANDARD,AVAILABLE,0
SEC_STD01_B_R23_S19,SEC_STD01_B,23,R23-S19,STANDARD,AVAILABLE,0
SEC_STD01_B_R23_S20,SEC_STD01_B,23,R23-S20,STANDARD,AVAILABLE,0
SEC_STD01_B_R23_S21,SEC_STD01_B,23,R23-S21,STANDARD,AVAILABLE,0
SEC_STD01_B_R23_S22,SEC_STD01_B,23,R23-S22,STANDARD,AVAILABLE,0
SEC_STD01_B_R23_S23,SEC_STD01_B,23,R23-S23,STANDARD,AVAILABLE,0
SEC_STD01_B_R23_S24,SEC_STD01_B,23,R23-S24,STANDARD,AVAILABLE,0
SEC_STD01_B_R23_S25,SEC_STD01_B,23,R23-S25,STANDARD,AVAILABLE,0
SEC_STD01_B_R23_S26,SEC_STD01_B,23,R23-S26,STANDARD,AVAILABLE,0
SEC_STD01_B_R23_S27,SEC_STD01_B,23,R23-S27,STANDARD,AVAILABLE,0
SEC_STD01_B_R23_S28,SEC_STD01_B,23,R23-S28,STANDARD,AVAILABLE,0
SEC_STD01_B_R23_S29,SEC_STD01_B,23,R23-S29,STANDARD,AVAILABLE,0
SEC_STD01_B_R23_S30,SEC_STD01_B,23,R23-S30,STANDARD,AVAILABLE,0
SEC_STD01_B_R23_S31,SEC_STD01_B,23,R23-S31,STANDARD,AVAILABLE,0
SEC_STD01_B_R23_S32,SEC_STD01_B,23,R23-S32,STANDARD,AVAILABLE,0
SEC_STD01_B_R23_S33,SEC_STD01_B,23,R23-S33,STANDARD,AVAILABLE,0
SEC_STD01_B_R23_S34,SEC_STD01_B,23,R23-S34,STANDARD,AVAILABLE,0
SEC_STD01_B_R23_S35,SEC_STD01_B,23,R23-S35,STANDARD,AVAILABLE,0
SEC_STD01_B_R23_S36,SEC_STD01_B,23,R23-S36,STANDARD,AVAILABLE,0
SEC_STD01_B_R23_S37,SEC_STD01_B,23,R23-S37,STANDARD,AVAILABLE,0
SEC_STD01_B_R23_S38,SEC_STD01_B,23,R23-S38,STANDARD,AVAILABLE,0
SEC_STD01_B_R23_S39,SEC_STD01_B,23,R23-S39,STANDARD,AVAILABLE,0
SEC_STD01_B_R23_S40,SEC_STD01_B,23,R23-S40,STANDARD,AVAILABLE,0
SEC_STD01_B_R23_S41,SEC_STD01_B,23,R23-S41,STANDARD,AVAILABLE,0
SEC_STD01_B_R23_S42,SEC_STD01_B,23,R23-S42,STANDARD,AVAILABLE,0
SEC_STD01_B_R23_S43,SEC_STD01_B,23,R23-S43,STANDARD,AVAILABLE,0
SEC_STD01_B_R23_S44,SEC_STD01_B,23,R23-S44,STANDARD,AVAILABLE,0
SEC_STD01_B_R23_S45,SEC_STD01_B,23,R23-S45,STANDARD,AVAILABLE,0
SEC_STD01_B_R23_S46,SEC_STD01_B,23,R23-S46,STANDARD,AVAILABLE,0
SEC_STD01_B_R23_S47,SEC_STD01_B,23,R23-S47,STANDARD,AVAILABLE,0
SEC_STD01_B_R23_S48,SEC_STD01_B,23,R23-S48,STANDARD,AVAILABLE,0
SEC_STD01_B_R23_S49,SEC_STD01_B,23,R23-S49,STANDARD,AVAILABLE,0
SEC_STD01_B_R23_S50,SEC_STD01_B,23,R23-S50,STANDARD,AVAILABLE,0
SEC_STD01_B_R23_S51,SEC_STD01_B,23,R23-S51,STANDARD,AVAILABLE,0
SEC_STD01_B_R23_S52,SEC_STD01_B,23,R23-S52,STANDARD,AVAILABLE,0
SEC_STD01_B_R23_S53,SEC_STD01_B,23,R23-S53,STANDARD,AVAILABLE,0
SEC_STD01_B_R23_S54,SEC_STD01_B,23,R23-S54,STANDARD,AVAILABLE,0
SEC_STD01_B_R23_S55,SEC_STD01_B,23,R23-S55,STANDARD,AVAILABLE,0
SEC_STD01_B_R23_S56,SEC_STD01_B,23,R23-S56,STANDARD,AVAILABLE,0
SEC_STD01_B_R23_S57,SEC_STD01_B,23,R23-S57,STANDARD,AVAILABLE,0
SEC_STD01_B_R23_S58,SEC_STD01_B,23,R23-S58,STANDARD,AVAILABLE,0
SEC_STD01_B_R23_S59,SEC_STD01_B,23,R23-S59,STANDARD,AVAILABLE,0
SEC_STD01_B_R23_S60,SEC_STD01_B,23,R23-S60,STANDARD,AVAILABLE,0
SEC_STD01_B_R24_S01,SEC_STD01_B,24,R24-S01,STANDARD,AVAILABLE,0
SEC_STD01_B_R24_S02,SEC_STD01_B,24,R24-S02,STANDARD,AVAILABLE,0
SEC_STD01_B_R24_S03,SEC_STD01_B,24,R24-S03,STANDARD,AVAILABLE,0
SEC_STD01_B_R24_S04,SEC_STD01_B,24,R24-S04,STANDARD,AVAILABLE,0
SEC_STD01_B_R24_S05,SEC_STD01_B,24,R24-S05,STANDARD,AVAILABLE,0
SEC_STD01_B_R24_S06,SEC_STD01_B,24,R24-S06,STANDARD,AVAILABLE,0
SEC_STD01_B_R24_S07,SEC_STD01_B,24,R24-S07,STANDARD,AVAILABLE,0
SEC_STD01_B_R24_S08,SEC_STD01_B,24,R24-S08,STANDARD,AVAILABLE,0
SEC_STD01_B_R24_S09,SEC_STD01_B,24,R24-S09,STANDARD,AVAILABLE,0
SEC_STD01_B_R24_S10,SEC_STD01_B,24,R24-S10,STANDARD,AVAILABLE,0
SEC_STD01_B_R24_S11,SEC_STD01_B,24,R24-S11,STANDARD,AVAILABLE,0
SEC_STD01_B_R24_S12,SEC_STD01_B,24,R24-S12,STANDARD,AVAILABLE,0
SEC_STD01_B_R24_S13,SEC_STD01_B,24,R24-S13,STANDARD,AVAILABLE,0
SEC_STD01_B_R24_S14,SEC_STD01_B,24,R24-S14,STANDARD,AVAILABLE,0
SEC_STD01_B_R24_S15,SEC_STD01_B,24,R24-S15,STANDARD,AVAILABLE,0
SEC_STD01_B_R24_S16,SEC_STD01_B,24,R24-S16,STANDARD,AVAILABLE,0
SEC_STD01_B_R24_S17,SEC_STD01_B,24,R24-S17,STANDARD,AVAILABLE,0
SEC_STD01_B_R24_S18,SEC_STD01_B,24,R24-S18,STANDARD,AVAILABLE,0
SEC_STD01_B_R24_S19,SEC_STD01_B,24,R24-S19,STANDARD,AVAILABLE,0
SEC_STD01_B_R24_S20,SEC_STD01_B,24,R24-S20,STANDARD,AVAILABLE,0
SEC_STD01_B_R24_S21,SEC_STD01_B,24,R24-S21,STANDARD,AVAILABLE,0
SEC_STD01_B_R24_S22,SEC_STD01_B,24,R24-S22,STANDARD,AVAILABLE,0
SEC_STD01_B_R24_S23,SEC_STD01_B,24,R24-S23,STANDARD,AVAILABLE,0
SEC_STD01_B_R24_S24,SEC_STD01_B,24,R24-S24,STANDARD,AVAILABLE,0
SEC_STD01_B_R24_S25,SEC_STD01_B,24,R24-S25,STANDARD,AVAILABLE,0
SEC_STD01_B_R24_S26,SEC_STD01_B,24,R24-S26,STANDARD,AVAILABLE,0
SEC_STD01_B_R24_S27,SEC_STD01_B,24,R24-S27,STANDARD,AVAILABLE,0
SEC_STD01_B_R24_S28,SEC_STD01_B,24,R24-S28,STANDARD,AVAILABLE,0
SEC_STD01_B_R24_S29,SEC_STD01_B,24,R24-S29,STANDARD,AVAILABLE,0
SEC_STD01_B_R24_S30,SEC_STD01_B,24,R24-S30,STANDARD,AVAILABLE,0
SEC_STD01_B_R24_S31,SEC_STD01_B,24,R24-S31,STANDARD,AVAILABLE,0
SEC_STD01_B_R24_S32,SEC_STD01_B,24,R24-S32,STANDARD,AVAILABLE,0
SEC_STD01_B_R24_S33,SEC_STD01_B,24,R24-S33,STANDARD,AVAILABLE,0
SEC_STD01_B_R24_S34,SEC_STD01_B,24,R24-S34,STANDARD,AVAILABLE,0
SEC_STD01_B_R24_S35,SEC_STD01_B,24,R24-S35,STANDARD,AVAILABLE,0
SEC_STD01_B_R24_S36,SEC_STD01_B,24,R24-S36,STANDARD,AVAILABLE,0
SEC_STD01_B_R24_S37,SEC_STD01_B,24,R24-S37,STANDARD,AVAILABLE,0
SEC_STD01_B_R24_S38,SEC_STD01_B,24,R24-S38,STANDARD,AVAILABLE,0
SEC_STD01_B_R24_S39,SEC_STD01_B,24,R24-S39,STANDARD,AVAILABLE,0
SEC_STD01_B_R24_S40,SEC_STD01_B,24,R24-S40,STANDARD,AVAILABLE,0
SEC_STD01_B_R24_S41,SEC_STD01_B,24,R24-S41,STANDARD,AVAILABLE,0
SEC_STD01_B_R24_S42,SEC_STD01_B,24,R24-S42,STANDARD,AVAILABLE,0
SEC_STD01_B_R24_S43,SEC_STD01_B,24,R24-S43,STANDARD,AVAILABLE,0
SEC_STD01_B_R24_S44,SEC_STD01_B,24,R24-S44,STANDARD,AVAILABLE,0
SEC_STD01_B_R24_S45,SEC_STD01_B,24,R24-S45,STANDARD,AVAILABLE,0
SEC_STD01_B_R24_S46,SEC_STD01_B,24,R24-S46,STANDARD,AVAILABLE,0
SEC_STD01_B_R24_S47,SEC_STD01_B,24,R24-S47,STANDARD,AVAILABLE,0
SEC_STD01_B_R24_S48,SEC_STD01_B,24,R24-S48,STANDARD,AVAILABLE,0
SEC_STD01_B_R24_S49,SEC_STD01_B,24,R24-S49,STANDARD,AVAILABLE,0
SEC_STD01_B_R24_S50,SEC_STD01_B,24,R24-S50,STANDARD,AVAILABLE,0
SEC_STD01_B_R24_S51,SEC_STD01_B,24,R24-S51,STANDARD,AVAILABLE,0
SEC_STD01_B_R24_S52,SEC_STD01_B,24,R24-S52,STANDARD,AVAILABLE,0
SEC_STD01_B_R24_S53,SEC_STD01_B,24,R24-S53,STANDARD,AVAILABLE,0
SEC_STD01_B_R24_S54,SEC_STD01_B,24,R24-S54,STANDARD,AVAILABLE,0
SEC_STD01_B_R24_S55,SEC_STD01_B,24,R24-S55,STANDARD,AVAILABLE,0
SEC_STD01_B_R24_S56,SEC_STD01_B,24,R24-S56,STANDARD,AVAILABLE,0
SEC_STD01_B_R24_S57,SEC_STD01_B,24,R24-S57,STANDARD,AVAILABLE,0
SEC_STD01_B_R24_S58,SEC_STD01_B,24,R24-S58,STANDARD,AVAILABLE,0
SEC_STD01_B_R24_S59,SEC_STD01_B,24,R24-S59,STANDARD,AVAILABLE,0
SEC_STD01_B_R24_S60,SEC_STD01_B,24,R24-S60,STANDARD,AVAILABLE,0
SEC_STD01_B_R25_S01,SEC_STD01_B,25,R25-S01,STANDARD,AVAILABLE,0
SEC_STD01_B_R25_S02,SEC_STD01_B,25,R25-S02,STANDARD,AVAILABLE,0
SEC_STD01_B_R25_S03,SEC_STD01_B,25,R25-S03,STANDARD,AVAILABLE,0
SEC_STD01_B_R25_S04,SEC_STD01_B,25,R25-S04,STANDARD,AVAILABLE,0
SEC_STD01_B_R25_S05,SEC_STD01_B,25,R25-S05,STANDARD,AVAILABLE,0
SEC_STD01_B_R25_S06,SEC_STD01_B,25,R25-S06,STANDARD,AVAILABLE,0
SEC_STD01_B_R25_S07,SEC_STD01_B,25,R25-S07,STANDARD,AVAILABLE,0
SEC_STD01_B_R25_S08,SEC_STD01_B,25,R25-S08,STANDARD,AVAILABLE,0
SEC_STD01_B_R25_S09,SEC_STD01_B,25,R25-S09,STANDARD,AVAILABLE,0
SEC_STD01_B_R25_S10,SEC_STD01_B,25,R25-S10,STANDARD,AVAILABLE,0
SEC_STD01_B_R25_S11,SEC_STD01_B,25,R25-S11,STANDARD,AVAILABLE,0
SEC_STD01_B_R25_S12,SEC_STD01_B,25,R25-S12,STANDARD,AVAILABLE,0
SEC_STD01_B_R25_S13,SEC_STD01_B,25,R25-S13,STANDARD,AVAILABLE,0
SEC_STD01_B_R25_S14,SEC_STD01_B,25,R25-S14,STANDARD,AVAILABLE,0
SEC_STD01_B_R25_S15,SEC_STD01_B,25,R25-S15,STANDARD,AVAILABLE,0
SEC_STD01_B_R25_S16,SEC_STD01_B,25,R25-S16,STANDARD,AVAILABLE,0
SEC_STD01_B_R25_S17,SEC_STD01_B,25,R25-S17,STANDARD,AVAILABLE,0
SEC_STD01_B_R25_S18,SEC_STD01_B,25,R25-S18,STANDARD,AVAILABLE,0
SEC_STD01_B_R25_S19,SEC_STD01_B,25,R25-S19,STANDARD,AVAILABLE,0
SEC_STD01_B_R25_S20,SEC_STD01_B,25,R25-S20,STANDARD,AVAILABLE,0
SEC_STD01_B_R25_S21,SEC_STD01_B,25,R25-S21,STANDARD,AVAILABLE,0
SEC_STD01_B_R25_S22,SEC_STD01_B,25,R25-S22,STANDARD,AVAILABLE,0
SEC_STD01_B_R25_S23,SEC_STD01_B,25,R25-S23,STANDARD,AVAILABLE,0
SEC_STD01_B_R25_S24,SEC_STD01_B,25,R25-S24,STANDARD,AVAILABLE,0
SEC_STD01_B_R25_S25,SEC_STD01_B,25,R25-S25,STANDARD,AVAILABLE,0
SEC_STD01_B_R25_S26,SEC_STD01_B,25,R25-S26,STANDARD,AVAILABLE,0
SEC_STD01_B_R25_S27,SEC_STD01_B,25,R25-S27,STANDARD,AVAILABLE,0
SEC_STD01_B_R25_S28,SEC_STD01_B,25,R25-S28,STANDARD,AVAILABLE,0
SEC_STD01_B_R25_S29,SEC_STD01_B,25,R25-S29,STANDARD,AVAILABLE,0
SEC_STD01_B_R25_S30,SEC_STD01_B,25,R25-S30,STANDARD,AVAILABLE,0
SEC_STD01_B_R25_S31,SEC_STD01_B,25,R25-S31,STANDARD,AVAILABLE,0
SEC_STD01_B_R25_S32,SEC_STD01_B,25,R25-S32,STANDARD,AVAILABLE,0
SEC_STD01_B_R25_S33,SEC_STD01_B,25,R25-S33,STANDARD,AVAILABLE,0
SEC_STD01_B_R25_S34,SEC_STD01_B,25,R25-S34,STANDARD,AVAILABLE,0
SEC_STD01_B_R25_S35,SEC_STD01_B,25,R25-S35,STANDARD,AVAILABLE,0
SEC_STD01_B_R25_S36,SEC_STD01_B,25,R25-S36,STANDARD,AVAILABLE,0
SEC_STD01_B_R25_S37,SEC_STD01_B,25,R25-S37,STANDARD,AVAILABLE,0
SEC_STD01_B_R25_S38,SEC_STD01_B,25,R25-S38,STANDARD,AVAILABLE,0
SEC_STD01_B_R25_S39,SEC_STD01_B,25,R25-S39,STANDARD,AVAILABLE,0
SEC_STD01_B_R25_S40,SEC_STD01_B,25,R25-S40,STANDARD,AVAILABLE,0
SEC_STD01_B_R25_S41,SEC_STD01_B,25,R25-S41,STANDARD,AVAILABLE,0
SEC_STD01_B_R25_S42,SEC_STD01_B,25,R25-S42,STANDARD,AVAILABLE,0
SEC_STD01_B_R25_S43,SEC_STD01_B,25,R25-S43,STANDARD,AVAILABLE,0
SEC_STD01_B_R25_S44,SEC_STD01_B,25,R25-S44,STANDARD,AVAILABLE,0
SEC_STD01_B_R25_S45,SEC_STD01_B,25,R25-S45,STANDARD,AVAILABLE,0
SEC_STD01_B_R25_S46,SEC_STD01_B,25,R25-S46,STANDARD,AVAILABLE,0
SEC_STD01_B_R25_S47,SEC_STD01_B,25,R25-S47,STANDARD,AVAILABLE,0
SEC_STD01_B_R25_S48,SEC_STD01_B,25,R25-S48,STANDARD,AVAILABLE,0
SEC_STD01_B_R25_S49,SEC_STD01_B,25,R25-S49,STANDARD,AVAILABLE,0
SEC_STD01_B_R25_S50,SEC_STD01_B,25,R25-S50,STANDARD,AVAILABLE,0
SEC_STD01_B_R25_S51,SEC_STD01_B,25,R25-S51,STANDARD,AVAILABLE,0
SEC_STD01_B_R25_S52,SEC_STD01_B,25,R25-S52,STANDARD,AVAILABLE,0
SEC_STD01_B_R25_S53,SEC_STD01_B,25,R25-S53,STANDARD,AVAILABLE,0
SEC_STD01_B_R25_S54,SEC_STD01_B,25,R25-S54,STANDARD,AVAILABLE,0
SEC_STD01_B_R25_S55,SEC_STD01_B,25,R25-S55,STANDARD,AVAILABLE,0
SEC_STD01_B_R25_S56,SEC_STD01_B,25,R25-S56,STANDARD,AVAILABLE,0
SEC_STD01_B_R25_S57,SEC_STD01_B,25,R25-S57,STANDARD,AVAILABLE,0
SEC_STD01_B_R25_S58,SEC_STD01_B,25,R25-S58,STANDARD,AVAILABLE,0
SEC_STD01_B_R25_S59,SEC_STD01_B,25,R25-S59,STANDARD,AVAILABLE,0
SEC_STD01_B_R25_S60,SEC_STD01_B,25,R25-S60,STANDARD,AVAILABLE,0
SEC_STD01_B_R26_S01,SEC_STD01_B,26,R26-S01,STANDARD,AVAILABLE,0
SEC_STD01_B_R26_S02,SEC_STD01_B,26,R26-S02,STANDARD,AVAILABLE,0
SEC_STD01_B_R26_S03,SEC_STD01_B,26,R26-S03,STANDARD,AVAILABLE,0
SEC_STD01_B_R26_S04,SEC_STD01_B,26,R26-S04,STANDARD,AVAILABLE,0
SEC_STD01_B_R26_S05,SEC_STD01_B,26,R26-S05,STANDARD,AVAILABLE,0
SEC_STD01_B_R26_S06,SEC_STD01_B,26,R26-S06,STANDARD,AVAILABLE,0
SEC_STD01_B_R26_S07,SEC_STD01_B,26,R26-S07,STANDARD,AVAILABLE,0
SEC_STD01_B_R26_S08,SEC_STD01_B,26,R26-S08,STANDARD,AVAILABLE,0
SEC_STD01_B_R26_S09,SEC_STD01_B,26,R26-S09,STANDARD,AVAILABLE,0
SEC_STD01_B_R26_S10,SEC_STD01_B,26,R26-S10,STANDARD,AVAILABLE,0
SEC_STD01_B_R26_S11,SEC_STD01_B,26,R26-S11,STANDARD,AVAILABLE,0
SEC_STD01_B_R26_S12,SEC_STD01_B,26,R26-S12,STANDARD,AVAILABLE,0
SEC_STD01_B_R26_S13,SEC_STD01_B,26,R26-S13,STANDARD,AVAILABLE,0
SEC_STD01_B_R26_S14,SEC_STD01_B,26,R26-S14,STANDARD,AVAILABLE,0
SEC_STD01_B_R26_S15,SEC_STD01_B,26,R26-S15,STANDARD,AVAILABLE,0
SEC_STD01_B_R26_S16,SEC_STD01_B,26,R26-S16,STANDARD,AVAILABLE,0
SEC_STD01_B_R26_S17,SEC_STD01_B,26,R26-S17,STANDARD,AVAILABLE,0
SEC_STD01_B_R26_S18,SEC_STD01_B,26,R26-S18,STANDARD,AVAILABLE,0
SEC_STD01_B_R26_S19,SEC_STD01_B,26,R26-S19,STANDARD,AVAILABLE,0
SEC_STD01_B_R26_S20,SEC_STD01_B,26,R26-S20,STANDARD,AVAILABLE,0
SEC_STD01_B_R26_S21,SEC_STD01_B,26,R26-S21,STANDARD,AVAILABLE,0
SEC_STD01_B_R26_S22,SEC_STD01_B,26,R26-S22,STANDARD,AVAILABLE,0
SEC_STD01_B_R26_S23,SEC_STD01_B,26,R26-S23,STANDARD,AVAILABLE,0
SEC_STD01_B_R26_S24,SEC_STD01_B,26,R26-S24,STANDARD,AVAILABLE,0
SEC_STD01_B_R26_S25,SEC_STD01_B,26,R26-S25,STANDARD,AVAILABLE,0
SEC_STD01_B_R26_S26,SEC_STD01_B,26,R26-S26,STANDARD,AVAILABLE,0
SEC_STD01_B_R26_S27,SEC_STD01_B,26,R26-S27,STANDARD,AVAILABLE,0
SEC_STD01_B_R26_S28,SEC_STD01_B,26,R26-S28,STANDARD,AVAILABLE,0
SEC_STD01_B_R26_S29,SEC_STD01_B,26,R26-S29,STANDARD,AVAILABLE,0
SEC_STD01_B_R26_S30,SEC_STD01_B,26,R26-S30,STANDARD,AVAILABLE,0
SEC_STD01_B_R26_S31,SEC_STD01_B,26,R26-S31,STANDARD,AVAILABLE,0
SEC_STD01_B_R26_S32,SEC_STD01_B,26,R26-S32,STANDARD,AVAILABLE,0
SEC_STD01_B_R26_S33,SEC_STD01_B,26,R26-S33,STANDARD,AVAILABLE,0
SEC_STD01_B_R26_S34,SEC_STD01_B,26,R26-S34,STANDARD,AVAILABLE,0
SEC_STD01_B_R26_S35,SEC_STD01_B,26,R26-S35,STANDARD,AVAILABLE,0
SEC_STD01_B_R26_S36,SEC_STD01_B,26,R26-S36,STANDARD,AVAILABLE,0
SEC_STD01_B_R26_S37,SEC_STD01_B,26,R26-S37,STANDARD,AVAILABLE,0
SEC_STD01_B_R26_S38,SEC_STD01_B,26,R26-S38,STANDARD,AVAILABLE,0
SEC_STD01_B_R26_S39,SEC_STD01_B,26,R26-S39,STANDARD,AVAILABLE,0
SEC_STD01_B_R26_S40,SEC_STD01_B,26,R26-S40,STANDARD,AVAILABLE,0
SEC_STD01_B_R26_S41,SEC_STD01_B,26,R26-S41,STANDARD,AVAILABLE,0
SEC_STD01_B_R26_S42,SEC_STD01_B,26,R26-S42,STANDARD,AVAILABLE,0
SEC_STD01_B_R26_S43,SEC_STD01_B,26,R26-S43,STANDARD,AVAILABLE,0
SEC_STD01_B_R26_S44,SEC_STD01_B,26,R26-S44,STANDARD,AVAILABLE,0
SEC_STD01_B_R26_S45,SEC_STD01_B,26,R26-S45,STANDARD,AVAILABLE,0
SEC_STD01_B_R26_S46,SEC_STD01_B,26,R26-S46,STANDARD,AVAILABLE,0
SEC_STD01_B_R26_S47,SEC_STD01_B,26,R26-S47,STANDARD,AVAILABLE,0
SEC_STD01_B_R26_S48,SEC_STD01_B,26,R26-S48,STANDARD,AVAILABLE,0
SEC_STD01_B_R26_S49,SEC_STD01_B,26,R26-S49,STANDARD,AVAILABLE,0
SEC_STD01_B_R26_S50,SEC_STD01_B,26,R26-S50,STANDARD,AVAILABLE,0
SEC_STD01_B_R26_S51,SEC_STD01_B,26,R26-S51,STANDARD,AVAILABLE,0
SEC_STD01_B_R26_S52,SEC_STD01_B,26,R26-S52,STANDARD,AVAILABLE,0
SEC_STD01_B_R26_S53,SEC_STD01_B,26,R26-S53,STANDARD,AVAILABLE,0
SEC_STD01_B_R26_S54,SEC_STD01_B,26,R26-S54,STANDARD,AVAILABLE,0
SEC_STD01_B_R26_S55,SEC_STD01_B,26,R26-S55,STANDARD,AVAILABLE,0
SEC_STD01_B_R26_S56,SEC_STD01_B,26,R26-S56,STANDARD,AVAILABLE,0
SEC_STD01_B_R26_S57,SEC_STD01_B,26,R26-S57,STANDARD,AVAILABLE,0
SEC_STD01_B_R26_S58,SEC_STD01_B,26,R26-S58,STANDARD,AVAILABLE,0
SEC_STD01_B_R26_S59,SEC_STD01_B,26,R26-S59,STANDARD,AVAILABLE,0
SEC_STD01_B_R26_S60,SEC_STD01_B,26,R26-S60,STANDARD,AVAILABLE,0
SEC_STD01_B_R27_S01,SEC_STD01_B,27,R27-S01,STANDARD,AVAILABLE,0
SEC_STD01_B_R27_S02,SEC_STD01_B,27,R27-S02,STANDARD,AVAILABLE,0
SEC_STD01_B_R27_S03,SEC_STD01_B,27,R27-S03,STANDARD,AVAILABLE,0
SEC_STD01_B_R27_S04,SEC_STD01_B,27,R27-S04,STANDARD,AVAILABLE,0
SEC_STD01_B_R27_S05,SEC_STD01_B,27,R27-S05,STANDARD,AVAILABLE,0
SEC_STD01_B_R27_S06,SEC_STD01_B,27,R27-S06,STANDARD,AVAILABLE,0
SEC_STD01_B_R27_S07,SEC_STD01_B,27,R27-S07,STANDARD,AVAILABLE,0
SEC_STD01_B_R27_S08,SEC_STD01_B,27,R27-S08,STANDARD,AVAILABLE,0
SEC_STD01_B_R27_S09,SEC_STD01_B,27,R27-S09,STANDARD,AVAILABLE,0
SEC_STD01_B_R27_S10,SEC_STD01_B,27,R27-S10,STANDARD,AVAILABLE,0
SEC_STD01_B_R27_S11,SEC_STD01_B,27,R27-S11,STANDARD,AVAILABLE,0
SEC_STD01_B_R27_S12,SEC_STD01_B,27,R27-S12,STANDARD,AVAILABLE,0
SEC_STD01_B_R27_S13,SEC_STD01_B,27,R27-S13,STANDARD,AVAILABLE,0
SEC_STD01_B_R27_S14,SEC_STD01_B,27,R27-S14,STANDARD,AVAILABLE,0
SEC_STD01_B_R27_S15,SEC_STD01_B,27,R27-S15,STANDARD,AVAILABLE,0
SEC_STD01_B_R27_S16,SEC_STD01_B,27,R27-S16,STANDARD,AVAILABLE,0
SEC_STD01_B_R27_S17,SEC_STD01_B,27,R27-S17,STANDARD,AVAILABLE,0
SEC_STD01_B_R27_S18,SEC_STD01_B,27,R27-S18,STANDARD,AVAILABLE,0
SEC_STD01_B_R27_S19,SEC_STD01_B,27,R27-S19,STANDARD,AVAILABLE,0
SEC_STD01_B_R27_S20,SEC_STD01_B,27,R27-S20,STANDARD,AVAILABLE,0
SEC_STD01_B_R27_S21,SEC_STD01_B,27,R27-S21,STANDARD,AVAILABLE,0
SEC_STD01_B_R27_S22,SEC_STD01_B,27,R27-S22,STANDARD,AVAILABLE,0
SEC_STD01_B_R27_S23,SEC_STD01_B,27,R27-S23,STANDARD,AVAILABLE,0
SEC_STD01_B_R27_S24,SEC_STD01_B,27,R27-S24,STANDARD,AVAILABLE,0
SEC_STD01_B_R27_S25,SEC_STD01_B,27,R27-S25,STANDARD,AVAILABLE,0
SEC_STD01_B_R27_S26,SEC_STD01_B,27,R27-S26,STANDARD,AVAILABLE,0
SEC_STD01_B_R27_S27,SEC_STD01_B,27,R27-S27,STANDARD,AVAILABLE,0
SEC_STD01_B_R27_S28,SEC_STD01_B,27,R27-S28,STANDARD,AVAILABLE,0
SEC_STD01_B_R27_S29,SEC_STD01_B,27,R27-S29,STANDARD,AVAILABLE,0
SEC_STD01_B_R27_S30,SEC_STD01_B,27,R27-S30,STANDARD,AVAILABLE,0
SEC_STD01_B_R27_S31,SEC_STD01_B,27,R27-S31,STANDARD,AVAILABLE,0
SEC_STD01_B_R27_S32,SEC_STD01_B,27,R27-S32,STANDARD,AVAILABLE,0
SEC_STD01_B_R27_S33,SEC_STD01_B,27,R27-S33,STANDARD,AVAILABLE,0
SEC_STD01_B_R27_S34,SEC_STD01_B,27,R27-S34,STANDARD,AVAILABLE,0
SEC_STD01_B_R27_S35,SEC_STD01_B,27,R27-S35,STANDARD,AVAILABLE,0
SEC_STD01_B_R27_S36,SEC_STD01_B,27,R27-S36,STANDARD,AVAILABLE,0
SEC_STD01_B_R27_S37,SEC_STD01_B,27,R27-S37,STANDARD,AVAILABLE,0
SEC_STD01_B_R27_S38,SEC_STD01_B,27,R27-S38,STANDARD,AVAILABLE,0
SEC_STD01_B_R27_S39,SEC_STD01_B,27,R27-S39,STANDARD,AVAILABLE,0
SEC_STD01_B_R27_S40,SEC_STD01_B,27,R27-S40,STANDARD,AVAILABLE,0
SEC_STD01_B_R27_S41,SEC_STD01_B,27,R27-S41,STANDARD,AVAILABLE,0
SEC_STD01_B_R27_S42,SEC_STD01_B,27,R27-S42,STANDARD,AVAILABLE,0
SEC_STD01_B_R27_S43,SEC_STD01_B,27,R27-S43,STANDARD,AVAILABLE,0
SEC_STD01_B_R27_S44,SEC_STD01_B,27,R27-S44,STANDARD,AVAILABLE,0
SEC_STD01_B_R27_S45,SEC_STD01_B,27,R27-S45,STANDARD,AVAILABLE,0
SEC_STD01_B_R27_S46,SEC_STD01_B,27,R27-S46,STANDARD,AVAILABLE,0
SEC_STD01_B_R27_S47,SEC_STD01_B,27,R27-S47,STANDARD,AVAILABLE,0
SEC_STD01_B_R27_S48,SEC_STD01_B,27,R27-S48,STANDARD,AVAILABLE,0
SEC_STD01_B_R27_S49,SEC_STD01_B,27,R27-S49,STANDARD,AVAILABLE,0
SEC_STD01_B_R27_S50,SEC_STD01_B,27,R27-S50,STANDARD,AVAILABLE,0
SEC_STD01_B_R27_S51,SEC_STD01_B,27,R27-S51,STANDARD,AVAILABLE,0
SEC_STD01_B_R27_S52,SEC_STD01_B,27,R27-S52,STANDARD,AVAILABLE,0
SEC_STD01_B_R27_S53,SEC_STD01_B,27,R27-S53,STANDARD,AVAILABLE,0
SEC_STD01_B_R27_S54,SEC_STD01_B,27,R27-S54,STANDARD,AVAILABLE,0
SEC_STD01_B_R27_S55,SEC_STD01_B,27,R27-S55,STANDARD,AVAILABLE,0
SEC_STD01_B_R27_S56,SEC_STD01_B,27,R27-S56,STANDARD,AVAILABLE,0
SEC_STD01_B_R27_S57,SEC_STD01_B,27,R27-S57,STANDARD,AVAILABLE,0
SEC_STD01_B_R27_S58,SEC_STD01_B,27,R27-S58,STANDARD,AVAILABLE,0
SEC_STD01_B_R27_S59,SEC_STD01_B,27,R27-S59,STANDARD,AVAILABLE,0
SEC_STD01_B_R27_S60,SEC_STD01_B,27,R27-S60,STANDARD,AVAILABLE,0
SEC_STD01_B_R28_S01,SEC_STD01_B,28,R28-S01,STANDARD,AVAILABLE,0
SEC_STD01_B_R28_S02,SEC_STD01_B,28,R28-S02,STANDARD,AVAILABLE,0
SEC_STD01_B_R28_S03,SEC_STD01_B,28,R28-S03,STANDARD,AVAILABLE,0
SEC_STD01_B_R28_S04,SEC_STD01_B,28,R28-S04,STANDARD,AVAILABLE,0
SEC_STD01_B_R28_S05,SEC_STD01_B,28,R28-S05,STANDARD,AVAILABLE,0
SEC_STD01_B_R28_S06,SEC_STD01_B,28,R28-S06,STANDARD,AVAILABLE,0
SEC_STD01_B_R28_S07,SEC_STD01_B,28,R28-S07,STANDARD,AVAILABLE,0
SEC_STD01_B_R28_S08,SEC_STD01_B,28,R28-S08,STANDARD,AVAILABLE,0
SEC_STD01_B_R28_S09,SEC_STD01_B,28,R28-S09,STANDARD,AVAILABLE,0
SEC_STD01_B_R28_S10,SEC_STD01_B,28,R28-S10,STANDARD,AVAILABLE,0
SEC_STD01_B_R28_S11,SEC_STD01_B,28,R28-S11,STANDARD,AVAILABLE,0
SEC_STD01_B_R28_S12,SEC_STD01_B,28,R28-S12,STANDARD,AVAILABLE,0
SEC_STD01_B_R28_S13,SEC_STD01_B,28,R28-S13,STANDARD,AVAILABLE,0
SEC_STD01_B_R28_S14,SEC_STD01_B,28,R28-S14,STANDARD,AVAILABLE,0
SEC_STD01_B_R28_S15,SEC_STD01_B,28,R28-S15,STANDARD,AVAILABLE,0
SEC_STD01_B_R28_S16,SEC_STD01_B,28,R28-S16,STANDARD,AVAILABLE,0
SEC_STD01_B_R28_S17,SEC_STD01_B,28,R28-S17,STANDARD,AVAILABLE,0
SEC_STD01_B_R28_S18,SEC_STD01_B,28,R28-S18,STANDARD,AVAILABLE,0
SEC_STD01_B_R28_S19,SEC_STD01_B,28,R28-S19,STANDARD,AVAILABLE,0
SEC_STD01_B_R28_S20,SEC_STD01_B,28,R28-S20,STANDARD,AVAILABLE,0
SEC_STD01_B_R28_S21,SEC_STD01_B,28,R28-S21,STANDARD,AVAILABLE,0
SEC_STD01_B_R28_S22,SEC_STD01_B,28,R28-S22,STANDARD,AVAILABLE,0
SEC_STD01_B_R28_S23,SEC_STD01_B,28,R28-S23,STANDARD,AVAILABLE,0
SEC_STD01_B_R28_S24,SEC_STD01_B,28,R28-S24,STANDARD,AVAILABLE,0
SEC_STD01_B_R28_S25,SEC_STD01_B,28,R28-S25,STANDARD,AVAILABLE,0
SEC_STD01_B_R28_S26,SEC_STD01_B,28,R28-S26,STANDARD,AVAILABLE,0
SEC_STD01_B_R28_S27,SEC_STD01_B,28,R28-S27,STANDARD,AVAILABLE,0
SEC_STD01_B_R28_S28,SEC_STD01_B,28,R28-S28,STANDARD,AVAILABLE,0
SEC_STD01_B_R28_S29,SEC_STD01_B,28,R28-S29,STANDARD,AVAILABLE,0
SEC_STD01_B_R28_S30,SEC_STD01_B,28,R28-S30,STANDARD,AVAILABLE,0
SEC_STD01_B_R28_S31,SEC_STD01_B,28,R28-S31,STANDARD,AVAILABLE,0
SEC_STD01_B_R28_S32,SEC_STD01_B,28,R28-S32,STANDARD,AVAILABLE,0
SEC_STD01_B_R28_S33,SEC_STD01_B,28,R28-S33,STANDARD,AVAILABLE,0
SEC_STD01_B_R28_S34,SEC_STD01_B,28,R28-S34,STANDARD,AVAILABLE,0
SEC_STD01_B_R28_S35,SEC_STD01_B,28,R28-S35,STANDARD,AVAILABLE,0
SEC_STD01_B_R28_S36,SEC_STD01_B,28,R28-S36,STANDARD,AVAILABLE,0
SEC_STD01_B_R28_S37,SEC_STD01_B,28,R28-S37,STANDARD,AVAILABLE,0
SEC_STD01_B_R28_S38,SEC_STD01_B,28,R28-S38,STANDARD,AVAILABLE,0
SEC_STD01_B_R28_S39,SEC_STD01_B,28,R28-S39,STANDARD,AVAILABLE,0
SEC_STD01_B_R28_S40,SEC_STD01_B,28,R28-S40,STANDARD,AVAILABLE,0
SEC_STD01_B_R28_S41,SEC_STD01_B,28,R28-S41,STANDARD,AVAILABLE,0
SEC_STD01_B_R28_S42,SEC_STD01_B,28,R28-S42,STANDARD,AVAILABLE,0
SEC_STD01_B_R28_S43,SEC_STD01_B,28,R28-S43,STANDARD,AVAILABLE,0
SEC_STD01_B_R28_S44,SEC_STD01_B,28,R28-S44,STANDARD,AVAILABLE,0
SEC_STD01_B_R28_S45,SEC_STD01_B,28,R28-S45,STANDARD,AVAILABLE,0
SEC_STD01_B_R28_S46,SEC_STD01_B,28,R28-S46,STANDARD,AVAILABLE,0
SEC_STD01_B_R28_S47,SEC_STD01_B,28,R28-S47,STANDARD,AVAILABLE,0
SEC_STD01_B_R28_S48,SEC_STD01_B,28,R28-S48,STANDARD,AVAILABLE,0
SEC_STD01_B_R28_S49,SEC_STD01_B,28,R28-S49,STANDARD,AVAILABLE,0
SEC_STD01_B_R28_S50,SEC_STD01_B,28,R28-S50,STANDARD,AVAILABLE,0
SEC_STD01_B_R28_S51,SEC_STD01_B,28,R28-S51,STANDARD,AVAILABLE,0
SEC_STD01_B_R28_S52,SEC_STD01_B,28,R28-S52,STANDARD,AVAILABLE,0
SEC_STD01_B_R28_S53,SEC_STD01_B,28,R28-S53,STANDARD,AVAILABLE,0
SEC_STD01_B_R28_S54,SEC_STD01_B,28,R28-S54,STANDARD,AVAILABLE,0
SEC_STD01_B_R28_S55,SEC_STD01_B,28,R28-S55,STANDARD,AVAILABLE,0
SEC_STD01_B_R28_S56,SEC_STD01_B,28,R28-S56,STANDARD,AVAILABLE,0
SEC_STD01_B_R28_S57,SEC_STD01_B,28,R28-S57,STANDARD,AVAILABLE,0
SEC_STD01_B_R28_S58,SEC_STD01_B,28,R28-S58,STANDARD,AVAILABLE,0
SEC_STD01_B_R28_S59,SEC_STD01_B,28,R28-S59,STANDARD,AVAILABLE,0
SEC_STD01_B_R28_S60,SEC_STD01_B,28,R28-S60,STANDARD,AVAILABLE,0
SEC_STD01_B_R29_S01,SEC_STD01_B,29,R29-S01,STANDARD,AVAILABLE,0
SEC_STD01_B_R29_S02,SEC_STD01_B,29,R29-S02,STANDARD,AVAILABLE,0
SEC_STD01_B_R29_S03,SEC_STD01_B,29,R29-S03,STANDARD,AVAILABLE,0
SEC_STD01_B_R29_S04,SEC_STD01_B,29,R29-S04,STANDARD,AVAILABLE,0
SEC_STD01_B_R29_S05,SEC_STD01_B,29,R29-S05,STANDARD,AVAILABLE,0
SEC_STD01_B_R29_S06,SEC_STD01_B,29,R29-S06,STANDARD,AVAILABLE,0
SEC_STD01_B_R29_S07,SEC_STD01_B,29,R29-S07,STANDARD,AVAILABLE,0
SEC_STD01_B_R29_S08,SEC_STD01_B,29,R29-S08,STANDARD,AVAILABLE,0
SEC_STD01_B_R29_S09,SEC_STD01_B,29,R29-S09,STANDARD,AVAILABLE,0
SEC_STD01_B_R29_S10,SEC_STD01_B,29,R29-S10,STANDARD,AVAILABLE,0
SEC_STD01_B_R29_S11,SEC_STD01_B,29,R29-S11,STANDARD,AVAILABLE,0
SEC_STD01_B_R29_S12,SEC_STD01_B,29,R29-S12,STANDARD,AVAILABLE,0
SEC_STD01_B_R29_S13,SEC_STD01_B,29,R29-S13,STANDARD,AVAILABLE,0
SEC_STD01_B_R29_S14,SEC_STD01_B,29,R29-S14,STANDARD,AVAILABLE,0
SEC_STD01_B_R29_S15,SEC_STD01_B,29,R29-S15,STANDARD,AVAILABLE,0
SEC_STD01_B_R29_S16,SEC_STD01_B,29,R29-S16,STANDARD,AVAILABLE,0
SEC_STD01_B_R29_S17,SEC_STD01_B,29,R29-S17,STANDARD,AVAILABLE,0
SEC_STD01_B_R29_S18,SEC_STD01_B,29,R29-S18,STANDARD,AVAILABLE,0
SEC_STD01_B_R29_S19,SEC_STD01_B,29,R29-S19,STANDARD,AVAILABLE,0
SEC_STD01_B_R29_S20,SEC_STD01_B,29,R29-S20,STANDARD,AVAILABLE,0
SEC_STD01_B_R29_S21,SEC_STD01_B,29,R29-S21,STANDARD,AVAILABLE,0
SEC_STD01_B_R29_S22,SEC_STD01_B,29,R29-S22,STANDARD,AVAILABLE,0
SEC_STD01_B_R29_S23,SEC_STD01_B,29,R29-S23,STANDARD,AVAILABLE,0
SEC_STD01_B_R29_S24,SEC_STD01_B,29,R29-S24,STANDARD,AVAILABLE,0
SEC_STD01_B_R29_S25,SEC_STD01_B,29,R29-S25,STANDARD,AVAILABLE,0
SEC_STD01_B_R29_S26,SEC_STD01_B,29,R29-S26,STANDARD,AVAILABLE,0
SEC_STD01_B_R29_S27,SEC_STD01_B,29,R29-S27,STANDARD,AVAILABLE,0
SEC_STD01_B_R29_S28,SEC_STD01_B,29,R29-S28,STANDARD,AVAILABLE,0
SEC_STD01_B_R29_S29,SEC_STD01_B,29,R29-S29,STANDARD,AVAILABLE,0
SEC_STD01_B_R29_S30,SEC_STD01_B,29,R29-S30,STANDARD,AVAILABLE,0
SEC_STD01_B_R29_S31,SEC_STD01_B,29,R29-S31,STANDARD,AVAILABLE,0
SEC_STD01_B_R29_S32,SEC_STD01_B,29,R29-S32,STANDARD,AVAILABLE,0
SEC_STD01_B_R29_S33,SEC_STD01_B,29,R29-S33,STANDARD,AVAILABLE,0
SEC_STD01_B_R29_S34,SEC_STD01_B,29,R29-S34,STANDARD,AVAILABLE,0
SEC_STD01_B_R29_S35,SEC_STD01_B,29,R29-S35,STANDARD,AVAILABLE,0
SEC_STD01_B_R29_S36,SEC_STD01_B,29,R29-S36,STANDARD,AVAILABLE,0
SEC_STD01_B_R29_S37,SEC_STD01_B,29,R29-S37,STANDARD,AVAILABLE,0
SEC_STD01_B_R29_S38,SEC_STD01_B,29,R29-S38,STANDARD,AVAILABLE,0
SEC_STD01_B_R29_S39,SEC_STD01_B,29,R29-S39,STANDARD,AVAILABLE,0
SEC_STD01_B_R29_S40,SEC_STD01_B,29,R29-S40,STANDARD,AVAILABLE,0
SEC_STD01_B_R29_S41,SEC_STD01_B,29,R29-S41,STANDARD,AVAILABLE,0
SEC_STD01_B_R29_S42,SEC_STD01_B,29,R29-S42,STANDARD,AVAILABLE,0
SEC_STD01_B_R29_S43,SEC_STD01_B,29,R29-S43,STANDARD,AVAILABLE,0
SEC_STD01_B_R29_S44,SEC_STD01_B,29,R29-S44,STANDARD,AVAILABLE,0
SEC_STD01_B_R29_S45,SEC_STD01_B,29,R29-S45,STANDARD,AVAILABLE,0
SEC_STD01_B_R29_S46,SEC_STD01_B,29,R29-S46,STANDARD,AVAILABLE,0
SEC_STD01_B_R29_S47,SEC_STD01_B,29,R29-S47,STANDARD,AVAILABLE,0
SEC_STD01_B_R29_S48,SEC_STD01_B,29,R29-S48,STANDARD,AVAILABLE,0
SEC_STD01_B_R29_S49,SEC_STD01_B,29,R29-S49,STANDARD,AVAILABLE,0
SEC_STD01_B_R29_S50,SEC_STD01_B,29,R29-S50,STANDARD,AVAILABLE,0
SEC_STD01_B_R29_S51,SEC_STD01_B,29,R29-S51,STANDARD,AVAILABLE,0
SEC_STD01_B_R29_S52,SEC_STD01_B,29,R29-S52,STANDARD,AVAILABLE,0
SEC_STD01_B_R29_S53,SEC_STD01_B,29,R29-S53,STANDARD,AVAILABLE,0
SEC_STD01_B_R29_S54,SEC_STD01_B,29,R29-S54,STANDARD,AVAILABLE,0
SEC_STD01_B_R29_S55,SEC_STD01_B,29,R29-S55,STANDARD,AVAILABLE,0
SEC_STD01_B_R29_S56,SEC_STD01_B,29,R29-S56,STANDARD,AVAILABLE,0
SEC_STD01_B_R29_S57,SEC_STD01_B,29,R29-S57,STANDARD,AVAILABLE,0
SEC_STD01_B_R29_S58,SEC_STD01_B,29,R29-S58,STANDARD,AVAILABLE,0
SEC_STD01_B_R29_S59,SEC_STD01_B,29,R29-S59,STANDARD,AVAILABLE,0
SEC_STD01_B_R29_S60,SEC_STD01_B,29,R29-S60,STANDARD,AVAILABLE,0
SEC_STD01_B_R30_S01,SEC_STD01_B,30,R30-S01,STANDARD,AVAILABLE,0
SEC_STD01_B_R30_S02,SEC_STD01_B,30,R30-S02,STANDARD,AVAILABLE,0
SEC_STD01_B_R30_S03,SEC_STD01_B,30,R30-S03,STANDARD,AVAILABLE,0
SEC_STD01_B_R30_S04,SEC_STD01_B,30,R30-S04,STANDARD,AVAILABLE,0
SEC_STD01_B_R30_S05,SEC_STD01_B,30,R30-S05,STANDARD,AVAILABLE,0
SEC_STD01_B_R30_S06,SEC_STD01_B,30,R30-S06,STANDARD,AVAILABLE,0
SEC_STD01_B_R30_S07,SEC_STD01_B,30,R30-S07,STANDARD,AVAILABLE,0
SEC_STD01_B_R30_S08,SEC_STD01_B,30,R30-S08,STANDARD,AVAILABLE,0
SEC_STD01_B_R30_S09,SEC_STD01_B,30,R30-S09,STANDARD,AVAILABLE,0
SEC_STD01_B_R30_S10,SEC_STD01_B,30,R30-S10,STANDARD,AVAILABLE,0
SEC_STD01_B_R30_S11,SEC_STD01_B,30,R30-S11,STANDARD,AVAILABLE,0
SEC_STD01_B_R30_S12,SEC_STD01_B,30,R30-S12,STANDARD,AVAILABLE,0
SEC_STD01_B_R30_S13,SEC_STD01_B,30,R30-S13,STANDARD,AVAILABLE,0
SEC_STD01_B_R30_S14,SEC_STD01_B,30,R30-S14,STANDARD,AVAILABLE,0
SEC_STD01_B_R30_S15,SEC_STD01_B,30,R30-S15,STANDARD,AVAILABLE,0
SEC_STD01_B_R30_S16,SEC_STD01_B,30,R30-S16,STANDARD,AVAILABLE,0
SEC_STD01_B_R30_S17,SEC_STD01_B,30,R30-S17,STANDARD,AVAILABLE,0
SEC_STD01_B_R30_S18,SEC_STD01_B,30,R30-S18,STANDARD,AVAILABLE,0
SEC_STD01_B_R30_S19,SEC_STD01_B,30,R30-S19,STANDARD,AVAILABLE,0
SEC_STD01_B_R30_S20,SEC_STD01_B,30,R30-S20,STANDARD,AVAILABLE,0
SEC_STD01_B_R30_S21,SEC_STD01_B,30,R30-S21,STANDARD,AVAILABLE,0
SEC_STD01_B_R30_S22,SEC_STD01_B,30,R30-S22,STANDARD,AVAILABLE,0
SEC_STD01_B_R30_S23,SEC_STD01_B,30,R30-S23,STANDARD,AVAILABLE,0
SEC_STD01_B_R30_S24,SEC_STD01_B,30,R30-S24,STANDARD,AVAILABLE,0
SEC_STD01_B_R30_S25,SEC_STD01_B,30,R30-S25,STANDARD,AVAILABLE,0
SEC_STD01_B_R30_S26,SEC_STD01_B,30,R30-S26,STANDARD,AVAILABLE,0
SEC_STD01_B_R30_S27,SEC_STD01_B,30,R30-S27,STANDARD,AVAILABLE,0
SEC_STD01_B_R30_S28,SEC_STD01_B,30,R30-S28,STANDARD,AVAILABLE,0
SEC_STD01_B_R30_S29,SEC_STD01_B,30,R30-S29,STANDARD,AVAILABLE,0
SEC_STD01_B_R30_S30,SEC_STD01_B,30,R30-S30,STANDARD,AVAILABLE,0
SEC_STD01_B_R30_S31,SEC_STD01_B,30,R30-S31,STANDARD,AVAILABLE,0
SEC_STD01_B_R30_S32,SEC_STD01_B,30,R30-S32,STANDARD,AVAILABLE,0
SEC_STD01_B_R30_S33,SEC_STD01_B,30,R30-S33,STANDARD,AVAILABLE,0
SEC_STD01_B_R30_S34,SEC_STD01_B,30,R30-S34,STANDARD,AVAILABLE,0
SEC_STD01_B_R30_S35,SEC_STD01_B,30,R30-S35,STANDARD,AVAILABLE,0
SEC_STD01_B_R30_S36,SEC_STD01_B,30,R30-S36,STANDARD,AVAILABLE,0
SEC_STD01_B_R30_S37,SEC_STD01_B,30,R30-S37,STANDARD,AVAILABLE,0
SEC_STD01_B_R30_S38,SEC_STD01_B,30,R30-S38,STANDARD,AVAILABLE,0
SEC_STD01_B_R30_S39,SEC_STD01_B,30,R30-S39,STANDARD,AVAILABLE,0
SEC_STD01_B_R30_S40,SEC_STD01_B,30,R30-S40,STANDARD,AVAILABLE,0
SEC_STD01_B_R30_S41,SEC_STD01_B,30,R30-S41,STANDARD,AVAILABLE,0
SEC_STD01_B_R30_S42,SEC_STD01_B,30,R30-S42,STANDARD,AVAILABLE,0
SEC_STD01_B_R30_S43,SEC_STD01_B,30,R30-S43,STANDARD,AVAILABLE,0
SEC_STD01_B_R30_S44,SEC_STD01_B,30,R30-S44,STANDARD,AVAILABLE,0
SEC_STD01_B_R30_S45,SEC_STD01_B,30,R30-S45,STANDARD,AVAILABLE,0
SEC_STD01_B_R30_S46,SEC_STD01_B,30,R30-S46,STANDARD,AVAILABLE,0
SEC_STD01_B_R30_S47,SEC_STD01_B,30,R30-S47,STANDARD,AVAILABLE,0
SEC_STD01_B_R30_S48,SEC_STD01_B,30,R30-S48,STANDARD,AVAILABLE,0
SEC_STD01_B_R30_S49,SEC_STD01_B,30,R30-S49,STANDARD,AVAILABLE,0
SEC_STD01_B_R30_S50,SEC_STD01_B,30,R30-S50,STANDARD,AVAILABLE,0
SEC_STD01_B_R30_S51,SEC_STD01_B,30,R30-S51,STANDARD,AVAILABLE,0
SEC_STD01_B_R30_S52,SEC_STD01_B,30,R30-S52,STANDARD,AVAILABLE,0
SEC_STD01_B_R30_S53,SEC_STD01_B,30,R30-S53,STANDARD,AVAILABLE,0
SEC_STD01_B_R30_S54,SEC_STD01_B,30,R30-S54,STANDARD,AVAILABLE,0
SEC_STD01_B_R30_S55,SEC_STD01_B,30,R30-S55,STANDARD,AVAILABLE,0
SEC_STD01_B_R30_S56,SEC_STD01_B,30,R30-S56,STANDARD,AVAILABLE,0
SEC_STD01_B_R30_S57,SEC_STD01_B,30,R30-S57,STANDARD,AVAILABLE,0
SEC_STD01_B_R30_S58,SEC_STD01_B,30,R30-S58,STANDARD,AVAILABLE,0
SEC_STD01_B_R30_S59,SEC_STD01_B,30,R30-S59,STANDARD,AVAILABLE,0
SEC_STD01_B_R30_S60,SEC_STD01_B,30,R30-S60,STANDARD,AVAILABLE,0
SEC_STD01_B_R31_S01,SEC_STD01_B,31,R31-S01,STANDARD,AVAILABLE,0
SEC_STD01_B_R31_S02,SEC_STD01_B,31,R31-S02,STANDARD,AVAILABLE,0
SEC_STD01_B_R31_S03,SEC_STD01_B,31,R31-S03,STANDARD,AVAILABLE,0
SEC_STD01_B_R31_S04,SEC_STD01_B,31,R31-S04,STANDARD,AVAILABLE,0
SEC_STD01_B_R31_S05,SEC_STD01_B,31,R31-S05,STANDARD,AVAILABLE,0
SEC_STD01_B_R31_S06,SEC_STD01_B,31,R31-S06,STANDARD,AVAILABLE,0
SEC_STD01_B_R31_S07,SEC_STD01_B,31,R31-S07,STANDARD,AVAILABLE,0
SEC_STD01_B_R31_S08,SEC_STD01_B,31,R31-S08,STANDARD,AVAILABLE,0
SEC_STD01_B_R31_S09,SEC_STD01_B,31,R31-S09,STANDARD,AVAILABLE,0
SEC_STD01_B_R31_S10,SEC_STD01_B,31,R31-S10,STANDARD,AVAILABLE,0
SEC_STD01_B_R31_S11,SEC_STD01_B,31,R31-S11,STANDARD,AVAILABLE,0
SEC_STD01_B_R31_S12,SEC_STD01_B,31,R31-S12,STANDARD,AVAILABLE,0
SEC_STD01_B_R31_S13,SEC_STD01_B,31,R31-S13,STANDARD,AVAILABLE,0
SEC_STD01_B_R31_S14,SEC_STD01_B,31,R31-S14,STANDARD,AVAILABLE,0
SEC_STD01_B_R31_S15,SEC_STD01_B,31,R31-S15,STANDARD,AVAILABLE,0
SEC_STD01_B_R31_S16,SEC_STD01_B,31,R31-S16,STANDARD,AVAILABLE,0
SEC_STD01_B_R31_S17,SEC_STD01_B,31,R31-S17,STANDARD,AVAILABLE,0
SEC_STD01_B_R31_S18,SEC_STD01_B,31,R31-S18,STANDARD,AVAILABLE,0
SEC_STD01_B_R31_S19,SEC_STD01_B,31,R31-S19,STANDARD,AVAILABLE,0
SEC_STD01_B_R31_S20,SEC_STD01_B,31,R31-S20,STANDARD,AVAILABLE,0
SEC_STD01_B_R31_S21,SEC_STD01_B,31,R31-S21,STANDARD,AVAILABLE,0
SEC_STD01_B_R31_S22,SEC_STD01_B,31,R31-S22,STANDARD,AVAILABLE,0
SEC_STD01_B_R31_S23,SEC_STD01_B,31,R31-S23,STANDARD,AVAILABLE,0
SEC_STD01_B_R31_S24,SEC_STD01_B,31,R31-S24,STANDARD,AVAILABLE,0
SEC_STD01_B_R31_S25,SEC_STD01_B,31,R31-S25,STANDARD,AVAILABLE,0
SEC_STD01_B_R31_S26,SEC_STD01_B,31,R31-S26,STANDARD,AVAILABLE,0
SEC_STD01_B_R31_S27,SEC_STD01_B,31,R31-S27,STANDARD,AVAILABLE,0
SEC_STD01_B_R31_S28,SEC_STD01_B,31,R31-S28,STANDARD,AVAILABLE,0
SEC_STD01_B_R31_S29,SEC_STD01_B,31,R31-S29,STANDARD,AVAILABLE,0
SEC_STD01_B_R31_S30,SEC_STD01_B,31,R31-S30,STANDARD,AVAILABLE,0
SEC_STD01_B_R31_S31,SEC_STD01_B,31,R31-S31,STANDARD,AVAILABLE,0
SEC_STD01_B_R31_S32,SEC_STD01_B,31,R31-S32,STANDARD,AVAILABLE,0
SEC_STD01_B_R31_S33,SEC_STD01_B,31,R31-S33,STANDARD,AVAILABLE,0
SEC_STD01_B_R31_S34,SEC_STD01_B,31,R31-S34,STANDARD,AVAILABLE,0
SEC_STD01_B_R31_S35,SEC_STD01_B,31,R31-S35,STANDARD,AVAILABLE,0
SEC_STD01_B_R31_S36,SEC_STD01_B,31,R31-S36,STANDARD,AVAILABLE,0
SEC_STD01_B_R31_S37,SEC_STD01_B,31,R31-S37,STANDARD,AVAILABLE,0
SEC_STD01_B_R31_S38,SEC_STD01_B,31,R31-S38,STANDARD,AVAILABLE,0
SEC_STD01_B_R31_S39,SEC_STD01_B,31,R31-S39,STANDARD,AVAILABLE,0
SEC_STD01_B_R31_S40,SEC_STD01_B,31,R31-S40,STANDARD,AVAILABLE,0
SEC_STD01_B_R31_S41,SEC_STD01_B,31,R31-S41,STANDARD,AVAILABLE,0
SEC_STD01_B_R31_S42,SEC_STD01_B,31,R31-S42,STANDARD,AVAILABLE,0
SEC_STD01_B_R31_S43,SEC_STD01_B,31,R31-S43,STANDARD,AVAILABLE,0
SEC_STD01_B_R31_S44,SEC_STD01_B,31,R31-S44,STANDARD,AVAILABLE,0
SEC_STD01_B_R31_S45,SEC_STD01_B,31,R31-S45,STANDARD,AVAILABLE,0
SEC_STD01_B_R31_S46,SEC_STD01_B,31,R31-S46,STANDARD,AVAILABLE,0
SEC_STD01_B_R31_S47,SEC_STD01_B,31,R31-S47,STANDARD,AVAILABLE,0
SEC_STD01_B_R31_S48,SEC_STD01_B,31,R31-S48,STANDARD,AVAILABLE,0
SEC_STD01_B_R31_S49,SEC_STD01_B,31,R31-S49,STANDARD,AVAILABLE,0
SEC_STD01_B_R31_S50,SEC_STD01_B,31,R31-S50,STANDARD,AVAILABLE,0
SEC_STD01_B_R31_S51,SEC_STD01_B,31,R31-S51,STANDARD,AVAILABLE,0
SEC_STD01_B_R31_S52,SEC_STD01_B,31,R31-S52,STANDARD,AVAILABLE,0
SEC_STD01_B_R31_S53,SEC_STD01_B,31,R31-S53,STANDARD,AVAILABLE,0
SEC_STD01_B_R31_S54,SEC_STD01_B,31,R31-S54,STANDARD,AVAILABLE,0
SEC_STD01_B_R31_S55,SEC_STD01_B,31,R31-S55,STANDARD,AVAILABLE,0
SEC_STD01_B_R31_S56,SEC_STD01_B,31,R31-S56,STANDARD,AVAILABLE,0
SEC_STD01_B_R31_S57,SEC_STD01_B,31,R31-S57,STANDARD,AVAILABLE,0
SEC_STD01_B_R31_S58,SEC_STD01_B,31,R31-S58,STANDARD,AVAILABLE,0
SEC_STD01_B_R31_S59,SEC_STD01_B,31,R31-S59,STANDARD,AVAILABLE,0
SEC_STD01_B_R31_S60,SEC_STD01_B,31,R31-S60,STANDARD,AVAILABLE,0
SEC_STD01_B_R32_S01,SEC_STD01_B,32,R32-S01,STANDARD,AVAILABLE,0
SEC_STD01_B_R32_S02,SEC_STD01_B,32,R32-S02,STANDARD,AVAILABLE,0
SEC_STD01_B_R32_S03,SEC_STD01_B,32,R32-S03,STANDARD,AVAILABLE,0
SEC_STD01_B_R32_S04,SEC_STD01_B,32,R32-S04,STANDARD,AVAILABLE,0
SEC_STD01_B_R32_S05,SEC_STD01_B,32,R32-S05,STANDARD,AVAILABLE,0
SEC_STD01_B_R32_S06,SEC_STD01_B,32,R32-S06,STANDARD,AVAILABLE,0
SEC_STD01_B_R32_S07,SEC_STD01_B,32,R32-S07,STANDARD,AVAILABLE,0
SEC_STD01_B_R32_S08,SEC_STD01_B,32,R32-S08,STANDARD,AVAILABLE,0
SEC_STD01_B_R32_S09,SEC_STD01_B,32,R32-S09,STANDARD,AVAILABLE,0
SEC_STD01_B_R32_S10,SEC_STD01_B,32,R32-S10,STANDARD,AVAILABLE,0
SEC_STD01_B_R32_S11,SEC_STD01_B,32,R32-S11,STANDARD,AVAILABLE,0
SEC_STD01_B_R32_S12,SEC_STD01_B,32,R32-S12,STANDARD,AVAILABLE,0
SEC_STD01_B_R32_S13,SEC_STD01_B,32,R32-S13,STANDARD,AVAILABLE,0
SEC_STD01_B_R32_S14,SEC_STD01_B,32,R32-S14,STANDARD,AVAILABLE,0
SEC_STD01_B_R32_S15,SEC_STD01_B,32,R32-S15,STANDARD,AVAILABLE,0
SEC_STD01_B_R32_S16,SEC_STD01_B,32,R32-S16,STANDARD,AVAILABLE,0
SEC_STD01_B_R32_S17,SEC_STD01_B,32,R32-S17,STANDARD,AVAILABLE,0
SEC_STD01_B_R32_S18,SEC_STD01_B,32,R32-S18,STANDARD,AVAILABLE,0
SEC_STD01_B_R32_S19,SEC_STD01_B,32,R32-S19,STANDARD,AVAILABLE,0
SEC_STD01_B_R32_S20,SEC_STD01_B,32,R32-S20,STANDARD,AVAILABLE,0
SEC_STD01_B_R32_S21,SEC_STD01_B,32,R32-S21,STANDARD,AVAILABLE,0
SEC_STD01_B_R32_S22,SEC_STD01_B,32,R32-S22,STANDARD,AVAILABLE,0
SEC_STD01_B_R32_S23,SEC_STD01_B,32,R32-S23,STANDARD,AVAILABLE,0
SEC_STD01_B_R32_S24,SEC_STD01_B,32,R32-S24,STANDARD,AVAILABLE,0
SEC_STD01_B_R32_S25,SEC_STD01_B,32,R32-S25,STANDARD,AVAILABLE,0
SEC_STD01_B_R32_S26,SEC_STD01_B,32,R32-S26,STANDARD,AVAILABLE,0
SEC_STD01_B_R32_S27,SEC_STD01_B,32,R32-S27,STANDARD,AVAILABLE,0
SEC_STD01_B_R32_S28,SEC_STD01_B,32,R32-S28,STANDARD,AVAILABLE,0
SEC_STD01_B_R32_S29,SEC_STD01_B,32,R32-S29,STANDARD,AVAILABLE,0
SEC_STD01_B_R32_S30,SEC_STD01_B,32,R32-S30,STANDARD,AVAILABLE,0
SEC_STD01_B_R32_S31,SEC_STD01_B,32,R32-S31,STANDARD,AVAILABLE,0
SEC_STD01_B_R32_S32,SEC_STD01_B,32,R32-S32,STANDARD,AVAILABLE,0
SEC_STD01_B_R32_S33,SEC_STD01_B,32,R32-S33,STANDARD,AVAILABLE,0
SEC_STD01_B_R32_S34,SEC_STD01_B,32,R32-S34,STANDARD,AVAILABLE,0
SEC_STD01_B_R32_S35,SEC_STD01_B,32,R32-S35,STANDARD,AVAILABLE,0
SEC_STD01_B_R32_S36,SEC_STD01_B,32,R32-S36,STANDARD,AVAILABLE,0
SEC_STD01_B_R32_S37,SEC_STD01_B,32,R32-S37,STANDARD,AVAILABLE,0
SEC_STD01_B_R32_S38,SEC_STD01_B,32,R32-S38,STANDARD,AVAILABLE,0
SEC_STD01_B_R32_S39,SEC_STD01_B,32,R32-S39,STANDARD,AVAILABLE,0
SEC_STD01_B_R32_S40,SEC_STD01_B,32,R32-S40,STANDARD,AVAILABLE,0
SEC_STD01_B_R32_S41,SEC_STD01_B,32,R32-S41,STANDARD,AVAILABLE,0
SEC_STD01_B_R32_S42,SEC_STD01_B,32,R32-S42,STANDARD,AVAILABLE,0
SEC_STD01_B_R32_S43,SEC_STD01_B,32,R32-S43,STANDARD,AVAILABLE,0
SEC_STD01_B_R32_S44,SEC_STD01_B,32,R32-S44,STANDARD,AVAILABLE,0
SEC_STD01_B_R32_S45,SEC_STD01_B,32,R32-S45,STANDARD,AVAILABLE,0
SEC_STD01_B_R32_S46,SEC_STD01_B,32,R32-S46,STANDARD,AVAILABLE,0
SEC_STD01_B_R32_S47,SEC_STD01_B,32,R32-S47,STANDARD,AVAILABLE,0
SEC_STD01_B_R32_S48,SEC_STD01_B,32,R32-S48,STANDARD,AVAILABLE,0
SEC_STD01_B_R32_S49,SEC_STD01_B,32,R32-S49,STANDARD,AVAILABLE,0
SEC_STD01_B_R32_S50,SEC_STD01_B,32,R32-S50,STANDARD,AVAILABLE,0
SEC_STD01_B_R32_S51,SEC_STD01_B,32,R32-S51,STANDARD,AVAILABLE,0
SEC_STD01_B_R32_S52,SEC_STD01_B,32,R32-S52,STANDARD,AVAILABLE,0
SEC_STD01_B_R32_S53,SEC_STD01_B,32,R32-S53,STANDARD,AVAILABLE,0
SEC_STD01_B_R32_S54,SEC_STD01_B,32,R32-S54,STANDARD,AVAILABLE,0
SEC_STD01_B_R32_S55,SEC_STD01_B,32,R32-S55,STANDARD,AVAILABLE,0
SEC_STD01_B_R32_S56,SEC_STD01_B,32,R32-S56,STANDARD,AVAILABLE,0
SEC_STD01_B_R32_S57,SEC_STD01_B,32,R32-S57,STANDARD,AVAILABLE,0
SEC_STD01_B_R32_S58,SEC_STD01_B,32,R32-S58,STANDARD,AVAILABLE,0
SEC_STD01_B_R32_S59,SEC_STD01_B,32,R32-S59,STANDARD,AVAILABLE,0
SEC_STD01_B_R32_S60,SEC_STD01_B,32,R32-S60,STANDARD,AVAILABLE,0
SEC_STD01_B_R33_S01,SEC_STD01_B,33,R33-S01,STANDARD,AVAILABLE,0
SEC_STD01_B_R33_S02,SEC_STD01_B,33,R33-S02,STANDARD,AVAILABLE,0
SEC_STD01_B_R33_S03,SEC_STD01_B,33,R33-S03,STANDARD,AVAILABLE,0
SEC_STD01_B_R33_S04,SEC_STD01_B,33,R33-S04,STANDARD,AVAILABLE,0
SEC_STD01_B_R33_S05,SEC_STD01_B,33,R33-S05,STANDARD,AVAILABLE,0
SEC_STD01_B_R33_S06,SEC_STD01_B,33,R33-S06,STANDARD,AVAILABLE,0
SEC_STD01_B_R33_S07,SEC_STD01_B,33,R33-S07,STANDARD,AVAILABLE,0
SEC_STD01_B_R33_S08,SEC_STD01_B,33,R33-S08,STANDARD,AVAILABLE,0
SEC_STD01_B_R33_S09,SEC_STD01_B,33,R33-S09,STANDARD,AVAILABLE,0
SEC_STD01_B_R33_S10,SEC_STD01_B,33,R33-S10,STANDARD,AVAILABLE,0
SEC_STD01_B_R33_S11,SEC_STD01_B,33,R33-S11,STANDARD,AVAILABLE,0
SEC_STD01_B_R33_S12,SEC_STD01_B,33,R33-S12,STANDARD,AVAILABLE,0
SEC_STD01_B_R33_S13,SEC_STD01_B,33,R33-S13,STANDARD,AVAILABLE,0
SEC_STD01_B_R33_S14,SEC_STD01_B,33,R33-S14,STANDARD,AVAILABLE,0
SEC_STD01_B_R33_S15,SEC_STD01_B,33,R33-S15,STANDARD,AVAILABLE,0
SEC_STD01_B_R33_S16,SEC_STD01_B,33,R33-S16,STANDARD,AVAILABLE,0
SEC_STD01_B_R33_S17,SEC_STD01_B,33,R33-S17,STANDARD,AVAILABLE,0
SEC_STD01_B_R33_S18,SEC_STD01_B,33,R33-S18,STANDARD,AVAILABLE,0
SEC_STD01_B_R33_S19,SEC_STD01_B,33,R33-S19,STANDARD,AVAILABLE,0
SEC_STD01_B_R33_S20,SEC_STD01_B,33,R33-S20,STANDARD,AVAILABLE,0
SEC_STD01_B_R33_S21,SEC_STD01_B,33,R33-S21,STANDARD,AVAILABLE,0
SEC_STD01_B_R33_S22,SEC_STD01_B,33,R33-S22,STANDARD,AVAILABLE,0
SEC_STD01_B_R33_S23,SEC_STD01_B,33,R33-S23,STANDARD,AVAILABLE,0
SEC_STD01_B_R33_S24,SEC_STD01_B,33,R33-S24,STANDARD,AVAILABLE,0
SEC_STD01_B_R33_S25,SEC_STD01_B,33,R33-S25,STANDARD,AVAILABLE,0
SEC_STD01_B_R33_S26,SEC_STD01_B,33,R33-S26,STANDARD,AVAILABLE,0
SEC_STD01_B_R33_S27,SEC_STD01_B,33,R33-S27,STANDARD,AVAILABLE,0
SEC_STD01_B_R33_S28,SEC_STD01_B,33,R33-S28,STANDARD,AVAILABLE,0
SEC_STD01_B_R33_S29,SEC_STD01_B,33,R33-S29,STANDARD,AVAILABLE,0
SEC_STD01_B_R33_S30,SEC_STD01_B,33,R33-S30,STANDARD,AVAILABLE,0
SEC_STD01_B_R33_S31,SEC_STD01_B,33,R33-S31,STANDARD,AVAILABLE,0
SEC_STD01_B_R33_S32,SEC_STD01_B,33,R33-S32,STANDARD,AVAILABLE,0
SEC_STD01_B_R33_S33,SEC_STD01_B,33,R33-S33,STANDARD,AVAILABLE,0
SEC_STD01_B_R33_S34,SEC_STD01_B,33,R33-S34,STANDARD,AVAILABLE,0
SEC_STD01_B_R33_S35,SEC_STD01_B,33,R33-S35,STANDARD,AVAILABLE,0
SEC_STD01_B_R33_S36,SEC_STD01_B,33,R33-S36,STANDARD,AVAILABLE,0
SEC_STD01_B_R33_S37,SEC_STD01_B,33,R33-S37,STANDARD,AVAILABLE,0
SEC_STD01_B_R33_S38,SEC_STD01_B,33,R33-S38,STANDARD,AVAILABLE,0
SEC_STD01_B_R33_S39,SEC_STD01_B,33,R33-S39,STANDARD,AVAILABLE,0
SEC_STD01_B_R33_S40,SEC_STD01_B,33,R33-S40,STANDARD,AVAILABLE,0
SEC_STD01_B_R33_S41,SEC_STD01_B,33,R33-S41,STANDARD,AVAILABLE,0
SEC_STD01_B_R33_S42,SEC_STD01_B,33,R33-S42,STANDARD,AVAILABLE,0
SEC_STD01_B_R33_S43,SEC_STD01_B,33,R33-S43,STANDARD,AVAILABLE,0
SEC_STD01_B_R33_S44,SEC_STD01_B,33,R33-S44,STANDARD,AVAILABLE,0
SEC_STD01_B_R33_S45,SEC_STD01_B,33,R33-S45,STANDARD,AVAILABLE,0
SEC_STD01_B_R33_S46,SEC_STD01_B,33,R33-S46,STANDARD,AVAILABLE,0
SEC_STD01_B_R33_S47,SEC_STD01_B,33,R33-S47,STANDARD,AVAILABLE,0
SEC_STD01_B_R33_S48,SEC_STD01_B,33,R33-S48,STANDARD,AVAILABLE,0
SEC_STD01_B_R33_S49,SEC_STD01_B,33,R33-S49,STANDARD,AVAILABLE,0
SEC_STD01_B_R33_S50,SEC_STD01_B,33,R33-S50,STANDARD,AVAILABLE,0
SEC_STD01_B_R33_S51,SEC_STD01_B,33,R33-S51,STANDARD,AVAILABLE,0
SEC_STD01_B_R33_S52,SEC_STD01_B,33,R33-S52,STANDARD,AVAILABLE,0
SEC_STD01_B_R33_S53,SEC_STD01_B,33,R33-S53,STANDARD,AVAILABLE,0
SEC_STD01_B_R33_S54,SEC_STD01_B,33,R33-S54,STANDARD,AVAILABLE,0
SEC_STD01_B_R33_S55,SEC_STD01_B,33,R33-S55,STANDARD,AVAILABLE,0
SEC_STD01_B_R33_S56,SEC_STD01_B,33,R33-S56,STANDARD,AVAILABLE,0
SEC_STD01_B_R33_S57,SEC_STD01_B,33,R33-S57,STANDARD,AVAILABLE,0
SEC_STD01_B_R33_S58,SEC_STD01_B,33,R33-S58,STANDARD,AVAILABLE,0
SEC_STD01_B_R33_S59,SEC_STD01_B,33,R33-S59,STANDARD,AVAILABLE,0
SEC_STD01_B_R33_S60,SEC_STD01_B,33,R33-S60,STANDARD,AVAILABLE,0
SEC_STD01_B_R34_S01,SEC_STD01_B,34,R34-S01,STANDARD,AVAILABLE,0
SEC_STD01_B_R34_S02,SEC_STD01_B,34,R34-S02,STANDARD,AVAILABLE,0
SEC_STD01_B_R34_S03,SEC_STD01_B,34,R34-S03,STANDARD,AVAILABLE,0
SEC_STD01_B_R34_S04,SEC_STD01_B,34,R34-S04,STANDARD,AVAILABLE,0
SEC_STD01_B_R34_S05,SEC_STD01_B,34,R34-S05,STANDARD,AVAILABLE,0
SEC_STD01_B_R34_S06,SEC_STD01_B,34,R34-S06,STANDARD,AVAILABLE,0
SEC_STD01_B_R34_S07,SEC_STD01_B,34,R34-S07,STANDARD,AVAILABLE,0
SEC_STD01_B_R34_S08,SEC_STD01_B,34,R34-S08,STANDARD,AVAILABLE,0
SEC_STD01_B_R34_S09,SEC_STD01_B,34,R34-S09,STANDARD,AVAILABLE,0
SEC_STD01_B_R34_S10,SEC_STD01_B,34,R34-S10,STANDARD,AVAILABLE,0
SEC_STD01_B_R34_S11,SEC_STD01_B,34,R34-S11,STANDARD,AVAILABLE,0
SEC_STD01_B_R34_S12,SEC_STD01_B,34,R34-S12,STANDARD,AVAILABLE,0
SEC_STD01_B_R34_S13,SEC_STD01_B,34,R34-S13,STANDARD,AVAILABLE,0
SEC_STD01_B_R34_S14,SEC_STD01_B,34,R34-S14,STANDARD,AVAILABLE,0
SEC_STD01_B_R34_S15,SEC_STD01_B,34,R34-S15,STANDARD,AVAILABLE,0
SEC_STD01_B_R34_S16,SEC_STD01_B,34,R34-S16,STANDARD,AVAILABLE,0
SEC_STD01_B_R34_S17,SEC_STD01_B,34,R34-S17,STANDARD,AVAILABLE,0
SEC_STD01_B_R34_S18,SEC_STD01_B,34,R34-S18,STANDARD,AVAILABLE,0
SEC_STD01_B_R34_S19,SEC_STD01_B,34,R34-S19,STANDARD,AVAILABLE,0
SEC_STD01_B_R34_S20,SEC_STD01_B,34,R34-S20,STANDARD,AVAILABLE,0
SEC_STD01_B_R34_S21,SEC_STD01_B,34,R34-S21,STANDARD,AVAILABLE,0
SEC_STD01_B_R34_S22,SEC_STD01_B,34,R34-S22,STANDARD,AVAILABLE,0
SEC_STD01_B_R34_S23,SEC_STD01_B,34,R34-S23,STANDARD,AVAILABLE,0
SEC_STD01_B_R34_S24,SEC_STD01_B,34,R34-S24,STANDARD,AVAILABLE,0
SEC_STD01_B_R34_S25,SEC_STD01_B,34,R34-S25,STANDARD,AVAILABLE,0
SEC_STD01_B_R34_S26,SEC_STD01_B,34,R34-S26,STANDARD,AVAILABLE,0
SEC_STD01_B_R34_S27,SEC_STD01_B,34,R34-S27,STANDARD,AVAILABLE,0
SEC_STD01_B_R34_S28,SEC_STD01_B,34,R34-S28,STANDARD,AVAILABLE,0
SEC_STD01_B_R34_S29,SEC_STD01_B,34,R34-S29,STANDARD,AVAILABLE,0
SEC_STD01_B_R34_S30,SEC_STD01_B,34,R34-S30,STANDARD,AVAILABLE,0
SEC_STD01_B_R34_S31,SEC_STD01_B,34,R34-S31,STANDARD,AVAILABLE,0
SEC_STD01_B_R34_S32,SEC_STD01_B,34,R34-S32,STANDARD,AVAILABLE,0
SEC_STD01_B_R34_S33,SEC_STD01_B,34,R34-S33,STANDARD,AVAILABLE,0
SEC_STD01_B_R34_S34,SEC_STD01_B,34,R34-S34,STANDARD,AVAILABLE,0
SEC_STD01_B_R34_S35,SEC_STD01_B,34,R34-S35,STANDARD,AVAILABLE,0
SEC_STD01_B_R34_S36,SEC_STD01_B,34,R34-S36,STANDARD,AVAILABLE,0
SEC_STD01_B_R34_S37,SEC_STD01_B,34,R34-S37,STANDARD,AVAILABLE,0
SEC_STD01_B_R34_S38,SEC_STD01_B,34,R34-S38,STANDARD,AVAILABLE,0
SEC_STD01_B_R34_S39,SEC_STD01_B,34,R34-S39,STANDARD,AVAILABLE,0
SEC_STD01_B_R34_S40,SEC_STD01_B,34,R34-S40,STANDARD,AVAILABLE,0
SEC_STD01_B_R34_S41,SEC_STD01_B,34,R34-S41,STANDARD,AVAILABLE,0
SEC_STD01_B_R34_S42,SEC_STD01_B,34,R34-S42,STANDARD,AVAILABLE,0
SEC_STD01_B_R34_S43,SEC_STD01_B,34,R34-S43,STANDARD,AVAILABLE,0
SEC_STD01_B_R34_S44,SEC_STD01_B,34,R34-S44,STANDARD,AVAILABLE,0
SEC_STD01_B_R34_S45,SEC_STD01_B,34,R34-S45,STANDARD,AVAILABLE,0
SEC_STD01_B_R34_S46,SEC_STD01_B,34,R34-S46,STANDARD,AVAILABLE,0
SEC_STD01_B_R34_S47,SEC_STD01_B,34,R34-S47,STANDARD,AVAILABLE,0
SEC_STD01_B_R34_S48,SEC_STD01_B,34,R34-S48,STANDARD,AVAILABLE,0
SEC_STD01_B_R34_S49,SEC_STD01_B,34,R34-S49,STANDARD,AVAILABLE,0
SEC_STD01_B_R34_S50,SEC_STD01_B,34,R34-S50,STANDARD,AVAILABLE,0
SEC_STD01_B_R34_S51,SEC_STD01_B,34,R34-S51,STANDARD,AVAILABLE,0
SEC_STD01_B_R34_S52,SEC_STD01_B,34,R34-S52,STANDARD,AVAILABLE,0
SEC_STD01_B_R34_S53,SEC_STD01_B,34,R34-S53,STANDARD,AVAILABLE,0
SEC_STD01_B_R34_S54,SEC_STD01_B,34,R34-S54,STANDARD,AVAILABLE,0
SEC_STD01_B_R34_S55,SEC_STD01_B,34,R34-S55,STANDARD,AVAILABLE,0
SEC_STD01_B_R34_S56,SEC_STD01_B,34,R34-S56,STANDARD,AVAILABLE,0
SEC_STD01_B_R34_S57,SEC_STD01_B,34,R34-S57,STANDARD,AVAILABLE,0
SEC_STD01_B_R34_S58,SEC_STD01_B,34,R34-S58,STANDARD,AVAILABLE,0
SEC_STD01_B_R34_S59,SEC_STD01_B,34,R34-S59,STANDARD,AVAILABLE,0
SEC_STD01_B_R34_S60,SEC_STD01_B,34,R34-S60,STANDARD,AVAILABLE,0
SEC_STD01_B_R35_S01,SEC_STD01_B,35,R35-S01,STANDARD,AVAILABLE,0
SEC_STD01_B_R35_S02,SEC_STD01_B,35,R35-S02,STANDARD,AVAILABLE,0
SEC_STD01_B_R35_S03,SEC_STD01_B,35,R35-S03,STANDARD,AVAILABLE,0
SEC_STD01_B_R35_S04,SEC_STD01_B,35,R35-S04,STANDARD,AVAILABLE,0
SEC_STD01_B_R35_S05,SEC_STD01_B,35,R35-S05,STANDARD,AVAILABLE,0
SEC_STD01_B_R35_S06,SEC_STD01_B,35,R35-S06,STANDARD,AVAILABLE,0
SEC_STD01_B_R35_S07,SEC_STD01_B,35,R35-S07,STANDARD,AVAILABLE,0
SEC_STD01_B_R35_S08,SEC_STD01_B,35,R35-S08,STANDARD,AVAILABLE,0
SEC_STD01_B_R35_S09,SEC_STD01_B,35,R35-S09,STANDARD,AVAILABLE,0
SEC_STD01_B_R35_S10,SEC_STD01_B,35,R35-S10,STANDARD,AVAILABLE,0
SEC_STD01_B_R35_S11,SEC_STD01_B,35,R35-S11,STANDARD,AVAILABLE,0
SEC_STD01_B_R35_S12,SEC_STD01_B,35,R35-S12,STANDARD,AVAILABLE,0
SEC_STD01_B_R35_S13,SEC_STD01_B,35,R35-S13,STANDARD,AVAILABLE,0
SEC_STD01_B_R35_S14,SEC_STD01_B,35,R35-S14,STANDARD,AVAILABLE,0
SEC_STD01_B_R35_S15,SEC_STD01_B,35,R35-S15,STANDARD,AVAILABLE,0
SEC_STD01_B_R35_S16,SEC_STD01_B,35,R35-S16,STANDARD,AVAILABLE,0
SEC_STD01_B_R35_S17,SEC_STD01_B,35,R35-S17,STANDARD,AVAILABLE,0
SEC_STD01_B_R35_S18,SEC_STD01_B,35,R35-S18,STANDARD,AVAILABLE,0
SEC_STD01_B_R35_S19,SEC_STD01_B,35,R35-S19,STANDARD,AVAILABLE,0
SEC_STD01_B_R35_S20,SEC_STD01_B,35,R35-S20,STANDARD,AVAILABLE,0
SEC_STD01_B_R35_S21,SEC_STD01_B,35,R35-S21,STANDARD,AVAILABLE,0
SEC_STD01_B_R35_S22,SEC_STD01_B,35,R35-S22,STANDARD,AVAILABLE,0
SEC_STD01_B_R35_S23,SEC_STD01_B,35,R35-S23,STANDARD,AVAILABLE,0
SEC_STD01_B_R35_S24,SEC_STD01_B,35,R35-S24,STANDARD,AVAILABLE,0
SEC_STD01_B_R35_S25,SEC_STD01_B,35,R35-S25,STANDARD,AVAILABLE,0
SEC_STD01_B_R35_S26,SEC_STD01_B,35,R35-S26,STANDARD,AVAILABLE,0
SEC_STD01_B_R35_S27,SEC_STD01_B,35,R35-S27,STANDARD,AVAILABLE,0
SEC_STD01_B_R35_S28,SEC_STD01_B,35,R35-S28,STANDARD,AVAILABLE,0
SEC_STD01_B_R35_S29,SEC_STD01_B,35,R35-S29,STANDARD,AVAILABLE,0
SEC_STD01_B_R35_S30,SEC_STD01_B,35,R35-S30,STANDARD,AVAILABLE,0
SEC_STD01_B_R35_S31,SEC_STD01_B,35,R35-S31,STANDARD,AVAILABLE,0
SEC_STD01_B_R35_S32,SEC_STD01_B,35,R35-S32,STANDARD,AVAILABLE,0
SEC_STD01_B_R35_S33,SEC_STD01_B,35,R35-S33,STANDARD,AVAILABLE,0
SEC_STD01_B_R35_S34,SEC_STD01_B,35,R35-S34,STANDARD,AVAILABLE,0
SEC_STD01_B_R35_S35,SEC_STD01_B,35,R35-S35,STANDARD,AVAILABLE,0
SEC_STD01_B_R35_S36,SEC_STD01_B,35,R35-S36,STANDARD,AVAILABLE,0
SEC_STD01_B_R35_S37,SEC_STD01_B,35,R35-S37,STANDARD,AVAILABLE,0
SEC_STD01_B_R35_S38,SEC_STD01_B,35,R35-S38,STANDARD,AVAILABLE,0
SEC_STD01_B_R35_S39,SEC_STD01_B,35,R35-S39,STANDARD,AVAILABLE,0
SEC_STD01_B_R35_S40,SEC_STD01_B,35,R35-S40,STANDARD,AVAILABLE,0
SEC_STD01_B_R35_S41,SEC_STD01_B,35,R35-S41,STANDARD,AVAILABLE,0
SEC_STD01_B_R35_S42,SEC_STD01_B,35,R35-S42,STANDARD,AVAILABLE,0
SEC_STD01_B_R35_S43,SEC_STD01_B,35,R35-S43,STANDARD,AVAILABLE,0
SEC_STD01_B_R35_S44,SEC_STD01_B,35,R35-S44,STANDARD,AVAILABLE,0
SEC_STD01_B_R35_S45,SEC_STD01_B,35,R35-S45,STANDARD,AVAILABLE,0
SEC_STD01_B_R35_S46,SEC_STD01_B,35,R35-S46,STANDARD,AVAILABLE,0
SEC_STD01_B_R35_S47,SEC_STD01_B,35,R35-S47,STANDARD,AVAILABLE,0
SEC_STD01_B_R35_S48,SEC_STD01_B,35,R35-S48,STANDARD,AVAILABLE,0
SEC_STD01_B_R35_S49,SEC_STD01_B,35,R35-S49,STANDARD,AVAILABLE,0
SEC_STD01_B_R35_S50,SEC_STD01_B,35,R35-S50,STANDARD,AVAILABLE,0
SEC_STD01_B_R35_S51,SEC_STD01_B,35,R35-S51,STANDARD,AVAILABLE,0
SEC_STD01_B_R35_S52,SEC_STD01_B,35,R35-S52,STANDARD,AVAILABLE,0
SEC_STD01_B_R35_S53,SEC_STD01_B,35,R35-S53,STANDARD,AVAILABLE,0
SEC_STD01_B_R35_S54,SEC_STD01_B,35,R35-S54,STANDARD,AVAILABLE,0
SEC_STD01_B_R35_S55,SEC_STD01_B,35,R35-S55,STANDARD,AVAILABLE,0
SEC_STD01_B_R35_S56,SEC_STD01_B,35,R35-S56,STANDARD,AVAILABLE,0
SEC_STD01_B_R35_S57,SEC_STD01_B,35,R35-S57,STANDARD,AVAILABLE,0
SEC_STD01_B_R35_S58,SEC_STD01_B,35,R35-S58,STANDARD,AVAILABLE,0
SEC_STD01_B_R35_S59,SEC_STD01_B,35,R35-S59,STANDARD,AVAILABLE,0
SEC_STD01_B_R35_S60,SEC_STD01_B,35,R35-S60,STANDARD,AVAILABLE,0
SEC_STD01_B_R36_S01,SEC_STD01_B,36,R36-S01,STANDARD,AVAILABLE,0
SEC_STD01_B_R36_S02,SEC_STD01_B,36,R36-S02,STANDARD,AVAILABLE,0
SEC_STD01_B_R36_S03,SEC_STD01_B,36,R36-S03,STANDARD,AVAILABLE,0
SEC_STD01_B_R36_S04,SEC_STD01_B,36,R36-S04,STANDARD,AVAILABLE,0
SEC_STD01_B_R36_S05,SEC_STD01_B,36,R36-S05,STANDARD,AVAILABLE,0
SEC_STD01_B_R36_S06,SEC_STD01_B,36,R36-S06,STANDARD,AVAILABLE,0
SEC_STD01_B_R36_S07,SEC_STD01_B,36,R36-S07,STANDARD,AVAILABLE,0
SEC_STD01_B_R36_S08,SEC_STD01_B,36,R36-S08,STANDARD,AVAILABLE,0
SEC_STD01_B_R36_S09,SEC_STD01_B,36,R36-S09,STANDARD,AVAILABLE,0
SEC_STD01_B_R36_S10,SEC_STD01_B,36,R36-S10,STANDARD,AVAILABLE,0
SEC_STD01_B_R36_S11,SEC_STD01_B,36,R36-S11,STANDARD,AVAILABLE,0
SEC_STD01_B_R36_S12,SEC_STD01_B,36,R36-S12,STANDARD,AVAILABLE,0
SEC_STD01_B_R36_S13,SEC_STD01_B,36,R36-S13,STANDARD,AVAILABLE,0
SEC_STD01_B_R36_S14,SEC_STD01_B,36,R36-S14,STANDARD,AVAILABLE,0
SEC_STD01_B_R36_S15,SEC_STD01_B,36,R36-S15,STANDARD,AVAILABLE,0
SEC_STD01_B_R36_S16,SEC_STD01_B,36,R36-S16,STANDARD,AVAILABLE,0
SEC_STD01_B_R36_S17,SEC_STD01_B,36,R36-S17,STANDARD,AVAILABLE,0
SEC_STD01_B_R36_S18,SEC_STD01_B,36,R36-S18,STANDARD,AVAILABLE,0
SEC_STD01_B_R36_S19,SEC_STD01_B,36,R36-S19,STANDARD,AVAILABLE,0
SEC_STD01_B_R36_S20,SEC_STD01_B,36,R36-S20,STANDARD,AVAILABLE,0
SEC_STD01_B_R36_S21,SEC_STD01_B,36,R36-S21,STANDARD,AVAILABLE,0
SEC_STD01_B_R36_S22,SEC_STD01_B,36,R36-S22,STANDARD,AVAILABLE,0
SEC_STD01_B_R36_S23,SEC_STD01_B,36,R36-S23,STANDARD,AVAILABLE,0
SEC_STD01_B_R36_S24,SEC_STD01_B,36,R36-S24,STANDARD,AVAILABLE,0
SEC_STD01_B_R36_S25,SEC_STD01_B,36,R36-S25,STANDARD,AVAILABLE,0
SEC_STD01_B_R36_S26,SEC_STD01_B,36,R36-S26,STANDARD,AVAILABLE,0
SEC_STD01_B_R36_S27,SEC_STD01_B,36,R36-S27,STANDARD,AVAILABLE,0
SEC_STD01_B_R36_S28,SEC_STD01_B,36,R36-S28,STANDARD,AVAILABLE,0
SEC_STD01_B_R36_S29,SEC_STD01_B,36,R36-S29,STANDARD,AVAILABLE,0
SEC_STD01_B_R36_S30,SEC_STD01_B,36,R36-S30,STANDARD,AVAILABLE,0
SEC_STD01_B_R36_S31,SEC_STD01_B,36,R36-S31,STANDARD,AVAILABLE,0
SEC_STD01_B_R36_S32,SEC_STD01_B,36,R36-S32,STANDARD,AVAILABLE,0
SEC_STD01_B_R36_S33,SEC_STD01_B,36,R36-S33,STANDARD,AVAILABLE,0
SEC_STD01_B_R36_S34,SEC_STD01_B,36,R36-S34,STANDARD,AVAILABLE,0
SEC_STD01_B_R36_S35,SEC_STD01_B,36,R36-S35,STANDARD,AVAILABLE,0
SEC_STD01_B_R36_S36,SEC_STD01_B,36,R36-S36,STANDARD,AVAILABLE,0
SEC_STD01_B_R36_S37,SEC_STD01_B,36,R36-S37,STANDARD,AVAILABLE,0
SEC_STD01_B_R36_S38,SEC_STD01_B,36,R36-S38,STANDARD,AVAILABLE,0
SEC_STD01_B_R36_S39,SEC_STD01_B,36,R36-S39,STANDARD,AVAILABLE,0
SEC_STD01_B_R36_S40,SEC_STD01_B,36,R36-S40,STANDARD,AVAILABLE,0
SEC_STD01_B_R36_S41,SEC_STD01_B,36,R36-S41,STANDARD,AVAILABLE,0
SEC_STD01_B_R36_S42,SEC_STD01_B,36,R36-S42,STANDARD,AVAILABLE,0
SEC_STD01_B_R36_S43,SEC_STD01_B,36,R36-S43,STANDARD,AVAILABLE,0
SEC_STD01_B_R36_S44,SEC_STD01_B,36,R36-S44,STANDARD,AVAILABLE,0
SEC_STD01_B_R36_S45,SEC_STD01_B,36,R36-S45,STANDARD,AVAILABLE,0
SEC_STD01_B_R36_S46,SEC_STD01_B,36,R36-S46,STANDARD,AVAILABLE,0
SEC_STD01_B_R36_S47,SEC_STD01_B,36,R36-S47,STANDARD,AVAILABLE,0
SEC_STD01_B_R36_S48,SEC_STD01_B,36,R36-S48,STANDARD,AVAILABLE,0
SEC_STD01_B_R36_S49,SEC_STD01_B,36,R36-S49,STANDARD,AVAILABLE,0
SEC_STD01_B_R36_S50,SEC_STD01_B,36,R36-S50,STANDARD,AVAILABLE,0
SEC_STD01_B_R36_S51,SEC_STD01_B,36,R36-S51,STANDARD,AVAILABLE,0
SEC_STD01_B_R36_S52,SEC_STD01_B,36,R36-S52,STANDARD,AVAILABLE,0
SEC_STD01_B_R36_S53,SEC_STD01_B,36,R36-S53,STANDARD,AVAILABLE,0
SEC_STD01_B_R36_S54,SEC_STD01_B,36,R36-S54,STANDARD,AVAILABLE,0
SEC_STD01_B_R36_S55,SEC_STD01_B,36,R36-S55,STANDARD,AVAILABLE,0
SEC_STD01_B_R36_S56,SEC_STD01_B,36,R36-S56,STANDARD,AVAILABLE,0
SEC_STD01_B_R36_S57,SEC_STD01_B,36,R36-S57,STANDARD,AVAILABLE,0
SEC_STD01_B_R36_S58,SEC_STD01_B,36,R36-S58,STANDARD,AVAILABLE,0
SEC_STD01_B_R36_S59,SEC_STD01_B,36,R36-S59,STANDARD,AVAILABLE,0
SEC_STD01_B_R36_S60,SEC_STD01_B,36,R36-S60,STANDARD,AVAILABLE,0
SEC_STD01_B_R37_S01,SEC_STD01_B,37,R37-S01,STANDARD,AVAILABLE,0
SEC_STD01_B_R37_S02,SEC_STD01_B,37,R37-S02,STANDARD,AVAILABLE,0
SEC_STD01_B_R37_S03,SEC_STD01_B,37,R37-S03,STANDARD,AVAILABLE,0
SEC_STD01_B_R37_S04,SEC_STD01_B,37,R37-S04,STANDARD,AVAILABLE,0
SEC_STD01_B_R37_S05,SEC_STD01_B,37,R37-S05,STANDARD,AVAILABLE,0
SEC_STD01_B_R37_S06,SEC_STD01_B,37,R37-S06,STANDARD,AVAILABLE,0
SEC_STD01_B_R37_S07,SEC_STD01_B,37,R37-S07,STANDARD,AVAILABLE,0
SEC_STD01_B_R37_S08,SEC_STD01_B,37,R37-S08,STANDARD,AVAILABLE,0
SEC_STD01_B_R37_S09,SEC_STD01_B,37,R37-S09,STANDARD,AVAILABLE,0
SEC_STD01_B_R37_S10,SEC_STD01_B,37,R37-S10,STANDARD,AVAILABLE,0
SEC_STD01_B_R37_S11,SEC_STD01_B,37,R37-S11,STANDARD,AVAILABLE,0
SEC_STD01_B_R37_S12,SEC_STD01_B,37,R37-S12,STANDARD,AVAILABLE,0
SEC_STD01_B_R37_S13,SEC_STD01_B,37,R37-S13,STANDARD,AVAILABLE,0
SEC_STD01_B_R37_S14,SEC_STD01_B,37,R37-S14,STANDARD,AVAILABLE,0
SEC_STD01_B_R37_S15,SEC_STD01_B,37,R37-S15,STANDARD,AVAILABLE,0
SEC_STD01_B_R37_S16,SEC_STD01_B,37,R37-S16,STANDARD,AVAILABLE,0
SEC_STD01_B_R37_S17,SEC_STD01_B,37,R37-S17,STANDARD,AVAILABLE,0
SEC_STD01_B_R37_S18,SEC_STD01_B,37,R37-S18,STANDARD,AVAILABLE,0
SEC_STD01_B_R37_S19,SEC_STD01_B,37,R37-S19,STANDARD,AVAILABLE,0
SEC_STD01_B_R37_S20,SEC_STD01_B,37,R37-S20,STANDARD,AVAILABLE,0
SEC_STD01_B_R37_S21,SEC_STD01_B,37,R37-S21,STANDARD,AVAILABLE,0
SEC_STD01_B_R37_S22,SEC_STD01_B,37,R37-S22,STANDARD,AVAILABLE,0
SEC_STD01_B_R37_S23,SEC_STD01_B,37,R37-S23,STANDARD,AVAILABLE,0
SEC_STD01_B_R37_S24,SEC_STD01_B,37,R37-S24,STANDARD,AVAILABLE,0
SEC_STD01_B_R37_S25,SEC_STD01_B,37,R37-S25,STANDARD,AVAILABLE,0
SEC_STD01_B_R37_S26,SEC_STD01_B,37,R37-S26,STANDARD,AVAILABLE,0
SEC_STD01_B_R37_S27,SEC_STD01_B,37,R37-S27,STANDARD,AVAILABLE,0
SEC_STD01_B_R37_S28,SEC_STD01_B,37,R37-S28,STANDARD,AVAILABLE,0
SEC_STD01_B_R37_S29,SEC_STD01_B,37,R37-S29,STANDARD,AVAILABLE,0
SEC_STD01_B_R37_S30,SEC_STD01_B,37,R37-S30,STANDARD,AVAILABLE,0
SEC_STD01_B_R37_S31,SEC_STD01_B,37,R37-S31,STANDARD,AVAILABLE,0
SEC_STD01_B_R37_S32,SEC_STD01_B,37,R37-S32,STANDARD,AVAILABLE,0
SEC_STD01_B_R37_S33,SEC_STD01_B,37,R37-S33,STANDARD,AVAILABLE,0
SEC_STD01_B_R37_S34,SEC_STD01_B,37,R37-S34,STANDARD,AVAILABLE,0
SEC_STD01_B_R37_S35,SEC_STD01_B,37,R37-S35,STANDARD,AVAILABLE,0
SEC_STD01_B_R37_S36,SEC_STD01_B,37,R37-S36,STANDARD,AVAILABLE,0
SEC_STD01_B_R37_S37,SEC_STD01_B,37,R37-S37,STANDARD,AVAILABLE,0
SEC_STD01_B_R37_S38,SEC_STD01_B,37,R37-S38,STANDARD,AVAILABLE,0
SEC_STD01_B_R37_S39,SEC_STD01_B,37,R37-S39,STANDARD,AVAILABLE,0
SEC_STD01_B_R37_S40,SEC_STD01_B,37,R37-S40,STANDARD,AVAILABLE,0
SEC_STD01_B_R37_S41,SEC_STD01_B,37,R37-S41,STANDARD,AVAILABLE,0
SEC_STD01_B_R37_S42,SEC_STD01_B,37,R37-S42,STANDARD,AVAILABLE,0
SEC_STD01_B_R37_S43,SEC_STD01_B,37,R37-S43,STANDARD,AVAILABLE,0
SEC_STD01_B_R37_S44,SEC_STD01_B,37,R37-S44,STANDARD,AVAILABLE,0
SEC_STD01_B_R37_S45,SEC_STD01_B,37,R37-S45,STANDARD,AVAILABLE,0
SEC_STD01_B_R37_S46,SEC_STD01_B,37,R37-S46,STANDARD,AVAILABLE,0
SEC_STD01_B_R37_S47,SEC_STD01_B,37,R37-S47,STANDARD,AVAILABLE,0
SEC_STD01_B_R37_S48,SEC_STD01_B,37,R37-S48,STANDARD,AVAILABLE,0
SEC_STD01_B_R37_S49,SEC_STD01_B,37,R37-S49,STANDARD,AVAILABLE,0
SEC_STD01_B_R37_S50,SEC_STD01_B,37,R37-S50,STANDARD,AVAILABLE,0
SEC_STD01_B_R37_S51,SEC_STD01_B,37,R37-S51,STANDARD,AVAILABLE,0
SEC_STD01_B_R37_S52,SEC_STD01_B,37,R37-S52,STANDARD,AVAILABLE,0
SEC_STD01_B_R37_S53,SEC_STD01_B,37,R37-S53,STANDARD,AVAILABLE,0
SEC_STD01_B_R37_S54,SEC_STD01_B,37,R37-S54,STANDARD,AVAILABLE,0
SEC_STD01_B_R37_S55,SEC_STD01_B,37,R37-S55,STANDARD,AVAILABLE,0
SEC_STD01_B_R37_S56,SEC_STD01_B,37,R37-S56,STANDARD,AVAILABLE,0
SEC_STD01_B_R37_S57,SEC_STD01_B,37,R37-S57,STANDARD,AVAILABLE,0
SEC_STD01_B_R37_S58,SEC_STD01_B,37,R37-S58,STANDARD,AVAILABLE,0
SEC_STD01_B_R37_S59,SEC_STD01_B,37,R37-S59,STANDARD,AVAILABLE,0
SEC_STD01_B_R37_S60,SEC_STD01_B,37,R37-S60,STANDARD,AVAILABLE,0
SEC_STD01_B_R38_S01,SEC_STD01_B,38,R38-S01,STANDARD,AVAILABLE,0
SEC_STD01_B_R38_S02,SEC_STD01_B,38,R38-S02,STANDARD,AVAILABLE,0
SEC_STD01_B_R38_S03,SEC_STD01_B,38,R38-S03,STANDARD,AVAILABLE,0
SEC_STD01_B_R38_S04,SEC_STD01_B,38,R38-S04,STANDARD,AVAILABLE,0
SEC_STD01_B_R38_S05,SEC_STD01_B,38,R38-S05,STANDARD,AVAILABLE,0
SEC_STD01_B_R38_S06,SEC_STD01_B,38,R38-S06,STANDARD,AVAILABLE,0
SEC_STD01_B_R38_S07,SEC_STD01_B,38,R38-S07,STANDARD,AVAILABLE,0
SEC_STD01_B_R38_S08,SEC_STD01_B,38,R38-S08,STANDARD,AVAILABLE,0
SEC_STD01_B_R38_S09,SEC_STD01_B,38,R38-S09,STANDARD,AVAILABLE,0
SEC_STD01_B_R38_S10,SEC_STD01_B,38,R38-S10,STANDARD,AVAILABLE,0
SEC_STD01_B_R38_S11,SEC_STD01_B,38,R38-S11,STANDARD,AVAILABLE,0
SEC_STD01_B_R38_S12,SEC_STD01_B,38,R38-S12,STANDARD,AVAILABLE,0
SEC_STD01_B_R38_S13,SEC_STD01_B,38,R38-S13,STANDARD,AVAILABLE,0
SEC_STD01_B_R38_S14,SEC_STD01_B,38,R38-S14,STANDARD,AVAILABLE,0
SEC_STD01_B_R38_S15,SEC_STD01_B,38,R38-S15,STANDARD,AVAILABLE,0
SEC_STD01_B_R38_S16,SEC_STD01_B,38,R38-S16,STANDARD,AVAILABLE,0
SEC_STD01_B_R38_S17,SEC_STD01_B,38,R38-S17,STANDARD,AVAILABLE,0
SEC_STD01_B_R38_S18,SEC_STD01_B,38,R38-S18,STANDARD,AVAILABLE,0
SEC_STD01_B_R38_S19,SEC_STD01_B,38,R38-S19,STANDARD,AVAILABLE,0
SEC_STD01_B_R38_S20,SEC_STD01_B,38,R38-S20,STANDARD,AVAILABLE,0
SEC_STD01_B_R38_S21,SEC_STD01_B,38,R38-S21,STANDARD,AVAILABLE,0
SEC_STD01_B_R38_S22,SEC_STD01_B,38,R38-S22,STANDARD,AVAILABLE,0
SEC_STD01_B_R38_S23,SEC_STD01_B,38,R38-S23,STANDARD,AVAILABLE,0
SEC_STD01_B_R38_S24,SEC_STD01_B,38,R38-S24,STANDARD,AVAILABLE,0
SEC_STD01_B_R38_S25,SEC_STD01_B,38,R38-S25,STANDARD,AVAILABLE,0
SEC_STD01_B_R38_S26,SEC_STD01_B,38,R38-S26,STANDARD,AVAILABLE,0
SEC_STD01_B_R38_S27,SEC_STD01_B,38,R38-S27,STANDARD,AVAILABLE,0
SEC_STD01_B_R38_S28,SEC_STD01_B,38,R38-S28,STANDARD,AVAILABLE,0
SEC_STD01_B_R38_S29,SEC_STD01_B,38,R38-S29,STANDARD,AVAILABLE,0
SEC_STD01_B_R38_S30,SEC_STD01_B,38,R38-S30,STANDARD,AVAILABLE,0
SEC_STD01_B_R38_S31,SEC_STD01_B,38,R38-S31,STANDARD,AVAILABLE,0
SEC_STD01_B_R38_S32,SEC_STD01_B,38,R38-S32,STANDARD,AVAILABLE,0
SEC_STD01_B_R38_S33,SEC_STD01_B,38,R38-S33,STANDARD,AVAILABLE,0
SEC_STD01_B_R38_S34,SEC_STD01_B,38,R38-S34,STANDARD,AVAILABLE,0
SEC_STD01_B_R38_S35,SEC_STD01_B,38,R38-S35,STANDARD,AVAILABLE,0
SEC_STD01_B_R38_S36,SEC_STD01_B,38,R38-S36,STANDARD,AVAILABLE,0
SEC_STD01_B_R38_S37,SEC_STD01_B,38,R38-S37,STANDARD,AVAILABLE,0
SEC_STD01_B_R38_S38,SEC_STD01_B,38,R38-S38,STANDARD,AVAILABLE,0
SEC_STD01_B_R38_S39,SEC_STD01_B,38,R38-S39,STANDARD,AVAILABLE,0
SEC_STD01_B_R38_S40,SEC_STD01_B,38,R38-S40,STANDARD,AVAILABLE,0
SEC_STD01_B_R38_S41,SEC_STD01_B,38,R38-S41,STANDARD,AVAILABLE,0
SEC_STD01_B_R38_S42,SEC_STD01_B,38,R38-S42,STANDARD,AVAILABLE,0
SEC_STD01_B_R38_S43,SEC_STD01_B,38,R38-S43,STANDARD,AVAILABLE,0
SEC_STD01_B_R38_S44,SEC_STD01_B,38,R38-S44,STANDARD,AVAILABLE,0
SEC_STD01_B_R38_S45,SEC_STD01_B,38,R38-S45,STANDARD,AVAILABLE,0
SEC_STD01_B_R38_S46,SEC_STD01_B,38,R38-S46,STANDARD,AVAILABLE,0
SEC_STD01_B_R38_S47,SEC_STD01_B,38,R38-S47,STANDARD,AVAILABLE,0
SEC_STD01_B_R38_S48,SEC_STD01_B,38,R38-S48,STANDARD,AVAILABLE,0
SEC_STD01_B_R38_S49,SEC_STD01_B,38,R38-S49,STANDARD,AVAILABLE,0
SEC_STD01_B_R38_S50,SEC_STD01_B,38,R38-S50,STANDARD,AVAILABLE,0
SEC_STD01_B_R38_S51,SEC_STD01_B,38,R38-S51,STANDARD,AVAILABLE,0
SEC_STD01_B_R38_S52,SEC_STD01_B,38,R38-S52,STANDARD,AVAILABLE,0
SEC_STD01_B_R38_S53,SEC_STD01_B,38,R38-S53,STANDARD,AVAILABLE,0
SEC_STD01_B_R38_S54,SEC_STD01_B,38,R38-S54,STANDARD,AVAILABLE,0
SEC_STD01_B_R38_S55,SEC_STD01_B,38,R38-S55,STANDARD,AVAILABLE,0
SEC_STD01_B_R38_S56,SEC_STD01_B,38,R38-S56,STANDARD,AVAILABLE,0
SEC_STD01_B_R38_S57,SEC_STD01_B,38,R38-S57,STANDARD,AVAILABLE,0
SEC_STD01_B_R38_S58,SEC_STD01_B,38,R38-S58,STANDARD,AVAILABLE,0
SEC_STD01_B_R38_S59,SEC_STD01_B,38,R38-S59,STANDARD,AVAILABLE,0
SEC_STD01_B_R38_S60,SEC_STD01_B,38,R38-S60,STANDARD,AVAILABLE,0
SEC_STD01_B_R39_S01,SEC_STD01_B,39,R39-S01,STANDARD,AVAILABLE,0
SEC_STD01_B_R39_S02,SEC_STD01_B,39,R39-S02,STANDARD,AVAILABLE,0
SEC_STD01_B_R39_S03,SEC_STD01_B,39,R39-S03,STANDARD,AVAILABLE,0
SEC_STD01_B_R39_S04,SEC_STD01_B,39,R39-S04,STANDARD,AVAILABLE,0
SEC_STD01_B_R39_S05,SEC_STD01_B,39,R39-S05,STANDARD,AVAILABLE,0
SEC_STD01_B_R39_S06,SEC_STD01_B,39,R39-S06,STANDARD,AVAILABLE,0
SEC_STD01_B_R39_S07,SEC_STD01_B,39,R39-S07,STANDARD,AVAILABLE,0
SEC_STD01_B_R39_S08,SEC_STD01_B,39,R39-S08,STANDARD,AVAILABLE,0
SEC_STD01_B_R39_S09,SEC_STD01_B,39,R39-S09,STANDARD,AVAILABLE,0
SEC_STD01_B_R39_S10,SEC_STD01_B,39,R39-S10,STANDARD,AVAILABLE,0
SEC_STD01_B_R39_S11,SEC_STD01_B,39,R39-S11,STANDARD,AVAILABLE,0
SEC_STD01_B_R39_S12,SEC_STD01_B,39,R39-S12,STANDARD,AVAILABLE,0
SEC_STD01_B_R39_S13,SEC_STD01_B,39,R39-S13,STANDARD,AVAILABLE,0
SEC_STD01_B_R39_S14,SEC_STD01_B,39,R39-S14,STANDARD,AVAILABLE,0
SEC_STD01_B_R39_S15,SEC_STD01_B,39,R39-S15,STANDARD,AVAILABLE,0
SEC_STD01_B_R39_S16,SEC_STD01_B,39,R39-S16,STANDARD,AVAILABLE,0
SEC_STD01_B_R39_S17,SEC_STD01_B,39,R39-S17,STANDARD,AVAILABLE,0
SEC_STD01_B_R39_S18,SEC_STD01_B,39,R39-S18,STANDARD,AVAILABLE,0
SEC_STD01_B_R39_S19,SEC_STD01_B,39,R39-S19,STANDARD,AVAILABLE,0
SEC_STD01_B_R39_S20,SEC_STD01_B,39,R39-S20,STANDARD,AVAILABLE,0
SEC_STD01_B_R39_S21,SEC_STD01_B,39,R39-S21,STANDARD,AVAILABLE,0
SEC_STD01_B_R39_S22,SEC_STD01_B,39,R39-S22,STANDARD,AVAILABLE,0
SEC_STD01_B_R39_S23,SEC_STD01_B,39,R39-S23,STANDARD,AVAILABLE,0
SEC_STD01_B_R39_S24,SEC_STD01_B,39,R39-S24,STANDARD,AVAILABLE,0
SEC_STD01_B_R39_S25,SEC_STD01_B,39,R39-S25,STANDARD,AVAILABLE,0
SEC_STD01_B_R39_S26,SEC_STD01_B,39,R39-S26,STANDARD,AVAILABLE,0
SEC_STD01_B_R39_S27,SEC_STD01_B,39,R39-S27,STANDARD,AVAILABLE,0
SEC_STD01_B_R39_S28,SEC_STD01_B,39,R39-S28,STANDARD,AVAILABLE,0
SEC_STD01_B_R39_S29,SEC_STD01_B,39,R39-S29,STANDARD,AVAILABLE,0
SEC_STD01_B_R39_S30,SEC_STD01_B,39,R39-S30,STANDARD,AVAILABLE,0
SEC_STD01_B_R39_S31,SEC_STD01_B,39,R39-S31,STANDARD,AVAILABLE,0
SEC_STD01_B_R39_S32,SEC_STD01_B,39,R39-S32,STANDARD,AVAILABLE,0
SEC_STD01_B_R39_S33,SEC_STD01_B,39,R39-S33,STANDARD,AVAILABLE,0
SEC_STD01_B_R39_S34,SEC_STD01_B,39,R39-S34,STANDARD,AVAILABLE,0
SEC_STD01_B_R39_S35,SEC_STD01_B,39,R39-S35,STANDARD,AVAILABLE,0
SEC_STD01_B_R39_S36,SEC_STD01_B,39,R39-S36,STANDARD,AVAILABLE,0
SEC_STD01_B_R39_S37,SEC_STD01_B,39,R39-S37,STANDARD,AVAILABLE,0
SEC_STD01_B_R39_S38,SEC_STD01_B,39,R39-S38,STANDARD,AVAILABLE,0
SEC_STD01_B_R39_S39,SEC_STD01_B,39,R39-S39,STANDARD,AVAILABLE,0
SEC_STD01_B_R39_S40,SEC_STD01_B,39,R39-S40,STANDARD,AVAILABLE,0
SEC_STD01_B_R39_S41,SEC_STD01_B,39,R39-S41,STANDARD,AVAILABLE,0
SEC_STD01_B_R39_S42,SEC_STD01_B,39,R39-S42,STANDARD,AVAILABLE,0
SEC_STD01_B_R39_S43,SEC_STD01_B,39,R39-S43,STANDARD,AVAILABLE,0
SEC_STD01_B_R39_S44,SEC_STD01_B,39,R39-S44,STANDARD,AVAILABLE,0
SEC_STD01_B_R39_S45,SEC_STD01_B,39,R39-S45,STANDARD,AVAILABLE,0
SEC_STD01_B_R39_S46,SEC_STD01_B,39,R39-S46,STANDARD,AVAILABLE,0
SEC_STD01_B_R39_S47,SEC_STD01_B,39,R39-S47,STANDARD,AVAILABLE,0
SEC_STD01_B_R39_S48,SEC_STD01_B,39,R39-S48,STANDARD,AVAILABLE,0
SEC_STD01_B_R39_S49,SEC_STD01_B,39,R39-S49,STANDARD,AVAILABLE,0
SEC_STD01_B_R39_S50,SEC_STD01_B,39,R39-S50,STANDARD,AVAILABLE,0
SEC_STD01_B_R39_S51,SEC_STD01_B,39,R39-S51,STANDARD,AVAILABLE,0
SEC_STD01_B_R39_S52,SEC_STD01_B,39,R39-S52,STANDARD,AVAILABLE,0
SEC_STD01_B_R39_S53,SEC_STD01_B,39,R39-S53,STANDARD,AVAILABLE,0
SEC_STD01_B_R39_S54,SEC_STD01_B,39,R39-S54,STANDARD,AVAILABLE,0
SEC_STD01_B_R39_S55,SEC_STD01_B,39,R39-S55,STANDARD,AVAILABLE,0
SEC_STD01_B_R39_S56,SEC_STD01_B,39,R39-S56,STANDARD,AVAILABLE,0
SEC_STD01_B_R39_S57,SEC_STD01_B,39,R39-S57,STANDARD,AVAILABLE,0
SEC_STD01_B_R39_S58,SEC_STD01_B,39,R39-S58,STANDARD,AVAILABLE,0
SEC_STD01_B_R39_S59,SEC_STD01_B,39,R39-S59,STANDARD,AVAILABLE,0
SEC_STD01_B_R39_S60,SEC_STD01_B,39,R39-S60,STANDARD,AVAILABLE,0
SEC_STD01_B_R40_S01,SEC_STD01_B,40,R40-S01,STANDARD,AVAILABLE,0
SEC_STD01_B_R40_S02,SEC_STD01_B,40,R40-S02,STANDARD,AVAILABLE,0
SEC_STD01_B_R40_S03,SEC_STD01_B,40,R40-S03,STANDARD,AVAILABLE,0
SEC_STD01_B_R40_S04,SEC_STD01_B,40,R40-S04,STANDARD,AVAILABLE,0
SEC_STD01_B_R40_S05,SEC_STD01_B,40,R40-S05,STANDARD,AVAILABLE,0
SEC_STD01_B_R40_S06,SEC_STD01_B,40,R40-S06,STANDARD,AVAILABLE,0
SEC_STD01_B_R40_S07,SEC_STD01_B,40,R40-S07,STANDARD,AVAILABLE,0
SEC_STD01_B_R40_S08,SEC_STD01_B,40,R40-S08,STANDARD,AVAILABLE,0
SEC_STD01_B_R40_S09,SEC_STD01_B,40,R40-S09,STANDARD,AVAILABLE,0
SEC_STD01_B_R40_S10,SEC_STD01_B,40,R40-S10,STANDARD,AVAILABLE,0
SEC_STD01_B_R40_S11,SEC_STD01_B,40,R40-S11,STANDARD,AVAILABLE,0
SEC_STD01_B_R40_S12,SEC_STD01_B,40,R40-S12,STANDARD,AVAILABLE,0
SEC_STD01_B_R40_S13,SEC_STD01_B,40,R40-S13,STANDARD,AVAILABLE,0
SEC_STD01_B_R40_S14,SEC_STD01_B,40,R40-S14,STANDARD,AVAILABLE,0
SEC_STD01_B_R40_S15,SEC_STD01_B,40,R40-S15,STANDARD,AVAILABLE,0
SEC_STD01_B_R40_S16,SEC_STD01_B,40,R40-S16,STANDARD,AVAILABLE,0
SEC_STD01_B_R40_S17,SEC_STD01_B,40,R40-S17,STANDARD,AVAILABLE,0
SEC_STD01_B_R40_S18,SEC_STD01_B,40,R40-S18,STANDARD,AVAILABLE,0
SEC_STD01_B_R40_S19,SEC_STD01_B,40,R40-S19,STANDARD,AVAILABLE,0
SEC_STD01_B_R40_S20,SEC_STD01_B,40,R40-S20,STANDARD,AVAILABLE,0
SEC_STD01_B_R40_S21,SEC_STD01_B,40,R40-S21,STANDARD,AVAILABLE,0
SEC_STD01_B_R40_S22,SEC_STD01_B,40,R40-S22,STANDARD,AVAILABLE,0
SEC_STD01_B_R40_S23,SEC_STD01_B,40,R40-S23,STANDARD,AVAILABLE,0
SEC_STD01_B_R40_S24,SEC_STD01_B,40,R40-S24,STANDARD,AVAILABLE,0
SEC_STD01_B_R40_S25,SEC_STD01_B,40,R40-S25,STANDARD,AVAILABLE,0
SEC_STD01_B_R40_S26,SEC_STD01_B,40,R40-S26,STANDARD,AVAILABLE,0
SEC_STD01_B_R40_S27,SEC_STD01_B,40,R40-S27,STANDARD,AVAILABLE,0
SEC_STD01_B_R40_S28,SEC_STD01_B,40,R40-S28,STANDARD,AVAILABLE,0
SEC_STD01_B_R40_S29,SEC_STD01_B,40,R40-S29,STANDARD,AVAILABLE,0
SEC_STD01_B_R40_S30,SEC_STD01_B,40,R40-S30,STANDARD,AVAILABLE,0
SEC_STD01_B_R40_S31,SEC_STD01_B,40,R40-S31,STANDARD,AVAILABLE,0
SEC_STD01_B_R40_S32,SEC_STD01_B,40,R40-S32,STANDARD,AVAILABLE,0
SEC_STD01_B_R40_S33,SEC_STD01_B,40,R40-S33,STANDARD,AVAILABLE,0
SEC_STD01_B_R40_S34,SEC_STD01_B,40,R40-S34,STANDARD,AVAILABLE,0
SEC_STD01_B_R40_S35,SEC_STD01_B,40,R40-S35,STANDARD,AVAILABLE,0
SEC_STD01_B_R40_S36,SEC_STD01_B,40,R40-S36,STANDARD,AVAILABLE,0
SEC_STD01_B_R40_S37,SEC_STD01_B,40,R40-S37,STANDARD,AVAILABLE,0
SEC_STD01_B_R40_S38,SEC_STD01_B,40,R40-S38,STANDARD,AVAILABLE,0
SEC_STD01_B_R40_S39,SEC_STD01_B,40,R40-S39,STANDARD,AVAILABLE,0
SEC_STD01_B_R40_S40,SEC_STD01_B,40,R40-S40,STANDARD,AVAILABLE,0
SEC_STD01_B_R40_S41,SEC_STD01_B,40,R40-S41,STANDARD,AVAILABLE,0
SEC_STD01_B_R40_S42,SEC_STD01_B,40,R40-S42,STANDARD,AVAILABLE,0
SEC_STD01_B_R40_S43,SEC_STD01_B,40,R40-S43,STANDARD,AVAILABLE,0
SEC_STD01_B_R40_S44,SEC_STD01_B,40,R40-S44,STANDARD,AVAILABLE,0
SEC_STD01_B_R40_S45,SEC_STD01_B,40,R40-S45,STANDARD,AVAILABLE,0
SEC_STD01_B_R40_S46,SEC_STD01_B,40,R40-S46,STANDARD,AVAILABLE,0
SEC_STD01_B_R40_S47,SEC_STD01_B,40,R40-S47,STANDARD,AVAILABLE,0
SEC_STD01_B_R40_S48,SEC_STD01_B,40,R40-S48,STANDARD,AVAILABLE,0
SEC_STD01_B_R40_S49,SEC_STD01_B,40,R40-S49,STANDARD,AVAILABLE,0
SEC_STD01_B_R40_S50,SEC_STD01_B,40,R40-S50,STANDARD,AVAILABLE,0
SEC_STD01_B_R40_S51,SEC_STD01_B,40,R40-S51,STANDARD,AVAILABLE,0
SEC_STD01_B_R40_S52,SEC_STD01_B,40,R40-S52,STANDARD,AVAILABLE,0
SEC_STD01_B_R40_S53,SEC_STD01_B,40,R40-S53,STANDARD,AVAILABLE,0
SEC_STD01_B_R40_S54,SEC_STD01_B,40,R40-S54,STANDARD,AVAILABLE,0
SEC_STD01_B_R40_S55,SEC_STD01_B,40,R40-S55,STANDARD,AVAILABLE,0
SEC_STD01_B_R40_S56,SEC_STD01_B,40,R40-S56,STANDARD,AVAILABLE,0
SEC_STD01_B_R40_S57,SEC_STD01_B,40,R40-S57,STANDARD,AVAILABLE,0
SEC_STD01_B_R40_S58,SEC_STD01_B,40,R40-S58,STANDARD,AVAILABLE,0
SEC_STD01_B_R40_S59,SEC_STD01_B,40,R40-S59,STANDARD,AVAILABLE,0
SEC_STD01_B_R40_S60,SEC_STD01_B,40,R40-S60,STANDARD,AVAILABLE,0
SEC_STD01_B_R41_S01,SEC_STD01_B,41,R41-S01,STANDARD,AVAILABLE,0
SEC_STD01_B_R41_S02,SEC_STD01_B,41,R41-S02,STANDARD,AVAILABLE,0
SEC_STD01_B_R41_S03,SEC_STD01_B,41,R41-S03,STANDARD,AVAILABLE,0
SEC_STD01_B_R41_S04,SEC_STD01_B,41,R41-S04,STANDARD,AVAILABLE,0
SEC_STD01_B_R41_S05,SEC_STD01_B,41,R41-S05,STANDARD,AVAILABLE,0
SEC_STD01_B_R41_S06,SEC_STD01_B,41,R41-S06,STANDARD,AVAILABLE,0
SEC_STD01_B_R41_S07,SEC_STD01_B,41,R41-S07,STANDARD,AVAILABLE,0
SEC_STD01_B_R41_S08,SEC_STD01_B,41,R41-S08,STANDARD,AVAILABLE,0
SEC_STD01_B_R41_S09,SEC_STD01_B,41,R41-S09,STANDARD,AVAILABLE,0
SEC_STD01_B_R41_S10,SEC_STD01_B,41,R41-S10,STANDARD,AVAILABLE,0
SEC_STD01_B_R41_S11,SEC_STD01_B,41,R41-S11,STANDARD,AVAILABLE,0
SEC_STD01_B_R41_S12,SEC_STD01_B,41,R41-S12,STANDARD,AVAILABLE,0
SEC_STD01_B_R41_S13,SEC_STD01_B,41,R41-S13,STANDARD,AVAILABLE,0
SEC_STD01_B_R41_S14,SEC_STD01_B,41,R41-S14,STANDARD,AVAILABLE,0
SEC_STD01_B_R41_S15,SEC_STD01_B,41,R41-S15,STANDARD,AVAILABLE,0
SEC_STD01_B_R41_S16,SEC_STD01_B,41,R41-S16,STANDARD,AVAILABLE,0
SEC_STD01_B_R41_S17,SEC_STD01_B,41,R41-S17,STANDARD,AVAILABLE,0
SEC_STD01_B_R41_S18,SEC_STD01_B,41,R41-S18,STANDARD,AVAILABLE,0
SEC_STD01_B_R41_S19,SEC_STD01_B,41,R41-S19,STANDARD,AVAILABLE,0
SEC_STD01_B_R41_S20,SEC_STD01_B,41,R41-S20,STANDARD,AVAILABLE,0
SEC_STD01_B_R41_S21,SEC_STD01_B,41,R41-S21,STANDARD,AVAILABLE,0
SEC_STD01_B_R41_S22,SEC_STD01_B,41,R41-S22,STANDARD,AVAILABLE,0
SEC_STD01_B_R41_S23,SEC_STD01_B,41,R41-S23,STANDARD,AVAILABLE,0
SEC_STD01_B_R41_S24,SEC_STD01_B,41,R41-S24,STANDARD,AVAILABLE,0
SEC_STD01_B_R41_S25,SEC_STD01_B,41,R41-S25,STANDARD,AVAILABLE,0
SEC_STD01_B_R41_S26,SEC_STD01_B,41,R41-S26,STANDARD,AVAILABLE,0
SEC_STD01_B_R41_S27,SEC_STD01_B,41,R41-S27,STANDARD,AVAILABLE,0
SEC_STD01_B_R41_S28,SEC_STD01_B,41,R41-S28,STANDARD,AVAILABLE,0
SEC_STD01_B_R41_S29,SEC_STD01_B,41,R41-S29,STANDARD,AVAILABLE,0
SEC_STD01_B_R41_S30,SEC_STD01_B,41,R41-S30,STANDARD,AVAILABLE,0
SEC_STD01_B_R41_S31,SEC_STD01_B,41,R41-S31,STANDARD,AVAILABLE,0
SEC_STD01_B_R41_S32,SEC_STD01_B,41,R41-S32,STANDARD,AVAILABLE,0
SEC_STD01_B_R41_S33,SEC_STD01_B,41,R41-S33,STANDARD,AVAILABLE,0
SEC_STD01_B_R41_S34,SEC_STD01_B,41,R41-S34,STANDARD,AVAILABLE,0
SEC_STD01_B_R41_S35,SEC_STD01_B,41,R41-S35,STANDARD,AVAILABLE,0
SEC_STD01_B_R41_S36,SEC_STD01_B,41,R41-S36,STANDARD,AVAILABLE,0
SEC_STD01_B_R41_S37,SEC_STD01_B,41,R41-S37,STANDARD,AVAILABLE,0
SEC_STD01_B_R41_S38,SEC_STD01_B,41,R41-S38,STANDARD,AVAILABLE,0
SEC_STD01_B_R41_S39,SEC_STD01_B,41,R41-S39,STANDARD,AVAILABLE,0
SEC_STD01_B_R41_S40,SEC_STD01_B,41,R41-S40,STANDARD,AVAILABLE,0
SEC_STD01_B_R41_S41,SEC_STD01_B,41,R41-S41,STANDARD,AVAILABLE,0
SEC_STD01_B_R41_S42,SEC_STD01_B,41,R41-S42,STANDARD,AVAILABLE,0
SEC_STD01_B_R41_S43,SEC_STD01_B,41,R41-S43,STANDARD,AVAILABLE,0
SEC_STD01_B_R41_S44,SEC_STD01_B,41,R41-S44,STANDARD,AVAILABLE,0
SEC_STD01_B_R41_S45,SEC_STD01_B,41,R41-S45,STANDARD,AVAILABLE,0
SEC_STD01_B_R41_S46,SEC_STD01_B,41,R41-S46,STANDARD,AVAILABLE,0
SEC_STD01_B_R41_S47,SEC_STD01_B,41,R41-S47,STANDARD,AVAILABLE,0
SEC_STD01_B_R41_S48,SEC_STD01_B,41,R41-S48,STANDARD,AVAILABLE,0
SEC_STD01_B_R41_S49,SEC_STD01_B,41,R41-S49,STANDARD,AVAILABLE,0
SEC_STD01_B_R41_S50,SEC_STD01_B,41,R41-S50,STANDARD,AVAILABLE,0
SEC_STD01_B_R41_S51,SEC_STD01_B,41,R41-S51,STANDARD,AVAILABLE,0
SEC_STD01_B_R41_S52,SEC_STD01_B,41,R41-S52,STANDARD,AVAILABLE,0
SEC_STD01_B_R41_S53,SEC_STD01_B,41,R41-S53,STANDARD,AVAILABLE,0
SEC_STD01_B_R41_S54,SEC_STD01_B,41,R41-S54,STANDARD,AVAILABLE,0
SEC_STD01_B_R41_S55,SEC_STD01_B,41,R41-S55,STANDARD,AVAILABLE,0
SEC_STD01_B_R41_S56,SEC_STD01_B,41,R41-S56,STANDARD,AVAILABLE,0
SEC_STD01_B_R41_S57,SEC_STD01_B,41,R41-S57,STANDARD,AVAILABLE,0
SEC_STD01_B_R41_S58,SEC_STD01_B,41,R41-S58,STANDARD,AVAILABLE,0
SEC_STD01_B_R41_S59,SEC_STD01_B,41,R41-S59,STANDARD,AVAILABLE,0
SEC_STD01_B_R41_S60,SEC_STD01_B,41,R41-S60,STANDARD,AVAILABLE,0
SEC_STD01_B_R42_S01,SEC_STD01_B,42,R42-S01,STANDARD,AVAILABLE,0
SEC_STD01_B_R42_S02,SEC_STD01_B,42,R42-S02,STANDARD,AVAILABLE,0
SEC_STD01_B_R42_S03,SEC_STD01_B,42,R42-S03,STANDARD,AVAILABLE,0
SEC_STD01_B_R42_S04,SEC_STD01_B,42,R42-S04,STANDARD,AVAILABLE,0
SEC_STD01_B_R42_S05,SEC_STD01_B,42,R42-S05,STANDARD,AVAILABLE,0
SEC_STD01_B_R42_S06,SEC_STD01_B,42,R42-S06,STANDARD,AVAILABLE,0
SEC_STD01_B_R42_S07,SEC_STD01_B,42,R42-S07,STANDARD,AVAILABLE,0
SEC_STD01_B_R42_S08,SEC_STD01_B,42,R42-S08,STANDARD,AVAILABLE,0
SEC_STD01_B_R42_S09,SEC_STD01_B,42,R42-S09,STANDARD,AVAILABLE,0
SEC_STD01_B_R42_S10,SEC_STD01_B,42,R42-S10,STANDARD,AVAILABLE,0
SEC_STD01_B_R42_S11,SEC_STD01_B,42,R42-S11,STANDARD,AVAILABLE,0
SEC_STD01_B_R42_S12,SEC_STD01_B,42,R42-S12,STANDARD,AVAILABLE,0
SEC_STD01_B_R42_S13,SEC_STD01_B,42,R42-S13,STANDARD,AVAILABLE,0
SEC_STD01_B_R42_S14,SEC_STD01_B,42,R42-S14,STANDARD,AVAILABLE,0
SEC_STD01_B_R42_S15,SEC_STD01_B,42,R42-S15,STANDARD,AVAILABLE,0
SEC_STD01_B_R42_S16,SEC_STD01_B,42,R42-S16,STANDARD,AVAILABLE,0
SEC_STD01_B_R42_S17,SEC_STD01_B,42,R42-S17,STANDARD,AVAILABLE,0
SEC_STD01_B_R42_S18,SEC_STD01_B,42,R42-S18,STANDARD,AVAILABLE,0
SEC_STD01_B_R42_S19,SEC_STD01_B,42,R42-S19,STANDARD,AVAILABLE,0
SEC_STD01_B_R42_S20,SEC_STD01_B,42,R42-S20,STANDARD,AVAILABLE,0
SEC_STD01_B_R42_S21,SEC_STD01_B,42,R42-S21,STANDARD,AVAILABLE,0
SEC_STD01_B_R42_S22,SEC_STD01_B,42,R42-S22,STANDARD,AVAILABLE,0
SEC_STD01_B_R42_S23,SEC_STD01_B,42,R42-S23,STANDARD,AVAILABLE,0
SEC_STD01_B_R42_S24,SEC_STD01_B,42,R42-S24,STANDARD,AVAILABLE,0
SEC_STD01_B_R42_S25,SEC_STD01_B,42,R42-S25,STANDARD,AVAILABLE,0
SEC_STD01_B_R42_S26,SEC_STD01_B,42,R42-S26,STANDARD,AVAILABLE,0
SEC_STD01_B_R42_S27,SEC_STD01_B,42,R42-S27,STANDARD,AVAILABLE,0
SEC_STD01_B_R42_S28,SEC_STD01_B,42,R42-S28,STANDARD,AVAILABLE,0
SEC_STD01_B_R42_S29,SEC_STD01_B,42,R42-S29,STANDARD,AVAILABLE,0
SEC_STD01_B_R42_S30,SEC_STD01_B,42,R42-S30,STANDARD,AVAILABLE,0
SEC_STD01_B_R42_S31,SEC_STD01_B,42,R42-S31,STANDARD,AVAILABLE,0
SEC_STD01_B_R42_S32,SEC_STD01_B,42,R42-S32,STANDARD,AVAILABLE,0
SEC_STD01_B_R42_S33,SEC_STD01_B,42,R42-S33,STANDARD,AVAILABLE,0
SEC_STD01_B_R42_S34,SEC_STD01_B,42,R42-S34,STANDARD,AVAILABLE,0
SEC_STD01_B_R42_S35,SEC_STD01_B,42,R42-S35,STANDARD,AVAILABLE,0
SEC_STD01_B_R42_S36,SEC_STD01_B,42,R42-S36,STANDARD,AVAILABLE,0
SEC_STD01_B_R42_S37,SEC_STD01_B,42,R42-S37,STANDARD,AVAILABLE,0
SEC_STD01_B_R42_S38,SEC_STD01_B,42,R42-S38,STANDARD,AVAILABLE,0
SEC_STD01_B_R42_S39,SEC_STD01_B,42,R42-S39,STANDARD,AVAILABLE,0
SEC_STD01_B_R42_S40,SEC_STD01_B,42,R42-S40,STANDARD,AVAILABLE,0
SEC_STD01_B_R42_S41,SEC_STD01_B,42,R42-S41,STANDARD,AVAILABLE,0
SEC_STD01_B_R42_S42,SEC_STD01_B,42,R42-S42,STANDARD,AVAILABLE,0
SEC_STD01_B_R42_S43,SEC_STD01_B,42,R42-S43,STANDARD,AVAILABLE,0
SEC_STD01_B_R42_S44,SEC_STD01_B,42,R42-S44,STANDARD,AVAILABLE,0
SEC_STD01_B_R42_S45,SEC_STD01_B,42,R42-S45,STANDARD,AVAILABLE,0
SEC_STD01_B_R42_S46,SEC_STD01_B,42,R42-S46,STANDARD,AVAILABLE,0
SEC_STD01_B_R42_S47,SEC_STD01_B,42,R42-S47,STANDARD,AVAILABLE,0
SEC_STD01_B_R42_S48,SEC_STD01_B,42,R42-S48,STANDARD,AVAILABLE,0
SEC_STD01_B_R42_S49,SEC_STD01_B,42,R42-S49,STANDARD,AVAILABLE,0
SEC_STD01_B_R42_S50,SEC_STD01_B,42,R42-S50,STANDARD,AVAILABLE,0
SEC_STD01_B_R42_S51,SEC_STD01_B,42,R42-S51,STANDARD,AVAILABLE,0
SEC_STD01_B_R42_S52,SEC_STD01_B,42,R42-S52,STANDARD,AVAILABLE,0
SEC_STD01_B_R42_S53,SEC_STD01_B,42,R42-S53,STANDARD,AVAILABLE,0
SEC_STD01_B_R42_S54,SEC_STD01_B,42,R42-S54,STANDARD,AVAILABLE,0
SEC_STD01_B_R42_S55,SEC_STD01_B,42,R42-S55,STANDARD,AVAILABLE,0
SEC_STD01_B_R42_S56,SEC_STD01_B,42,R42-S56,STANDARD,AVAILABLE,0
SEC_STD01_B_R42_S57,SEC_STD01_B,42,R42-S57,STANDARD,AVAILABLE,0
SEC_STD01_B_R42_S58,SEC_STD01_B,42,R42-S58,STANDARD,AVAILABLE,0
SEC_STD01_B_R42_S59,SEC_STD01_B,42,R42-S59,STANDARD,AVAILABLE,0
SEC_STD01_B_R42_S60,SEC_STD01_B,42,R42-S60,STANDARD,AVAILABLE,0
SEC_STD01_B_R43_S01,SEC_STD01_B,43,R43-S01,STANDARD,AVAILABLE,0
SEC_STD01_B_R43_S02,SEC_STD01_B,43,R43-S02,STANDARD,AVAILABLE,0
SEC_STD01_B_R43_S03,SEC_STD01_B,43,R43-S03,STANDARD,AVAILABLE,0
SEC_STD01_B_R43_S04,SEC_STD01_B,43,R43-S04,STANDARD,AVAILABLE,0
SEC_STD01_B_R43_S05,SEC_STD01_B,43,R43-S05,STANDARD,AVAILABLE,0
SEC_STD01_B_R43_S06,SEC_STD01_B,43,R43-S06,STANDARD,AVAILABLE,0
SEC_STD01_B_R43_S07,SEC_STD01_B,43,R43-S07,STANDARD,AVAILABLE,0
SEC_STD01_B_R43_S08,SEC_STD01_B,43,R43-S08,STANDARD,AVAILABLE,0
SEC_STD01_B_R43_S09,SEC_STD01_B,43,R43-S09,STANDARD,AVAILABLE,0
SEC_STD01_B_R43_S10,SEC_STD01_B,43,R43-S10,STANDARD,AVAILABLE,0
SEC_STD01_B_R43_S11,SEC_STD01_B,43,R43-S11,STANDARD,AVAILABLE,0
SEC_STD01_B_R43_S12,SEC_STD01_B,43,R43-S12,STANDARD,AVAILABLE,0
SEC_STD01_B_R43_S13,SEC_STD01_B,43,R43-S13,STANDARD,AVAILABLE,0
SEC_STD01_B_R43_S14,SEC_STD01_B,43,R43-S14,STANDARD,AVAILABLE,0
SEC_STD01_B_R43_S15,SEC_STD01_B,43,R43-S15,STANDARD,AVAILABLE,0
SEC_STD01_B_R43_S16,SEC_STD01_B,43,R43-S16,STANDARD,AVAILABLE,0
SEC_STD01_B_R43_S17,SEC_STD01_B,43,R43-S17,STANDARD,AVAILABLE,0
SEC_STD01_B_R43_S18,SEC_STD01_B,43,R43-S18,STANDARD,AVAILABLE,0
SEC_STD01_B_R43_S19,SEC_STD01_B,43,R43-S19,STANDARD,AVAILABLE,0
SEC_STD01_B_R43_S20,SEC_STD01_B,43,R43-S20,STANDARD,AVAILABLE,0
SEC_STD01_B_R43_S21,SEC_STD01_B,43,R43-S21,STANDARD,AVAILABLE,0
SEC_STD01_B_R43_S22,SEC_STD01_B,43,R43-S22,STANDARD,AVAILABLE,0
SEC_STD01_B_R43_S23,SEC_STD01_B,43,R43-S23,STANDARD,AVAILABLE,0
SEC_STD01_B_R43_S24,SEC_STD01_B,43,R43-S24,STANDARD,AVAILABLE,0
SEC_STD01_B_R43_S25,SEC_STD01_B,43,R43-S25,STANDARD,AVAILABLE,0
SEC_STD01_B_R43_S26,SEC_STD01_B,43,R43-S26,STANDARD,AVAILABLE,0
SEC_STD01_B_R43_S27,SEC_STD01_B,43,R43-S27,STANDARD,AVAILABLE,0
SEC_STD01_B_R43_S28,SEC_STD01_B,43,R43-S28,STANDARD,AVAILABLE,0
SEC_STD01_B_R43_S29,SEC_STD01_B,43,R43-S29,STANDARD,AVAILABLE,0
SEC_STD01_B_R43_S30,SEC_STD01_B,43,R43-S30,STANDARD,AVAILABLE,0
SEC_STD01_B_R43_S31,SEC_STD01_B,43,R43-S31,STANDARD,AVAILABLE,0
SEC_STD01_B_R43_S32,SEC_STD01_B,43,R43-S32,STANDARD,AVAILABLE,0
SEC_STD01_B_R43_S33,SEC_STD01_B,43,R43-S33,STANDARD,AVAILABLE,0
SEC_STD01_B_R43_S34,SEC_STD01_B,43,R43-S34,STANDARD,AVAILABLE,0
SEC_STD01_B_R43_S35,SEC_STD01_B,43,R43-S35,STANDARD,AVAILABLE,0
SEC_STD01_B_R43_S36,SEC_STD01_B,43,R43-S36,STANDARD,AVAILABLE,0
SEC_STD01_B_R43_S37,SEC_STD01_B,43,R43-S37,STANDARD,AVAILABLE,0
SEC_STD01_B_R43_S38,SEC_STD01_B,43,R43-S38,STANDARD,AVAILABLE,0
SEC_STD01_B_R43_S39,SEC_STD01_B,43,R43-S39,STANDARD,AVAILABLE,0
SEC_STD01_B_R43_S40,SEC_STD01_B,43,R43-S40,STANDARD,AVAILABLE,0
SEC_STD01_B_R43_S41,SEC_STD01_B,43,R43-S41,STANDARD,AVAILABLE,0
SEC_STD01_B_R43_S42,SEC_STD01_B,43,R43-S42,STANDARD,AVAILABLE,0
SEC_STD01_B_R43_S43,SEC_STD01_B,43,R43-S43,STANDARD,AVAILABLE,0
SEC_STD01_B_R43_S44,SEC_STD01_B,43,R43-S44,STANDARD,AVAILABLE,0
SEC_STD01_B_R43_S45,SEC_STD01_B,43,R43-S45,STANDARD,AVAILABLE,0
SEC_STD01_B_R43_S46,SEC_STD01_B,43,R43-S46,STANDARD,AVAILABLE,0
SEC_STD01_B_R43_S47,SEC_STD01_B,43,R43-S47,STANDARD,AVAILABLE,0
SEC_STD01_B_R43_S48,SEC_STD01_B,43,R43-S48,STANDARD,AVAILABLE,0
SEC_STD01_B_R43_S49,SEC_STD01_B,43,R43-S49,STANDARD,AVAILABLE,0
SEC_STD01_B_R43_S50,SEC_STD01_B,43,R43-S50,STANDARD,AVAILABLE,0
SEC_STD01_B_R43_S51,SEC_STD01_B,43,R43-S51,STANDARD,AVAILABLE,0
SEC_STD01_B_R43_S52,SEC_STD01_B,43,R43-S52,STANDARD,AVAILABLE,0
SEC_STD01_B_R43_S53,SEC_STD01_B,43,R43-S53,STANDARD,AVAILABLE,0
SEC_STD01_B_R43_S54,SEC_STD01_B,43,R43-S54,STANDARD,AVAILABLE,0
SEC_STD01_B_R43_S55,SEC_STD01_B,43,R43-S55,STANDARD,AVAILABLE,0
SEC_STD01_B_R43_S56,SEC_STD01_B,43,R43-S56,STANDARD,AVAILABLE,0
SEC_STD01_B_R43_S57,SEC_STD01_B,43,R43-S57,STANDARD,AVAILABLE,0
SEC_STD01_B_R43_S58,SEC_STD01_B,43,R43-S58,STANDARD,AVAILABLE,0
SEC_STD01_B_R43_S59,SEC_STD01_B,43,R43-S59,STANDARD,AVAILABLE,0
SEC_STD01_B_R43_S60,SEC_STD01_B,43,R43-S60,STANDARD,AVAILABLE,0
SEC_STD01_B_R44_S01,SEC_STD01_B,44,R44-S01,STANDARD,AVAILABLE,0
SEC_STD01_B_R44_S02,SEC_STD01_B,44,R44-S02,STANDARD,AVAILABLE,0
SEC_STD01_B_R44_S03,SEC_STD01_B,44,R44-S03,STANDARD,AVAILABLE,0
SEC_STD01_B_R44_S04,SEC_STD01_B,44,R44-S04,STANDARD,AVAILABLE,0
SEC_STD01_B_R44_S05,SEC_STD01_B,44,R44-S05,STANDARD,AVAILABLE,0
SEC_STD01_B_R44_S06,SEC_STD01_B,44,R44-S06,STANDARD,AVAILABLE,0
SEC_STD01_B_R44_S07,SEC_STD01_B,44,R44-S07,STANDARD,AVAILABLE,0
SEC_STD01_B_R44_S08,SEC_STD01_B,44,R44-S08,STANDARD,AVAILABLE,0
SEC_STD01_B_R44_S09,SEC_STD01_B,44,R44-S09,STANDARD,AVAILABLE,0
SEC_STD01_B_R44_S10,SEC_STD01_B,44,R44-S10,STANDARD,AVAILABLE,0
SEC_STD01_B_R44_S11,SEC_STD01_B,44,R44-S11,STANDARD,AVAILABLE,0
SEC_STD01_B_R44_S12,SEC_STD01_B,44,R44-S12,STANDARD,AVAILABLE,0
SEC_STD01_B_R44_S13,SEC_STD01_B,44,R44-S13,STANDARD,AVAILABLE,0
SEC_STD01_B_R44_S14,SEC_STD01_B,44,R44-S14,STANDARD,AVAILABLE,0
SEC_STD01_B_R44_S15,SEC_STD01_B,44,R44-S15,STANDARD,AVAILABLE,0
SEC_STD01_B_R44_S16,SEC_STD01_B,44,R44-S16,STANDARD,AVAILABLE,0
SEC_STD01_B_R44_S17,SEC_STD01_B,44,R44-S17,STANDARD,AVAILABLE,0
SEC_STD01_B_R44_S18,SEC_STD01_B,44,R44-S18,STANDARD,AVAILABLE,0
SEC_STD01_B_R44_S19,SEC_STD01_B,44,R44-S19,STANDARD,AVAILABLE,0
SEC_STD01_B_R44_S20,SEC_STD01_B,44,R44-S20,STANDARD,AVAILABLE,0
SEC_STD01_B_R44_S21,SEC_STD01_B,44,R44-S21,STANDARD,AVAILABLE,0
SEC_STD01_B_R44_S22,SEC_STD01_B,44,R44-S22,STANDARD,AVAILABLE,0
SEC_STD01_B_R44_S23,SEC_STD01_B,44,R44-S23,STANDARD,AVAILABLE,0
SEC_STD01_B_R44_S24,SEC_STD01_B,44,R44-S24,STANDARD,AVAILABLE,0
SEC_STD01_B_R44_S25,SEC_STD01_B,44,R44-S25,STANDARD,AVAILABLE,0
SEC_STD01_B_R44_S26,SEC_STD01_B,44,R44-S26,STANDARD,AVAILABLE,0
SEC_STD01_B_R44_S27,SEC_STD01_B,44,R44-S27,STANDARD,AVAILABLE,0
SEC_STD01_B_R44_S28,SEC_STD01_B,44,R44-S28,STANDARD,AVAILABLE,0
SEC_STD01_B_R44_S29,SEC_STD01_B,44,R44-S29,STANDARD,AVAILABLE,0
SEC_STD01_B_R44_S30,SEC_STD01_B,44,R44-S30,STANDARD,AVAILABLE,0
SEC_STD01_B_R44_S31,SEC_STD01_B,44,R44-S31,STANDARD,AVAILABLE,0
SEC_STD01_B_R44_S32,SEC_STD01_B,44,R44-S32,STANDARD,AVAILABLE,0
SEC_STD01_B_R44_S33,SEC_STD01_B,44,R44-S33,STANDARD,AVAILABLE,0
SEC_STD01_B_R44_S34,SEC_STD01_B,44,R44-S34,STANDARD,AVAILABLE,0
SEC_STD01_B_R44_S35,SEC_STD01_B,44,R44-S35,STANDARD,AVAILABLE,0
SEC_STD01_B_R44_S36,SEC_STD01_B,44,R44-S36,STANDARD,AVAILABLE,0
SEC_STD01_B_R44_S37,SEC_STD01_B,44,R44-S37,STANDARD,AVAILABLE,0
SEC_STD01_B_R44_S38,SEC_STD01_B,44,R44-S38,STANDARD,AVAILABLE,0
SEC_STD01_B_R44_S39,SEC_STD01_B,44,R44-S39,STANDARD,AVAILABLE,0
SEC_STD01_B_R44_S40,SEC_STD01_B,44,R44-S40,STANDARD,AVAILABLE,0
SEC_STD01_B_R44_S41,SEC_STD01_B,44,R44-S41,STANDARD,AVAILABLE,0
SEC_STD01_B_R44_S42,SEC_STD01_B,44,R44-S42,STANDARD,AVAILABLE,0
SEC_STD01_B_R44_S43,SEC_STD01_B,44,R44-S43,STANDARD,AVAILABLE,0
SEC_STD01_B_R44_S44,SEC_STD01_B,44,R44-S44,STANDARD,AVAILABLE,0
SEC_STD01_B_R44_S45,SEC_STD01_B,44,R44-S45,STANDARD,AVAILABLE,0
SEC_STD01_B_R44_S46,SEC_STD01_B,44,R44-S46,STANDARD,AVAILABLE,0
SEC_STD01_B_R44_S47,SEC_STD01_B,44,R44-S47,STANDARD,AVAILABLE,0
SEC_STD01_B_R44_S48,SEC_STD01_B,44,R44-S48,STANDARD,AVAILABLE,0
SEC_STD01_B_R44_S49,SEC_STD01_B,44,R44-S49,STANDARD,AVAILABLE,0
SEC_STD01_B_R44_S50,SEC_STD01_B,44,R44-S50,STANDARD,AVAILABLE,0
SEC_STD01_B_R44_S51,SEC_STD01_B,44,R44-S51,STANDARD,AVAILABLE,0
SEC_STD01_B_R44_S52,SEC_STD01_B,44,R44-S52,STANDARD,AVAILABLE,0
SEC_STD01_B_R44_S53,SEC_STD01_B,44,R44-S53,STANDARD,AVAILABLE,0
SEC_STD01_B_R44_S54,SEC_STD01_B,44,R44-S54,STANDARD,AVAILABLE,0
SEC_STD01_B_R44_S55,SEC_STD01_B,44,R44-S55,STANDARD,AVAILABLE,0
SEC_STD01_B_R44_S56,SEC_STD01_B,44,R44-S56,STANDARD,AVAILABLE,0
SEC_STD01_B_R44_S57,SEC_STD01_B,44,R44-S57,STANDARD,AVAILABLE,0
SEC_STD01_B_R44_S58,SEC_STD01_B,44,R44-S58,STANDARD,AVAILABLE,0
SEC_STD01_B_R44_S59,SEC_STD01_B,44,R44-S59,STANDARD,AVAILABLE,0
SEC_STD01_B_R44_S60,SEC_STD01_B,44,R44-S60,STANDARD,AVAILABLE,0
SEC_STD01_B_R45_S01,SEC_STD01_B,45,R45-S01,STANDARD,AVAILABLE,0
SEC_STD01_B_R45_S02,SEC_STD01_B,45,R45-S02,STANDARD,AVAILABLE,0
SEC_STD01_B_R45_S03,SEC_STD01_B,45,R45-S03,STANDARD,AVAILABLE,0
SEC_STD01_B_R45_S04,SEC_STD01_B,45,R45-S04,STANDARD,AVAILABLE,0
SEC_STD01_B_R45_S05,SEC_STD01_B,45,R45-S05,STANDARD,AVAILABLE,0
SEC_STD01_B_R45_S06,SEC_STD01_B,45,R45-S06,STANDARD,AVAILABLE,0
SEC_STD01_B_R45_S07,SEC_STD01_B,45,R45-S07,STANDARD,AVAILABLE,0
SEC_STD01_B_R45_S08,SEC_STD01_B,45,R45-S08,STANDARD,AVAILABLE,0
SEC_STD01_B_R45_S09,SEC_STD01_B,45,R45-S09,STANDARD,AVAILABLE,0
SEC_STD01_B_R45_S10,SEC_STD01_B,45,R45-S10,STANDARD,AVAILABLE,0
SEC_STD01_B_R45_S11,SEC_STD01_B,45,R45-S11,STANDARD,AVAILABLE,0
SEC_STD01_B_R45_S12,SEC_STD01_B,45,R45-S12,STANDARD,AVAILABLE,0
SEC_STD01_B_R45_S13,SEC_STD01_B,45,R45-S13,STANDARD,AVAILABLE,0
SEC_STD01_B_R45_S14,SEC_STD01_B,45,R45-S14,STANDARD,AVAILABLE,0
SEC_STD01_B_R45_S15,SEC_STD01_B,45,R45-S15,STANDARD,AVAILABLE,0
SEC_STD01_B_R45_S16,SEC_STD01_B,45,R45-S16,STANDARD,AVAILABLE,0
SEC_STD01_B_R45_S17,SEC_STD01_B,45,R45-S17,STANDARD,AVAILABLE,0
SEC_STD01_B_R45_S18,SEC_STD01_B,45,R45-S18,STANDARD,AVAILABLE,0
SEC_STD01_B_R45_S19,SEC_STD01_B,45,R45-S19,STANDARD,AVAILABLE,0
SEC_STD01_B_R45_S20,SEC_STD01_B,45,R45-S20,STANDARD,AVAILABLE,0
SEC_STD01_B_R45_S21,SEC_STD01_B,45,R45-S21,STANDARD,AVAILABLE,0
SEC_STD01_B_R45_S22,SEC_STD01_B,45,R45-S22,STANDARD,AVAILABLE,0
SEC_STD01_B_R45_S23,SEC_STD01_B,45,R45-S23,STANDARD,AVAILABLE,0
SEC_STD01_B_R45_S24,SEC_STD01_B,45,R45-S24,STANDARD,AVAILABLE,0
SEC_STD01_B_R45_S25,SEC_STD01_B,45,R45-S25,STANDARD,AVAILABLE,0
SEC_STD01_B_R45_S26,SEC_STD01_B,45,R45-S26,STANDARD,AVAILABLE,0
SEC_STD01_B_R45_S27,SEC_STD01_B,45,R45-S27,STANDARD,AVAILABLE,0
SEC_STD01_B_R45_S28,SEC_STD01_B,45,R45-S28,STANDARD,AVAILABLE,0
SEC_STD01_B_R45_S29,SEC_STD01_B,45,R45-S29,STANDARD,AVAILABLE,0
SEC_STD01_B_R45_S30,SEC_STD01_B,45,R45-S30,STANDARD,AVAILABLE,0
SEC_STD01_B_R45_S31,SEC_STD01_B,45,R45-S31,STANDARD,AVAILABLE,0
SEC_STD01_B_R45_S32,SEC_STD01_B,45,R45-S32,STANDARD,AVAILABLE,0
SEC_STD01_B_R45_S33,SEC_STD01_B,45,R45-S33,STANDARD,AVAILABLE,0
SEC_STD01_B_R45_S34,SEC_STD01_B,45,R45-S34,STANDARD,AVAILABLE,0
SEC_STD01_B_R45_S35,SEC_STD01_B,45,R45-S35,STANDARD,AVAILABLE,0
SEC_STD01_B_R45_S36,SEC_STD01_B,45,R45-S36,STANDARD,AVAILABLE,0
SEC_STD01_B_R45_S37,SEC_STD01_B,45,R45-S37,STANDARD,AVAILABLE,0
SEC_STD01_B_R45_S38,SEC_STD01_B,45,R45-S38,STANDARD,AVAILABLE,0
SEC_STD01_B_R45_S39,SEC_STD01_B,45,R45-S39,STANDARD,AVAILABLE,0
SEC_STD01_B_R45_S40,SEC_STD01_B,45,R45-S40,STANDARD,AVAILABLE,0
SEC_STD01_B_R45_S41,SEC_STD01_B,45,R45-S41,STANDARD,AVAILABLE,0
SEC_STD01_B_R45_S42,SEC_STD01_B,45,R45-S42,STANDARD,AVAILABLE,0
SEC_STD01_B_R45_S43,SEC_STD01_B,45,R45-S43,STANDARD,AVAILABLE,0
SEC_STD01_B_R45_S44,SEC_STD01_B,45,R45-S44,STANDARD,AVAILABLE,0
SEC_STD01_B_R45_S45,SEC_STD01_B,45,R45-S45,STANDARD,AVAILABLE,0
SEC_STD01_B_R45_S46,SEC_STD01_B,45,R45-S46,STANDARD,AVAILABLE,0
SEC_STD01_B_R45_S47,SEC_STD01_B,45,R45-S47,STANDARD,AVAILABLE,0
SEC_STD01_B_R45_S48,SEC_STD01_B,45,R45-S48,STANDARD,AVAILABLE,0
SEC_STD01_B_R45_S49,SEC_STD01_B,45,R45-S49,STANDARD,AVAILABLE,0
SEC_STD01_B_R45_S50,SEC_STD01_B,45,R45-S50,STANDARD,AVAILABLE,0
SEC_STD01_B_R45_S51,SEC_STD01_B,45,R45-S51,STANDARD,AVAILABLE,0
SEC_STD01_B_R45_S52,SEC_STD01_B,45,R45-S52,STANDARD,AVAILABLE,0
SEC_STD01_B_R45_S53,SEC_STD01_B,45,R45-S53,STANDARD,AVAILABLE,0
SEC_STD01_B_R45_S54,SEC_STD01_B,45,R45-S54,STANDARD,AVAILABLE,0
SEC_STD01_B_R45_S55,SEC_STD01_B,45,R45-S55,STANDARD,AVAILABLE,0
SEC_STD01_B_R45_S56,SEC_STD01_B,45,R45-S56,STANDARD,AVAILABLE,0
SEC_STD01_B_R45_S57,SEC_STD01_B,45,R45-S57,STANDARD,AVAILABLE,0
SEC_STD01_B_R45_S58,SEC_STD01_B,45,R45-S58,STANDARD,AVAILABLE,0
SEC_STD01_B_R45_S59,SEC_STD01_B,45,R45-S59,STANDARD,AVAILABLE,0
SEC_STD01_B_R45_S60,SEC_STD01_B,45,R45-S60,STANDARD,AVAILABLE,0
SEC_STD01_B_R46_S01,SEC_STD01_B,46,R46-S01,STANDARD,AVAILABLE,0
SEC_STD01_B_R46_S02,SEC_STD01_B,46,R46-S02,STANDARD,AVAILABLE,0
SEC_STD01_B_R46_S03,SEC_STD01_B,46,R46-S03,STANDARD,AVAILABLE,0
SEC_STD01_B_R46_S04,SEC_STD01_B,46,R46-S04,STANDARD,AVAILABLE,0
SEC_STD01_B_R46_S05,SEC_STD01_B,46,R46-S05,STANDARD,AVAILABLE,0
SEC_STD01_B_R46_S06,SEC_STD01_B,46,R46-S06,STANDARD,AVAILABLE,0
SEC_STD01_B_R46_S07,SEC_STD01_B,46,R46-S07,STANDARD,AVAILABLE,0
SEC_STD01_B_R46_S08,SEC_STD01_B,46,R46-S08,STANDARD,AVAILABLE,0
SEC_STD01_B_R46_S09,SEC_STD01_B,46,R46-S09,STANDARD,AVAILABLE,0
SEC_STD01_B_R46_S10,SEC_STD01_B,46,R46-S10,STANDARD,AVAILABLE,0
SEC_STD01_B_R46_S11,SEC_STD01_B,46,R46-S11,STANDARD,AVAILABLE,0
SEC_STD01_B_R46_S12,SEC_STD01_B,46,R46-S12,STANDARD,AVAILABLE,0
SEC_STD01_B_R46_S13,SEC_STD01_B,46,R46-S13,STANDARD,AVAILABLE,0
SEC_STD01_B_R46_S14,SEC_STD01_B,46,R46-S14,STANDARD,AVAILABLE,0
SEC_STD01_B_R46_S15,SEC_STD01_B,46,R46-S15,STANDARD,AVAILABLE,0
SEC_STD01_B_R46_S16,SEC_STD01_B,46,R46-S16,STANDARD,AVAILABLE,0
SEC_STD01_B_R46_S17,SEC_STD01_B,46,R46-S17,STANDARD,AVAILABLE,0
SEC_STD01_B_R46_S18,SEC_STD01_B,46,R46-S18,STANDARD,AVAILABLE,0
SEC_STD01_B_R46_S19,SEC_STD01_B,46,R46-S19,STANDARD,AVAILABLE,0
SEC_STD01_B_R46_S20,SEC_STD01_B,46,R46-S20,STANDARD,AVAILABLE,0
SEC_STD01_B_R46_S21,SEC_STD01_B,46,R46-S21,STANDARD,AVAILABLE,0
SEC_STD01_B_R46_S22,SEC_STD01_B,46,R46-S22,STANDARD,AVAILABLE,0
SEC_STD01_B_R46_S23,SEC_STD01_B,46,R46-S23,STANDARD,AVAILABLE,0
SEC_STD01_B_R46_S24,SEC_STD01_B,46,R46-S24,STANDARD,AVAILABLE,0
SEC_STD01_B_R46_S25,SEC_STD01_B,46,R46-S25,STANDARD,AVAILABLE,0
SEC_STD01_B_R46_S26,SEC_STD01_B,46,R46-S26,STANDARD,AVAILABLE,0
SEC_STD01_B_R46_S27,SEC_STD01_B,46,R46-S27,STANDARD,AVAILABLE,0
SEC_STD01_B_R46_S28,SEC_STD01_B,46,R46-S28,STANDARD,AVAILABLE,0
SEC_STD01_B_R46_S29,SEC_STD01_B,46,R46-S29,STANDARD,AVAILABLE,0
SEC_STD01_B_R46_S30,SEC_STD01_B,46,R46-S30,STANDARD,AVAILABLE,0
SEC_STD01_B_R46_S31,SEC_STD01_B,46,R46-S31,STANDARD,AVAILABLE,0
SEC_STD01_B_R46_S32,SEC_STD01_B,46,R46-S32,STANDARD,AVAILABLE,0
SEC_STD01_B_R46_S33,SEC_STD01_B,46,R46-S33,STANDARD,AVAILABLE,0
SEC_STD01_B_R46_S34,SEC_STD01_B,46,R46-S34,STANDARD,AVAILABLE,0
SEC_STD01_B_R46_S35,SEC_STD01_B,46,R46-S35,STANDARD,AVAILABLE,0
SEC_STD01_B_R46_S36,SEC_STD01_B,46,R46-S36,STANDARD,AVAILABLE,0
SEC_STD01_B_R46_S37,SEC_STD01_B,46,R46-S37,STANDARD,AVAILABLE,0
SEC_STD01_B_R46_S38,SEC_STD01_B,46,R46-S38,STANDARD,AVAILABLE,0
SEC_STD01_B_R46_S39,SEC_STD01_B,46,R46-S39,STANDARD,AVAILABLE,0
SEC_STD01_B_R46_S40,SEC_STD01_B,46,R46-S40,STANDARD,AVAILABLE,0
SEC_STD01_B_R46_S41,SEC_STD01_B,46,R46-S41,STANDARD,AVAILABLE,0
SEC_STD01_B_R46_S42,SEC_STD01_B,46,R46-S42,STANDARD,AVAILABLE,0
SEC_STD01_B_R46_S43,SEC_STD01_B,46,R46-S43,STANDARD,AVAILABLE,0
SEC_STD01_B_R46_S44,SEC_STD01_B,46,R46-S44,STANDARD,AVAILABLE,0
SEC_STD01_B_R46_S45,SEC_STD01_B,46,R46-S45,STANDARD,AVAILABLE,0
SEC_STD01_B_R46_S46,SEC_STD01_B,46,R46-S46,STANDARD,AVAILABLE,0
SEC_STD01_B_R46_S47,SEC_STD01_B,46,R46-S47,STANDARD,AVAILABLE,0
SEC_STD01_B_R46_S48,SEC_STD01_B,46,R46-S48,STANDARD,AVAILABLE,0
SEC_STD01_B_R46_S49,SEC_STD01_B,46,R46-S49,STANDARD,AVAILABLE,0
SEC_STD01_B_R46_S50,SEC_STD01_B,46,R46-S50,STANDARD,AVAILABLE,0
SEC_STD01_B_R46_S51,SEC_STD01_B,46,R46-S51,STANDARD,AVAILABLE,0
SEC_STD01_B_R46_S52,SEC_STD01_B,46,R46-S52,STANDARD,AVAILABLE,0
SEC_STD01_B_R46_S53,SEC_STD01_B,46,R46-S53,STANDARD,AVAILABLE,0
SEC_STD01_B_R46_S54,SEC_STD01_B,46,R46-S54,STANDARD,AVAILABLE,0
SEC_STD01_B_R46_S55,SEC_STD01_B,46,R46-S55,STANDARD,AVAILABLE,0
SEC_STD01_B_R46_S56,SEC_STD01_B,46,R46-S56,STANDARD,AVAILABLE,0
SEC_STD01_B_R46_S57,SEC_STD01_B,46,R46-S57,STANDARD,AVAILABLE,0
SEC_STD01_B_R46_S58,SEC_STD01_B,46,R46-S58,STANDARD,AVAILABLE,0
SEC_STD01_B_R46_S59,SEC_STD01_B,46,R46-S59,STANDARD,AVAILABLE,0
SEC_STD01_B_R46_S60,SEC_STD01_B,46,R46-S60,STANDARD,AVAILABLE,0
SEC_STD01_B_R47_S01,SEC_STD01_B,47,R47-S01,STANDARD,AVAILABLE,0
SEC_STD01_B_R47_S02,SEC_STD01_B,47,R47-S02,STANDARD,AVAILABLE,0
SEC_STD01_B_R47_S03,SEC_STD01_B,47,R47-S03,STANDARD,AVAILABLE,0
SEC_STD01_B_R47_S04,SEC_STD01_B,47,R47-S04,STANDARD,AVAILABLE,0
SEC_STD01_B_R47_S05,SEC_STD01_B,47,R47-S05,STANDARD,AVAILABLE,0
SEC_STD01_B_R47_S06,SEC_STD01_B,47,R47-S06,STANDARD,AVAILABLE,0
SEC_STD01_B_R47_S07,SEC_STD01_B,47,R47-S07,STANDARD,AVAILABLE,0
SEC_STD01_B_R47_S08,SEC_STD01_B,47,R47-S08,STANDARD,AVAILABLE,0
SEC_STD01_B_R47_S09,SEC_STD01_B,47,R47-S09,STANDARD,AVAILABLE,0
SEC_STD01_B_R47_S10,SEC_STD01_B,47,R47-S10,STANDARD,AVAILABLE,0
SEC_STD01_B_R47_S11,SEC_STD01_B,47,R47-S11,STANDARD,AVAILABLE,0
SEC_STD01_B_R47_S12,SEC_STD01_B,47,R47-S12,STANDARD,AVAILABLE,0
SEC_STD01_B_R47_S13,SEC_STD01_B,47,R47-S13,STANDARD,AVAILABLE,0
SEC_STD01_B_R47_S14,SEC_STD01_B,47,R47-S14,STANDARD,AVAILABLE,0
SEC_STD01_B_R47_S15,SEC_STD01_B,47,R47-S15,STANDARD,AVAILABLE,0
SEC_STD01_B_R47_S16,SEC_STD01_B,47,R47-S16,STANDARD,AVAILABLE,0
SEC_STD01_B_R47_S17,SEC_STD01_B,47,R47-S17,STANDARD,AVAILABLE,0
SEC_STD01_B_R47_S18,SEC_STD01_B,47,R47-S18,STANDARD,AVAILABLE,0
SEC_STD01_B_R47_S19,SEC_STD01_B,47,R47-S19,STANDARD,AVAILABLE,0
SEC_STD01_B_R47_S20,SEC_STD01_B,47,R47-S20,STANDARD,AVAILABLE,0
SEC_STD01_B_R47_S21,SEC_STD01_B,47,R47-S21,STANDARD,AVAILABLE,0
SEC_STD01_B_R47_S22,SEC_STD01_B,47,R47-S22,STANDARD,AVAILABLE,0
SEC_STD01_B_R47_S23,SEC_STD01_B,47,R47-S23,STANDARD,AVAILABLE,0
SEC_STD01_B_R47_S24,SEC_STD01_B,47,R47-S24,STANDARD,AVAILABLE,0
SEC_STD01_B_R47_S25,SEC_STD01_B,47,R47-S25,STANDARD,AVAILABLE,0
SEC_STD01_B_R47_S26,SEC_STD01_B,47,R47-S26,STANDARD,AVAILABLE,0
SEC_STD01_B_R47_S27,SEC_STD01_B,47,R47-S27,STANDARD,AVAILABLE,0
SEC_STD01_B_R47_S28,SEC_STD01_B,47,R47-S28,STANDARD,AVAILABLE,0
SEC_STD01_B_R47_S29,SEC_STD01_B,47,R47-S29,STANDARD,AVAILABLE,0
SEC_STD01_B_R47_S30,SEC_STD01_B,47,R47-S30,STANDARD,AVAILABLE,0
SEC_STD01_B_R47_S31,SEC_STD01_B,47,R47-S31,STANDARD,AVAILABLE,0
SEC_STD01_B_R47_S32,SEC_STD01_B,47,R47-S32,STANDARD,AVAILABLE,0
SEC_STD01_B_R47_S33,SEC_STD01_B,47,R47-S33,STANDARD,AVAILABLE,0
SEC_STD01_B_R47_S34,SEC_STD01_B,47,R47-S34,STANDARD,AVAILABLE,0
SEC_STD01_B_R47_S35,SEC_STD01_B,47,R47-S35,STANDARD,AVAILABLE,0
SEC_STD01_B_R47_S36,SEC_STD01_B,47,R47-S36,STANDARD,AVAILABLE,0
SEC_STD01_B_R47_S37,SEC_STD01_B,47,R47-S37,STANDARD,AVAILABLE,0
SEC_STD01_B_R47_S38,SEC_STD01_B,47,R47-S38,STANDARD,AVAILABLE,0
SEC_STD01_B_R47_S39,SEC_STD01_B,47,R47-S39,STANDARD,AVAILABLE,0
SEC_STD01_B_R47_S40,SEC_STD01_B,47,R47-S40,STANDARD,AVAILABLE,0
SEC_STD01_B_R47_S41,SEC_STD01_B,47,R47-S41,STANDARD,AVAILABLE,0
SEC_STD01_B_R47_S42,SEC_STD01_B,47,R47-S42,STANDARD,AVAILABLE,0
SEC_STD01_B_R47_S43,SEC_STD01_B,47,R47-S43,STANDARD,AVAILABLE,0
SEC_STD01_B_R47_S44,SEC_STD01_B,47,R47-S44,STANDARD,AVAILABLE,0
SEC_STD01_B_R47_S45,SEC_STD01_B,47,R47-S45,STANDARD,AVAILABLE,0
SEC_STD01_B_R47_S46,SEC_STD01_B,47,R47-S46,STANDARD,AVAILABLE,0
SEC_STD01_B_R47_S47,SEC_STD01_B,47,R47-S47,STANDARD,AVAILABLE,0
SEC_STD01_B_R47_S48,SEC_STD01_B,47,R47-S48,STANDARD,AVAILABLE,0
SEC_STD01_B_R47_S49,SEC_STD01_B,47,R47-S49,STANDARD,AVAILABLE,0
SEC_STD01_B_R47_S50,SEC_STD01_B,47,R47-S50,STANDARD,AVAILABLE,0
SEC_STD01_B_R47_S51,SEC_STD01_B,47,R47-S51,STANDARD,AVAILABLE,0
SEC_STD01_B_R47_S52,SEC_STD01_B,47,R47-S52,STANDARD,AVAILABLE,0
SEC_STD01_B_R47_S53,SEC_STD01_B,47,R47-S53,STANDARD,AVAILABLE,0
SEC_STD01_B_R47_S54,SEC_STD01_B,47,R47-S54,STANDARD,AVAILABLE,0
SEC_STD01_B_R47_S55,SEC_STD01_B,47,R47-S55,STANDARD,AVAILABLE,0
SEC_STD01_B_R47_S56,SEC_STD01_B,47,R47-S56,STANDARD,AVAILABLE,0
SEC_STD01_B_R47_S57,SEC_STD01_B,47,R47-S57,STANDARD,AVAILABLE,0
SEC_STD01_B_R47_S58,SEC_STD01_B,47,R47-S58,STANDARD,AVAILABLE,0
SEC_STD01_B_R47_S59,SEC_STD01_B,47,R47-S59,STANDARD,AVAILABLE,0
SEC_STD01_B_R47_S60,SEC_STD01_B,47,R47-S60,STANDARD,AVAILABLE,0
SEC_STD01_B_R48_S01,SEC_STD01_B,48,R48-S01,STANDARD,AVAILABLE,0
SEC_STD01_B_R48_S02,SEC_STD01_B,48,R48-S02,STANDARD,AVAILABLE,0
SEC_STD01_B_R48_S03,SEC_STD01_B,48,R48-S03,STANDARD,AVAILABLE,0
SEC_STD01_B_R48_S04,SEC_STD01_B,48,R48-S04,STANDARD,AVAILABLE,0
SEC_STD01_B_R48_S05,SEC_STD01_B,48,R48-S05,STANDARD,AVAILABLE,0
SEC_STD01_B_R48_S06,SEC_STD01_B,48,R48-S06,STANDARD,AVAILABLE,0
SEC_STD01_B_R48_S07,SEC_STD01_B,48,R48-S07,STANDARD,AVAILABLE,0
SEC_STD01_B_R48_S08,SEC_STD01_B,48,R48-S08,STANDARD,AVAILABLE,0
SEC_STD01_B_R48_S09,SEC_STD01_B,48,R48-S09,STANDARD,AVAILABLE,0
SEC_STD01_B_R48_S10,SEC_STD01_B,48,R48-S10,STANDARD,AVAILABLE,0
SEC_STD01_B_R48_S11,SEC_STD01_B,48,R48-S11,STANDARD,AVAILABLE,0
SEC_STD01_B_R48_S12,SEC_STD01_B,48,R48-S12,STANDARD,AVAILABLE,0
SEC_STD01_B_R48_S13,SEC_STD01_B,48,R48-S13,STANDARD,AVAILABLE,0
SEC_STD01_B_R48_S14,SEC_STD01_B,48,R48-S14,STANDARD,AVAILABLE,0
SEC_STD01_B_R48_S15,SEC_STD01_B,48,R48-S15,STANDARD,AVAILABLE,0
SEC_STD01_B_R48_S16,SEC_STD01_B,48,R48-S16,STANDARD,AVAILABLE,0
SEC_STD01_B_R48_S17,SEC_STD01_B,48,R48-S17,STANDARD,AVAILABLE,0
SEC_STD01_B_R48_S18,SEC_STD01_B,48,R48-S18,STANDARD,AVAILABLE,0
SEC_STD01_B_R48_S19,SEC_STD01_B,48,R48-S19,STANDARD,AVAILABLE,0
SEC_STD01_B_R48_S20,SEC_STD01_B,48,R48-S20,STANDARD,AVAILABLE,0
SEC_STD01_B_R48_S21,SEC_STD01_B,48,R48-S21,STANDARD,AVAILABLE,0
SEC_STD01_B_R48_S22,SEC_STD01_B,48,R48-S22,STANDARD,AVAILABLE,0
SEC_STD01_B_R48_S23,SEC_STD01_B,48,R48-S23,STANDARD,AVAILABLE,0
SEC_STD01_B_R48_S24,SEC_STD01_B,48,R48-S24,STANDARD,AVAILABLE,0
SEC_STD01_B_R48_S25,SEC_STD01_B,48,R48-S25,STANDARD,AVAILABLE,0
SEC_STD01_B_R48_S26,SEC_STD01_B,48,R48-S26,STANDARD,AVAILABLE,0
SEC_STD01_B_R48_S27,SEC_STD01_B,48,R48-S27,STANDARD,AVAILABLE,0
SEC_STD01_B_R48_S28,SEC_STD01_B,48,R48-S28,STANDARD,AVAILABLE,0
SEC_STD01_B_R48_S29,SEC_STD01_B,48,R48-S29,STANDARD,AVAILABLE,0
SEC_STD01_B_R48_S30,SEC_STD01_B,48,R48-S30,STANDARD,AVAILABLE,0
SEC_STD01_B_R48_S31,SEC_STD01_B,48,R48-S31,STANDARD,AVAILABLE,0
SEC_STD01_B_R48_S32,SEC_STD01_B,48,R48-S32,STANDARD,AVAILABLE,0
SEC_STD01_B_R48_S33,SEC_STD01_B,48,R48-S33,STANDARD,AVAILABLE,0
SEC_STD01_B_R48_S34,SEC_STD01_B,48,R48-S34,STANDARD,AVAILABLE,0
SEC_STD01_B_R48_S35,SEC_STD01_B,48,R48-S35,STANDARD,AVAILABLE,0
SEC_STD01_B_R48_S36,SEC_STD01_B,48,R48-S36,STANDARD,AVAILABLE,0
SEC_STD01_B_R48_S37,SEC_STD01_B,48,R48-S37,STANDARD,AVAILABLE,0
SEC_STD01_B_R48_S38,SEC_STD01_B,48,R48-S38,STANDARD,AVAILABLE,0
SEC_STD01_B_R48_S39,SEC_STD01_B,48,R48-S39,STANDARD,AVAILABLE,0
SEC_STD01_B_R48_S40,SEC_STD01_B,48,R48-S40,STANDARD,AVAILABLE,0
SEC_STD01_B_R48_S41,SEC_STD01_B,48,R48-S41,STANDARD,AVAILABLE,0
SEC_STD01_B_R48_S42,SEC_STD01_B,48,R48-S42,STANDARD,AVAILABLE,0
SEC_STD01_B_R48_S43,SEC_STD01_B,48,R48-S43,STANDARD,AVAILABLE,0
SEC_STD01_B_R48_S44,SEC_STD01_B,48,R48-S44,STANDARD,AVAILABLE,0
SEC_STD01_B_R48_S45,SEC_STD01_B,48,R48-S45,STANDARD,AVAILABLE,0
SEC_STD01_B_R48_S46,SEC_STD01_B,48,R48-S46,STANDARD,AVAILABLE,0
SEC_STD01_B_R48_S47,SEC_STD01_B,48,R48-S47,STANDARD,AVAILABLE,0
SEC_STD01_B_R48_S48,SEC_STD01_B,48,R48-S48,STANDARD,AVAILABLE,0
SEC_STD01_B_R48_S49,SEC_STD01_B,48,R48-S49,STANDARD,AVAILABLE,0
SEC_STD01_B_R48_S50,SEC_STD01_B,48,R48-S50,STANDARD,AVAILABLE,0
SEC_STD01_B_R48_S51,SEC_STD01_B,48,R48-S51,STANDARD,AVAILABLE,0
SEC_STD01_B_R48_S52,SEC_STD01_B,48,R48-S52,STANDARD,AVAILABLE,0
SEC_STD01_B_R48_S53,SEC_STD01_B,48,R48-S53,STANDARD,AVAILABLE,0
SEC_STD01_B_R48_S54,SEC_STD01_B,48,R48-S54,STANDARD,AVAILABLE,0
SEC_STD01_B_R48_S55,SEC_STD01_B,48,R48-S55,STANDARD,AVAILABLE,0
SEC_STD01_B_R48_S56,SEC_STD01_B,48,R48-S56,STANDARD,AVAILABLE,0
SEC_STD01_B_R48_S57,SEC_STD01_B,48,R48-S57,STANDARD,AVAILABLE,0
SEC_STD01_B_R48_S58,SEC_STD01_B,48,R48-S58,STANDARD,AVAILABLE,0
SEC_STD01_B_R48_S59,SEC_STD01_B,48,R48-S59,STANDARD,AVAILABLE,0
SEC_STD01_B_R48_S60,SEC_STD01_B,48,R48-S60,STANDARD,AVAILABLE,0
SEC_STD01_B_R49_S01,SEC_STD01_B,49,R49-S01,STANDARD,AVAILABLE,0
SEC_STD01_B_R49_S02,SEC_STD01_B,49,R49-S02,STANDARD,AVAILABLE,0
SEC_STD01_B_R49_S03,SEC_STD01_B,49,R49-S03,STANDARD,AVAILABLE,0
SEC_STD01_B_R49_S04,SEC_STD01_B,49,R49-S04,STANDARD,AVAILABLE,0
SEC_STD01_B_R49_S05,SEC_STD01_B,49,R49-S05,STANDARD,AVAILABLE,0
SEC_STD01_B_R49_S06,SEC_STD01_B,49,R49-S06,STANDARD,AVAILABLE,0
SEC_STD01_B_R49_S07,SEC_STD01_B,49,R49-S07,STANDARD,AVAILABLE,0
SEC_STD01_B_R49_S08,SEC_STD01_B,49,R49-S08,STANDARD,AVAILABLE,0
SEC_STD01_B_R49_S09,SEC_STD01_B,49,R49-S09,STANDARD,AVAILABLE,0
SEC_STD01_B_R49_S10,SEC_STD01_B,49,R49-S10,STANDARD,AVAILABLE,0
SEC_STD01_B_R49_S11,SEC_STD01_B,49,R49-S11,STANDARD,AVAILABLE,0
SEC_STD01_B_R49_S12,SEC_STD01_B,49,R49-S12,STANDARD,AVAILABLE,0
SEC_STD01_B_R49_S13,SEC_STD01_B,49,R49-S13,STANDARD,AVAILABLE,0
SEC_STD01_B_R49_S14,SEC_STD01_B,49,R49-S14,STANDARD,AVAILABLE,0
SEC_STD01_B_R49_S15,SEC_STD01_B,49,R49-S15,STANDARD,AVAILABLE,0
SEC_STD01_B_R49_S16,SEC_STD01_B,49,R49-S16,STANDARD,AVAILABLE,0
SEC_STD01_B_R49_S17,SEC_STD01_B,49,R49-S17,STANDARD,AVAILABLE,0
SEC_STD01_B_R49_S18,SEC_STD01_B,49,R49-S18,STANDARD,AVAILABLE,0
SEC_STD01_B_R49_S19,SEC_STD01_B,49,R49-S19,STANDARD,AVAILABLE,0
SEC_STD01_B_R49_S20,SEC_STD01_B,49,R49-S20,STANDARD,AVAILABLE,0
SEC_STD01_B_R49_S21,SEC_STD01_B,49,R49-S21,STANDARD,AVAILABLE,0
SEC_STD01_B_R49_S22,SEC_STD01_B,49,R49-S22,STANDARD,AVAILABLE,0
SEC_STD01_B_R49_S23,SEC_STD01_B,49,R49-S23,STANDARD,AVAILABLE,0
SEC_STD01_B_R49_S24,SEC_STD01_B,49,R49-S24,STANDARD,AVAILABLE,0
SEC_STD01_B_R49_S25,SEC_STD01_B,49,R49-S25,STANDARD,AVAILABLE,0
SEC_STD01_B_R49_S26,SEC_STD01_B,49,R49-S26,STANDARD,AVAILABLE,0
SEC_STD01_B_R49_S27,SEC_STD01_B,49,R49-S27,STANDARD,AVAILABLE,0
SEC_STD01_B_R49_S28,SEC_STD01_B,49,R49-S28,STANDARD,AVAILABLE,0
SEC_STD01_B_R49_S29,SEC_STD01_B,49,R49-S29,STANDARD,AVAILABLE,0
SEC_STD01_B_R49_S30,SEC_STD01_B,49,R49-S30,STANDARD,AVAILABLE,0
SEC_STD01_B_R49_S31,SEC_STD01_B,49,R49-S31,STANDARD,AVAILABLE,0
SEC_STD01_B_R49_S32,SEC_STD01_B,49,R49-S32,STANDARD,AVAILABLE,0
SEC_STD01_B_R49_S33,SEC_STD01_B,49,R49-S33,STANDARD,AVAILABLE,0
SEC_STD01_B_R49_S34,SEC_STD01_B,49,R49-S34,STANDARD,AVAILABLE,0
SEC_STD01_B_R49_S35,SEC_STD01_B,49,R49-S35,STANDARD,AVAILABLE,0
SEC_STD01_B_R49_S36,SEC_STD01_B,49,R49-S36,STANDARD,AVAILABLE,0
SEC_STD01_B_R49_S37,SEC_STD01_B,49,R49-S37,STANDARD,AVAILABLE,0
SEC_STD01_B_R49_S38,SEC_STD01_B,49,R49-S38,STANDARD,AVAILABLE,0
SEC_STD01_B_R49_S39,SEC_STD01_B,49,R49-S39,STANDARD,AVAILABLE,0
SEC_STD01_B_R49_S40,SEC_STD01_B,49,R49-S40,STANDARD,AVAILABLE,0
SEC_STD01_B_R49_S41,SEC_STD01_B,49,R49-S41,STANDARD,AVAILABLE,0
SEC_STD01_B_R49_S42,SEC_STD01_B,49,R49-S42,STANDARD,AVAILABLE,0
SEC_STD01_B_R49_S43,SEC_STD01_B,49,R49-S43,STANDARD,AVAILABLE,0
SEC_STD01_B_R49_S44,SEC_STD01_B,49,R49-S44,STANDARD,AVAILABLE,0
SEC_STD01_B_R49_S45,SEC_STD01_B,49,R49-S45,STANDARD,AVAILABLE,0
SEC_STD01_B_R49_S46,SEC_STD01_B,49,R49-S46,STANDARD,AVAILABLE,0
SEC_STD01_B_R49_S47,SEC_STD01_B,49,R49-S47,STANDARD,AVAILABLE,0
SEC_STD01_B_R49_S48,SEC_STD01_B,49,R49-S48,STANDARD,AVAILABLE,0
SEC_STD01_B_R49_S49,SEC_STD01_B,49,R49-S49,STANDARD,AVAILABLE,0
SEC_STD01_B_R49_S50,SEC_STD01_B,49,R49-S50,STANDARD,AVAILABLE,0
SEC_STD01_B_R49_S51,SEC_STD01_B,49,R49-S51,STANDARD,AVAILABLE,0
SEC_STD01_B_R49_S52,SEC_STD01_B,49,R49-S52,STANDARD,AVAILABLE,0
SEC_STD01_B_R49_S53,SEC_STD01_B,49,R49-S53,STANDARD,AVAILABLE,0
SEC_STD01_B_R49_S54,SEC_STD01_B,49,R49-S54,STANDARD,AVAILABLE,0
SEC_STD01_B_R49_S55,SEC_STD01_B,49,R49-S55,STANDARD,AVAILABLE,0
SEC_STD01_B_R49_S56,SEC_STD01_B,49,R49-S56,STANDARD,AVAILABLE,0
SEC_STD01_B_R49_S57,SEC_STD01_B,49,R49-S57,STANDARD,AVAILABLE,0
SEC_STD01_B_R49_S58,SEC_STD01_B,49,R49-S58,STANDARD,AVAILABLE,0
SEC_STD01_B_R49_S59,SEC_STD01_B,49,R49-S59,STANDARD,AVAILABLE,0
SEC_STD01_B_R49_S60,SEC_STD01_B,49,R49-S60,STANDARD,AVAILABLE,0
SEC_STD01_B_R50_S01,SEC_STD01_B,50,R50-S01,STANDARD,AVAILABLE,0
SEC_STD01_B_R50_S02,SEC_STD01_B,50,R50-S02,STANDARD,AVAILABLE,0
SEC_STD01_B_R50_S03,SEC_STD01_B,50,R50-S03,STANDARD,AVAILABLE,0
SEC_STD01_B_R50_S04,SEC_STD01_B,50,R50-S04,STANDARD,AVAILABLE,0
SEC_STD01_B_R50_S05,SEC_STD01_B,50,R50-S05,STANDARD,AVAILABLE,0
SEC_STD01_B_R50_S06,SEC_STD01_B,50,R50-S06,STANDARD,AVAILABLE,0
SEC_STD01_B_R50_S07,SEC_STD01_B,50,R50-S07,STANDARD,AVAILABLE,0
SEC_STD01_B_R50_S08,SEC_STD01_B,50,R50-S08,STANDARD,AVAILABLE,0
SEC_STD01_B_R50_S09,SEC_STD01_B,50,R50-S09,STANDARD,AVAILABLE,0
SEC_STD01_B_R50_S10,SEC_STD01_B,50,R50-S10,STANDARD,AVAILABLE,0
SEC_STD01_B_R50_S11,SEC_STD01_B,50,R50-S11,STANDARD,AVAILABLE,0
SEC_STD01_B_R50_S12,SEC_STD01_B,50,R50-S12,STANDARD,AVAILABLE,0
SEC_STD01_B_R50_S13,SEC_STD01_B,50,R50-S13,STANDARD,AVAILABLE,0
SEC_STD01_B_R50_S14,SEC_STD01_B,50,R50-S14,STANDARD,AVAILABLE,0
SEC_STD01_B_R50_S15,SEC_STD01_B,50,R50-S15,STANDARD,AVAILABLE,0
SEC_STD01_B_R50_S16,SEC_STD01_B,50,R50-S16,STANDARD,AVAILABLE,0
SEC_STD01_B_R50_S17,SEC_STD01_B,50,R50-S17,STANDARD,AVAILABLE,0
SEC_STD01_B_R50_S18,SEC_STD01_B,50,R50-S18,STANDARD,AVAILABLE,0
SEC_STD01_B_R50_S19,SEC_STD01_B,50,R50-S19,STANDARD,AVAILABLE,0
SEC_STD01_B_R50_S20,SEC_STD01_B,50,R50-S20,STANDARD,AVAILABLE,0
SEC_STD01_B_R50_S21,SEC_STD01_B,50,R50-S21,STANDARD,AVAILABLE,0
SEC_STD01_B_R50_S22,SEC_STD01_B,50,R50-S22,STANDARD,AVAILABLE,0
SEC_STD01_B_R50_S23,SEC_STD01_B,50,R50-S23,STANDARD,AVAILABLE,0
SEC_STD01_B_R50_S24,SEC_STD01_B,50,R50-S24,STANDARD,AVAILABLE,0
SEC_STD01_B_R50_S25,SEC_STD01_B,50,R50-S25,STANDARD,AVAILABLE,0
SEC_STD01_B_R50_S26,SEC_STD01_B,50,R50-S26,STANDARD,AVAILABLE,0
SEC_STD01_B_R50_S27,SEC_STD01_B,50,R50-S27,STANDARD,AVAILABLE,0
SEC_STD01_B_R50_S28,SEC_STD01_B,50,R50-S28,STANDARD,AVAILABLE,0
SEC_STD01_B_R50_S29,SEC_STD01_B,50,R50-S29,STANDARD,AVAILABLE,0
SEC_STD01_B_R50_S30,SEC_STD01_B,50,R50-S30,STANDARD,AVAILABLE,0
SEC_STD01_B_R50_S31,SEC_STD01_B,50,R50-S31,STANDARD,AVAILABLE,0
SEC_STD01_B_R50_S32,SEC_STD01_B,50,R50-S32,STANDARD,AVAILABLE,0
SEC_STD01_B_R50_S33,SEC_STD01_B,50,R50-S33,STANDARD,AVAILABLE,0
SEC_STD01_B_R50_S34,SEC_STD01_B,50,R50-S34,STANDARD,AVAILABLE,0
SEC_STD01_B_R50_S35,SEC_STD01_B,50,R50-S35,STANDARD,AVAILABLE,0
SEC_STD01_B_R50_S36,SEC_STD01_B,50,R50-S36,STANDARD,AVAILABLE,0
SEC_STD01_B_R50_S37,SEC_STD01_B,50,R50-S37,STANDARD,AVAILABLE,0
SEC_STD01_B_R50_S38,SEC_STD01_B,50,R50-S38,STANDARD,AVAILABLE,0
SEC_STD01_B_R50_S39,SEC_STD01_B,50,R50-S39,STANDARD,AVAILABLE,0
SEC_STD01_B_R50_S40,SEC_STD01_B,50,R50-S40,STANDARD,AVAILABLE,0
SEC_STD01_B_R50_S41,SEC_STD01_B,50,R50-S41,STANDARD,AVAILABLE,0
SEC_STD01_B_R50_S42,SEC_STD01_B,50,R50-S42,STANDARD,AVAILABLE,0
SEC_STD01_B_R50_S43,SEC_STD01_B,50,R50-S43,STANDARD,AVAILABLE,0
SEC_STD01_B_R50_S44,SEC_STD01_B,50,R50-S44,STANDARD,AVAILABLE,0
SEC_STD01_B_R50_S45,SEC_STD01_B,50,R50-S45,STANDARD,AVAILABLE,0
SEC_STD01_B_R50_S46,SEC_STD01_B,50,R50-S46,STANDARD,AVAILABLE,0
SEC_STD01_B_R50_S47,SEC_STD01_B,50,R50-S47,STANDARD,AVAILABLE,0
SEC_STD01_B_R50_S48,SEC_STD01_B,50,R50-S48,STANDARD,AVAILABLE,0
SEC_STD01_B_R50_S49,SEC_STD01_B,50,R50-S49,STANDARD,AVAILABLE,0
SEC_STD01_B_R50_S50,SEC_STD01_B,50,R50-S50,STANDARD,AVAILABLE,0
SEC_STD01_B_R50_S51,SEC_STD01_B,50,R50-S51,STANDARD,AVAILABLE,0
SEC_STD01_B_R50_S52,SEC_STD01_B,50,R50-S52,STANDARD,AVAILABLE,0
SEC_STD01_B_R50_S53,SEC_STD01_B,50,R50-S53,STANDARD,AVAILABLE,0
SEC_STD01_B_R50_S54,SEC_STD01_B,50,R50-S54,STANDARD,AVAILABLE,0
SEC_STD01_B_R50_S55,SEC_STD01_B,50,R50-S55,STANDARD,AVAILABLE,0
SEC_STD01_B_R50_S56,SEC_STD01_B,50,R50-S56,STANDARD,AVAILABLE,0
SEC_STD01_B_R50_S57,SEC_STD01_B,50,R50-S57,STANDARD,AVAILABLE,0
SEC_STD01_B_R50_S58,SEC_STD01_B,50,R50-S58,STANDARD,AVAILABLE,0
SEC_STD01_B_R50_S59,SEC_STD01_B,50,R50-S59,STANDARD,AVAILABLE,0
SEC_STD01_B_R50_S60,SEC_STD01_B,50,R50-S60,STANDARD,AVAILABLE,0
SEC_STD01_C_R01_S01,SEC_STD01_C,1,R01-S01,ECONOMY,AVAILABLE,0
SEC_STD01_C_R01_S02,SEC_STD01_C,1,R01-S02,ECONOMY,AVAILABLE,0
SEC_STD01_C_R01_S03,SEC_STD01_C,1,R01-S03,ECONOMY,AVAILABLE,0
SEC_STD01_C_R01_S04,SEC_STD01_C,1,R01-S04,ECONOMY,AVAILABLE,0
SEC_STD01_C_R01_S05,SEC_STD01_C,1,R01-S05,ECONOMY,AVAILABLE,0
SEC_STD01_C_R01_S06,SEC_STD01_C,1,R01-S06,ECONOMY,AVAILABLE,0
SEC_STD01_C_R01_S07,SEC_STD01_C,1,R01-S07,ECONOMY,AVAILABLE,0
SEC_STD01_C_R01_S08,SEC_STD01_C,1,R01-S08,ECONOMY,AVAILABLE,0
SEC_STD01_C_R01_S09,SEC_STD01_C,1,R01-S09,ECONOMY,AVAILABLE,0
SEC_STD01_C_R01_S10,SEC_STD01_C,1,R01-S10,ECONOMY,AVAILABLE,0
SEC_STD01_C_R01_S11,SEC_STD01_C,1,R01-S11,ECONOMY,AVAILABLE,0
SEC_STD01_C_R01_S12,SEC_STD01_C,1,R01-S12,ECONOMY,AVAILABLE,0
SEC_STD01_C_R01_S13,SEC_STD01_C,1,R01-S13,ECONOMY,AVAILABLE,0
SEC_STD01_C_R01_S14,SEC_STD01_C,1,R01-S14,ECONOMY,AVAILABLE,0
SEC_STD01_C_R01_S15,SEC_STD01_C,1,R01-S15,ECONOMY,AVAILABLE,0
SEC_STD01_C_R01_S16,SEC_STD01_C,1,R01-S16,ECONOMY,AVAILABLE,0
SEC_STD01_C_R01_S17,SEC_STD01_C,1,R01-S17,ECONOMY,AVAILABLE,0
SEC_STD01_C_R01_S18,SEC_STD01_C,1,R01-S18,ECONOMY,AVAILABLE,0
SEC_STD01_C_R01_S19,SEC_STD01_C,1,R01-S19,ECONOMY,AVAILABLE,0
SEC_STD01_C_R01_S20,SEC_STD01_C,1,R01-S20,ECONOMY,AVAILABLE,0
SEC_STD01_C_R01_S21,SEC_STD01_C,1,R01-S21,ECONOMY,AVAILABLE,0
SEC_STD01_C_R01_S22,SEC_STD01_C,1,R01-S22,ECONOMY,AVAILABLE,0
SEC_STD01_C_R01_S23,SEC_STD01_C,1,R01-S23,ECONOMY,AVAILABLE,0
SEC_STD01_C_R01_S24,SEC_STD01_C,1,R01-S24,ECONOMY,AVAILABLE,0
SEC_STD01_C_R01_S25,SEC_STD01_C,1,R01-S25,ECONOMY,AVAILABLE,0
SEC_STD01_C_R01_S26,SEC_STD01_C,1,R01-S26,ECONOMY,AVAILABLE,0
SEC_STD01_C_R01_S27,SEC_STD01_C,1,R01-S27,ECONOMY,AVAILABLE,0
SEC_STD01_C_R01_S28,SEC_STD01_C,1,R01-S28,ECONOMY,AVAILABLE,0
SEC_STD01_C_R01_S29,SEC_STD01_C,1,R01-S29,ECONOMY,AVAILABLE,0
SEC_STD01_C_R01_S30,SEC_STD01_C,1,R01-S30,ECONOMY,AVAILABLE,0
SEC_STD01_C_R01_S31,SEC_STD01_C,1,R01-S31,ECONOMY,AVAILABLE,0
SEC_STD01_C_R01_S32,SEC_STD01_C,1,R01-S32,ECONOMY,AVAILABLE,0
SEC_STD01_C_R01_S33,SEC_STD01_C,1,R01-S33,ECONOMY,AVAILABLE,0
SEC_STD01_C_R01_S34,SEC_STD01_C,1,R01-S34,ECONOMY,AVAILABLE,0
SEC_STD01_C_R01_S35,SEC_STD01_C,1,R01-S35,ECONOMY,AVAILABLE,0
SEC_STD01_C_R01_S36,SEC_STD01_C,1,R01-S36,ECONOMY,AVAILABLE,0
SEC_STD01_C_R01_S37,SEC_STD01_C,1,R01-S37,ECONOMY,AVAILABLE,0
SEC_STD01_C_R01_S38,SEC_STD01_C,1,R01-S38,ECONOMY,AVAILABLE,0
SEC_STD01_C_R01_S39,SEC_STD01_C,1,R01-S39,ECONOMY,AVAILABLE,0
SEC_STD01_C_R01_S40,SEC_STD01_C,1,R01-S40,ECONOMY,AVAILABLE,0
SEC_STD01_C_R01_S41,SEC_STD01_C,1,R01-S41,ECONOMY,AVAILABLE,0
SEC_STD01_C_R01_S42,SEC_STD01_C,1,R01-S42,ECONOMY,AVAILABLE,0
SEC_STD01_C_R01_S43,SEC_STD01_C,1,R01-S43,ECONOMY,AVAILABLE,0
SEC_STD01_C_R01_S44,SEC_STD01_C,1,R01-S44,ECONOMY,AVAILABLE,0
SEC_STD01_C_R01_S45,SEC_STD01_C,1,R01-S45,ECONOMY,AVAILABLE,0
SEC_STD01_C_R01_S46,SEC_STD01_C,1,R01-S46,ECONOMY,AVAILABLE,0
SEC_STD01_C_R01_S47,SEC_STD01_C,1,R01-S47,ECONOMY,AVAILABLE,0
SEC_STD01_C_R01_S48,SEC_STD01_C,1,R01-S48,ECONOMY,AVAILABLE,0
SEC_STD01_C_R01_S49,SEC_STD01_C,1,R01-S49,ECONOMY,AVAILABLE,0
SEC_STD01_C_R01_S50,SEC_STD01_C,1,R01-S50,ECONOMY,AVAILABLE,0
SEC_STD01_C_R02_S01,SEC_STD01_C,2,R02-S01,ECONOMY,AVAILABLE,0
SEC_STD01_C_R02_S02,SEC_STD01_C,2,R02-S02,ECONOMY,AVAILABLE,0
SEC_STD01_C_R02_S03,SEC_STD01_C,2,R02-S03,ECONOMY,AVAILABLE,0
SEC_STD01_C_R02_S04,SEC_STD01_C,2,R02-S04,ECONOMY,AVAILABLE,0
SEC_STD01_C_R02_S05,SEC_STD01_C,2,R02-S05,ECONOMY,AVAILABLE,0
SEC_STD01_C_R02_S06,SEC_STD01_C,2,R02-S06,ECONOMY,AVAILABLE,0
SEC_STD01_C_R02_S07,SEC_STD01_C,2,R02-S07,ECONOMY,AVAILABLE,0
SEC_STD01_C_R02_S08,SEC_STD01_C,2,R02-S08,ECONOMY,AVAILABLE,0
SEC_STD01_C_R02_S09,SEC_STD01_C,2,R02-S09,ECONOMY,AVAILABLE,0
SEC_STD01_C_R02_S10,SEC_STD01_C,2,R02-S10,ECONOMY,AVAILABLE,0
SEC_STD01_C_R02_S11,SEC_STD01_C,2,R02-S11,ECONOMY,AVAILABLE,0
SEC_STD01_C_R02_S12,SEC_STD01_C,2,R02-S12,ECONOMY,AVAILABLE,0
SEC_STD01_C_R02_S13,SEC_STD01_C,2,R02-S13,ECONOMY,AVAILABLE,0
SEC_STD01_C_R02_S14,SEC_STD01_C,2,R02-S14,ECONOMY,AVAILABLE,0
SEC_STD01_C_R02_S15,SEC_STD01_C,2,R02-S15,ECONOMY,AVAILABLE,0
SEC_STD01_C_R02_S16,SEC_STD01_C,2,R02-S16,ECONOMY,AVAILABLE,0
SEC_STD01_C_R02_S17,SEC_STD01_C,2,R02-S17,ECONOMY,AVAILABLE,0
SEC_STD01_C_R02_S18,SEC_STD01_C,2,R02-S18,ECONOMY,AVAILABLE,0
SEC_STD01_C_R02_S19,SEC_STD01_C,2,R02-S19,ECONOMY,AVAILABLE,0
SEC_STD01_C_R02_S20,SEC_STD01_C,2,R02-S20,ECONOMY,AVAILABLE,0
SEC_STD01_C_R02_S21,SEC_STD01_C,2,R02-S21,ECONOMY,AVAILABLE,0
SEC_STD01_C_R02_S22,SEC_STD01_C,2,R02-S22,ECONOMY,AVAILABLE,0
SEC_STD01_C_R02_S23,SEC_STD01_C,2,R02-S23,ECONOMY,AVAILABLE,0
SEC_STD01_C_R02_S24,SEC_STD01_C,2,R02-S24,ECONOMY,AVAILABLE,0
SEC_STD01_C_R02_S25,SEC_STD01_C,2,R02-S25,ECONOMY,AVAILABLE,0
SEC_STD01_C_R02_S26,SEC_STD01_C,2,R02-S26,ECONOMY,AVAILABLE,0
SEC_STD01_C_R02_S27,SEC_STD01_C,2,R02-S27,ECONOMY,AVAILABLE,0
SEC_STD01_C_R02_S28,SEC_STD01_C,2,R02-S28,ECONOMY,AVAILABLE,0
SEC_STD01_C_R02_S29,SEC_STD01_C,2,R02-S29,ECONOMY,AVAILABLE,0
SEC_STD01_C_R02_S30,SEC_STD01_C,2,R02-S30,ECONOMY,AVAILABLE,0
SEC_STD01_C_R02_S31,SEC_STD01_C,2,R02-S31,ECONOMY,AVAILABLE,0
SEC_STD01_C_R02_S32,SEC_STD01_C,2,R02-S32,ECONOMY,AVAILABLE,0
SEC_STD01_C_R02_S33,SEC_STD01_C,2,R02-S33,ECONOMY,AVAILABLE,0
SEC_STD01_C_R02_S34,SEC_STD01_C,2,R02-S34,ECONOMY,AVAILABLE,0
SEC_STD01_C_R02_S35,SEC_STD01_C,2,R02-S35,ECONOMY,AVAILABLE,0
SEC_STD01_C_R02_S36,SEC_STD01_C,2,R02-S36,ECONOMY,AVAILABLE,0
SEC_STD01_C_R02_S37,SEC_STD01_C,2,R02-S37,ECONOMY,AVAILABLE,0
SEC_STD01_C_R02_S38,SEC_STD01_C,2,R02-S38,ECONOMY,AVAILABLE,0
SEC_STD01_C_R02_S39,SEC_STD01_C,2,R02-S39,ECONOMY,AVAILABLE,0
SEC_STD01_C_R02_S40,SEC_STD01_C,2,R02-S40,ECONOMY,AVAILABLE,0
SEC_STD01_C_R02_S41,SEC_STD01_C,2,R02-S41,ECONOMY,AVAILABLE,0
SEC_STD01_C_R02_S42,SEC_STD01_C,2,R02-S42,ECONOMY,AVAILABLE,0
SEC_STD01_C_R02_S43,SEC_STD01_C,2,R02-S43,ECONOMY,AVAILABLE,0
SEC_STD01_C_R02_S44,SEC_STD01_C,2,R02-S44,ECONOMY,AVAILABLE,0
SEC_STD01_C_R02_S45,SEC_STD01_C,2,R02-S45,ECONOMY,AVAILABLE,0
SEC_STD01_C_R02_S46,SEC_STD01_C,2,R02-S46,ECONOMY,AVAILABLE,0
SEC_STD01_C_R02_S47,SEC_STD01_C,2,R02-S47,ECONOMY,AVAILABLE,0
SEC_STD01_C_R02_S48,SEC_STD01_C,2,R02-S48,ECONOMY,AVAILABLE,0
SEC_STD01_C_R02_S49,SEC_STD01_C,2,R02-S49,ECONOMY,AVAILABLE,0
SEC_STD01_C_R02_S50,SEC_STD01_C,2,R02-S50,ECONOMY,AVAILABLE,0
SEC_STD01_C_R03_S01,SEC_STD01_C,3,R03-S01,ECONOMY,AVAILABLE,0
SEC_STD01_C_R03_S02,SEC_STD01_C,3,R03-S02,ECONOMY,AVAILABLE,0
SEC_STD01_C_R03_S03,SEC_STD01_C,3,R03-S03,ECONOMY,AVAILABLE,0
SEC_STD01_C_R03_S04,SEC_STD01_C,3,R03-S04,ECONOMY,AVAILABLE,0
SEC_STD01_C_R03_S05,SEC_STD01_C,3,R03-S05,ECONOMY,AVAILABLE,0
SEC_STD01_C_R03_S06,SEC_STD01_C,3,R03-S06,ECONOMY,AVAILABLE,0
SEC_STD01_C_R03_S07,SEC_STD01_C,3,R03-S07,ECONOMY,AVAILABLE,0
SEC_STD01_C_R03_S08,SEC_STD01_C,3,R03-S08,ECONOMY,AVAILABLE,0
SEC_STD01_C_R03_S09,SEC_STD01_C,3,R03-S09,ECONOMY,AVAILABLE,0
SEC_STD01_C_R03_S10,SEC_STD01_C,3,R03-S10,ECONOMY,AVAILABLE,0
SEC_STD01_C_R03_S11,SEC_STD01_C,3,R03-S11,ECONOMY,AVAILABLE,0
SEC_STD01_C_R03_S12,SEC_STD01_C,3,R03-S12,ECONOMY,AVAILABLE,0
SEC_STD01_C_R03_S13,SEC_STD01_C,3,R03-S13,ECONOMY,AVAILABLE,0
SEC_STD01_C_R03_S14,SEC_STD01_C,3,R03-S14,ECONOMY,AVAILABLE,0
SEC_STD01_C_R03_S15,SEC_STD01_C,3,R03-S15,ECONOMY,AVAILABLE,0
SEC_STD01_C_R03_S16,SEC_STD01_C,3,R03-S16,ECONOMY,AVAILABLE,0
SEC_STD01_C_R03_S17,SEC_STD01_C,3,R03-S17,ECONOMY,AVAILABLE,0
SEC_STD01_C_R03_S18,SEC_STD01_C,3,R03-S18,ECONOMY,AVAILABLE,0
SEC_STD01_C_R03_S19,SEC_STD01_C,3,R03-S19,ECONOMY,AVAILABLE,0
SEC_STD01_C_R03_S20,SEC_STD01_C,3,R03-S20,ECONOMY,AVAILABLE,0
SEC_STD01_C_R03_S21,SEC_STD01_C,3,R03-S21,ECONOMY,AVAILABLE,0
SEC_STD01_C_R03_S22,SEC_STD01_C,3,R03-S22,ECONOMY,AVAILABLE,0
SEC_STD01_C_R03_S23,SEC_STD01_C,3,R03-S23,ECONOMY,AVAILABLE,0
SEC_STD01_C_R03_S24,SEC_STD01_C,3,R03-S24,ECONOMY,AVAILABLE,0
SEC_STD01_C_R03_S25,SEC_STD01_C,3,R03-S25,ECONOMY,AVAILABLE,0
SEC_STD01_C_R03_S26,SEC_STD01_C,3,R03-S26,ECONOMY,AVAILABLE,0
SEC_STD01_C_R03_S27,SEC_STD01_C,3,R03-S27,ECONOMY,AVAILABLE,0
SEC_STD01_C_R03_S28,SEC_STD01_C,3,R03-S28,ECONOMY,AVAILABLE,0
SEC_STD01_C_R03_S29,SEC_STD01_C,3,R03-S29,ECONOMY,AVAILABLE,0
SEC_STD01_C_R03_S30,SEC_STD01_C,3,R03-S30,ECONOMY,AVAILABLE,0
SEC_STD01_C_R03_S31,SEC_STD01_C,3,R03-S31,ECONOMY,AVAILABLE,0
SEC_STD01_C_R03_S32,SEC_STD01_C,3,R03-S32,ECONOMY,AVAILABLE,0
SEC_STD01_C_R03_S33,SEC_STD01_C,3,R03-S33,ECONOMY,AVAILABLE,0
SEC_STD01_C_R03_S34,SEC_STD01_C,3,R03-S34,ECONOMY,AVAILABLE,0
SEC_STD01_C_R03_S35,SEC_STD01_C,3,R03-S35,ECONOMY,AVAILABLE,0
SEC_STD01_C_R03_S36,SEC_STD01_C,3,R03-S36,ECONOMY,AVAILABLE,0
SEC_STD01_C_R03_S37,SEC_STD01_C,3,R03-S37,ECONOMY,AVAILABLE,0
SEC_STD01_C_R03_S38,SEC_STD01_C,3,R03-S38,ECONOMY,AVAILABLE,0
SEC_STD01_C_R03_S39,SEC_STD01_C,3,R03-S39,ECONOMY,AVAILABLE,0
SEC_STD01_C_R03_S40,SEC_STD01_C,3,R03-S40,ECONOMY,AVAILABLE,0
SEC_STD01_C_R03_S41,SEC_STD01_C,3,R03-S41,ECONOMY,AVAILABLE,0
SEC_STD01_C_R03_S42,SEC_STD01_C,3,R03-S42,ECONOMY,AVAILABLE,0
SEC_STD01_C_R03_S43,SEC_STD01_C,3,R03-S43,ECONOMY,AVAILABLE,0
SEC_STD01_C_R03_S44,SEC_STD01_C,3,R03-S44,ECONOMY,AVAILABLE,0
SEC_STD01_C_R03_S45,SEC_STD01_C,3,R03-S45,ECONOMY,AVAILABLE,0
SEC_STD01_C_R03_S46,SEC_STD01_C,3,R03-S46,ECONOMY,AVAILABLE,0
SEC_STD01_C_R03_S47,SEC_STD01_C,3,R03-S47,ECONOMY,AVAILABLE,0
SEC_STD01_C_R03_S48,SEC_STD01_C,3,R03-S48,ECONOMY,AVAILABLE,0
SEC_STD01_C_R03_S49,SEC_STD01_C,3,R03-S49,ECONOMY,AVAILABLE,0
SEC_STD01_C_R03_S50,SEC_STD01_C,3,R03-S50,ECONOMY,AVAILABLE,0
SEC_STD01_C_R04_S01,SEC_STD01_C,4,R04-S01,ECONOMY,AVAILABLE,0
SEC_STD01_C_R04_S02,SEC_STD01_C,4,R04-S02,ECONOMY,AVAILABLE,0
SEC_STD01_C_R04_S03,SEC_STD01_C,4,R04-S03,ECONOMY,AVAILABLE,0
SEC_STD01_C_R04_S04,SEC_STD01_C,4,R04-S04,ECONOMY,AVAILABLE,0
SEC_STD01_C_R04_S05,SEC_STD01_C,4,R04-S05,ECONOMY,AVAILABLE,0
SEC_STD01_C_R04_S06,SEC_STD01_C,4,R04-S06,ECONOMY,AVAILABLE,0
SEC_STD01_C_R04_S07,SEC_STD01_C,4,R04-S07,ECONOMY,AVAILABLE,0
SEC_STD01_C_R04_S08,SEC_STD01_C,4,R04-S08,ECONOMY,AVAILABLE,0
SEC_STD01_C_R04_S09,SEC_STD01_C,4,R04-S09,ECONOMY,AVAILABLE,0
SEC_STD01_C_R04_S10,SEC_STD01_C,4,R04-S10,ECONOMY,AVAILABLE,0
SEC_STD01_C_R04_S11,SEC_STD01_C,4,R04-S11,ECONOMY,AVAILABLE,0
SEC_STD01_C_R04_S12,SEC_STD01_C,4,R04-S12,ECONOMY,AVAILABLE,0
SEC_STD01_C_R04_S13,SEC_STD01_C,4,R04-S13,ECONOMY,AVAILABLE,0
SEC_STD01_C_R04_S14,SEC_STD01_C,4,R04-S14,ECONOMY,AVAILABLE,0
SEC_STD01_C_R04_S15,SEC_STD01_C,4,R04-S15,ECONOMY,AVAILABLE,0
SEC_STD01_C_R04_S16,SEC_STD01_C,4,R04-S16,ECONOMY,AVAILABLE,0
SEC_STD01_C_R04_S17,SEC_STD01_C,4,R04-S17,ECONOMY,AVAILABLE,0
SEC_STD01_C_R04_S18,SEC_STD01_C,4,R04-S18,ECONOMY,AVAILABLE,0
SEC_STD01_C_R04_S19,SEC_STD01_C,4,R04-S19,ECONOMY,AVAILABLE,0
SEC_STD01_C_R04_S20,SEC_STD01_C,4,R04-S20,ECONOMY,AVAILABLE,0
SEC_STD01_C_R04_S21,SEC_STD01_C,4,R04-S21,ECONOMY,AVAILABLE,0
SEC_STD01_C_R04_S22,SEC_STD01_C,4,R04-S22,ECONOMY,AVAILABLE,0
SEC_STD01_C_R04_S23,SEC_STD01_C,4,R04-S23,ECONOMY,AVAILABLE,0
SEC_STD01_C_R04_S24,SEC_STD01_C,4,R04-S24,ECONOMY,AVAILABLE,0
SEC_STD01_C_R04_S25,SEC_STD01_C,4,R04-S25,ECONOMY,AVAILABLE,0
SEC_STD01_C_R04_S26,SEC_STD01_C,4,R04-S26,ECONOMY,AVAILABLE,0
SEC_STD01_C_R04_S27,SEC_STD01_C,4,R04-S27,ECONOMY,AVAILABLE,0
SEC_STD01_C_R04_S28,SEC_STD01_C,4,R04-S28,ECONOMY,AVAILABLE,0
SEC_STD01_C_R04_S29,SEC_STD01_C,4,R04-S29,ECONOMY,AVAILABLE,0
SEC_STD01_C_R04_S30,SEC_STD01_C,4,R04-S30,ECONOMY,AVAILABLE,0
SEC_STD01_C_R04_S31,SEC_STD01_C,4,R04-S31,ECONOMY,AVAILABLE,0
SEC_STD01_C_R04_S32,SEC_STD01_C,4,R04-S32,ECONOMY,AVAILABLE,0
SEC_STD01_C_R04_S33,SEC_STD01_C,4,R04-S33,ECONOMY,AVAILABLE,0
SEC_STD01_C_R04_S34,SEC_STD01_C,4,R04-S34,ECONOMY,AVAILABLE,0
SEC_STD01_C_R04_S35,SEC_STD01_C,4,R04-S35,ECONOMY,AVAILABLE,0
SEC_STD01_C_R04_S36,SEC_STD01_C,4,R04-S36,ECONOMY,AVAILABLE,0
SEC_STD01_C_R04_S37,SEC_STD01_C,4,R04-S37,ECONOMY,AVAILABLE,0
SEC_STD01_C_R04_S38,SEC_STD01_C,4,R04-S38,ECONOMY,AVAILABLE,0
SEC_STD01_C_R04_S39,SEC_STD01_C,4,R04-S39,ECONOMY,AVAILABLE,0
SEC_STD01_C_R04_S40,SEC_STD01_C,4,R04-S40,ECONOMY,AVAILABLE,0
SEC_STD01_C_R04_S41,SEC_STD01_C,4,R04-S41,ECONOMY,AVAILABLE,0
SEC_STD01_C_R04_S42,SEC_STD01_C,4,R04-S42,ECONOMY,AVAILABLE,0
SEC_STD01_C_R04_S43,SEC_STD01_C,4,R04-S43,ECONOMY,AVAILABLE,0
SEC_STD01_C_R04_S44,SEC_STD01_C,4,R04-S44,ECONOMY,AVAILABLE,0
SEC_STD01_C_R04_S45,SEC_STD01_C,4,R04-S45,ECONOMY,AVAILABLE,0
SEC_STD01_C_R04_S46,SEC_STD01_C,4,R04-S46,ECONOMY,AVAILABLE,0
SEC_STD01_C_R04_S47,SEC_STD01_C,4,R04-S47,ECONOMY,AVAILABLE,0
SEC_STD01_C_R04_S48,SEC_STD01_C,4,R04-S48,ECONOMY,AVAILABLE,0
SEC_STD01_C_R04_S49,SEC_STD01_C,4,R04-S49,ECONOMY,AVAILABLE,0
SEC_STD01_C_R04_S50,SEC_STD01_C,4,R04-S50,ECONOMY,AVAILABLE,0
SEC_STD01_C_R05_S01,SEC_STD01_C,5,R05-S01,ECONOMY,AVAILABLE,0
SEC_STD01_C_R05_S02,SEC_STD01_C,5,R05-S02,ECONOMY,AVAILABLE,0
SEC_STD01_C_R05_S03,SEC_STD01_C,5,R05-S03,ECONOMY,AVAILABLE,0
SEC_STD01_C_R05_S04,SEC_STD01_C,5,R05-S04,ECONOMY,AVAILABLE,0
SEC_STD01_C_R05_S05,SEC_STD01_C,5,R05-S05,ECONOMY,AVAILABLE,0
SEC_STD01_C_R05_S06,SEC_STD01_C,5,R05-S06,ECONOMY,AVAILABLE,0
SEC_STD01_C_R05_S07,SEC_STD01_C,5,R05-S07,ECONOMY,AVAILABLE,0
SEC_STD01_C_R05_S08,SEC_STD01_C,5,R05-S08,ECONOMY,AVAILABLE,0
SEC_STD01_C_R05_S09,SEC_STD01_C,5,R05-S09,ECONOMY,AVAILABLE,0
SEC_STD01_C_R05_S10,SEC_STD01_C,5,R05-S10,ECONOMY,AVAILABLE,0
SEC_STD01_C_R05_S11,SEC_STD01_C,5,R05-S11,ECONOMY,AVAILABLE,0
SEC_STD01_C_R05_S12,SEC_STD01_C,5,R05-S12,ECONOMY,AVAILABLE,0
SEC_STD01_C_R05_S13,SEC_STD01_C,5,R05-S13,ECONOMY,AVAILABLE,0
SEC_STD01_C_R05_S14,SEC_STD01_C,5,R05-S14,ECONOMY,AVAILABLE,0
SEC_STD01_C_R05_S15,SEC_STD01_C,5,R05-S15,ECONOMY,AVAILABLE,0
SEC_STD01_C_R05_S16,SEC_STD01_C,5,R05-S16,ECONOMY,AVAILABLE,0
SEC_STD01_C_R05_S17,SEC_STD01_C,5,R05-S17,ECONOMY,AVAILABLE,0
SEC_STD01_C_R05_S18,SEC_STD01_C,5,R05-S18,ECONOMY,AVAILABLE,0
SEC_STD01_C_R05_S19,SEC_STD01_C,5,R05-S19,ECONOMY,AVAILABLE,0
SEC_STD01_C_R05_S20,SEC_STD01_C,5,R05-S20,ECONOMY,AVAILABLE,0
SEC_STD01_C_R05_S21,SEC_STD01_C,5,R05-S21,ECONOMY,AVAILABLE,0
SEC_STD01_C_R05_S22,SEC_STD01_C,5,R05-S22,ECONOMY,AVAILABLE,0
SEC_STD01_C_R05_S23,SEC_STD01_C,5,R05-S23,ECONOMY,AVAILABLE,0
SEC_STD01_C_R05_S24,SEC_STD01_C,5,R05-S24,ECONOMY,AVAILABLE,0
SEC_STD01_C_R05_S25,SEC_STD01_C,5,R05-S25,ECONOMY,AVAILABLE,0
SEC_STD01_C_R05_S26,SEC_STD01_C,5,R05-S26,ECONOMY,AVAILABLE,0
SEC_STD01_C_R05_S27,SEC_STD01_C,5,R05-S27,ECONOMY,AVAILABLE,0
SEC_STD01_C_R05_S28,SEC_STD01_C,5,R05-S28,ECONOMY,AVAILABLE,0
SEC_STD01_C_R05_S29,SEC_STD01_C,5,R05-S29,ECONOMY,AVAILABLE,0
SEC_STD01_C_R05_S30,SEC_STD01_C,5,R05-S30,ECONOMY,AVAILABLE,0
SEC_STD01_C_R05_S31,SEC_STD01_C,5,R05-S31,ECONOMY,AVAILABLE,0
SEC_STD01_C_R05_S32,SEC_STD01_C,5,R05-S32,ECONOMY,AVAILABLE,0
SEC_STD01_C_R05_S33,SEC_STD01_C,5,R05-S33,ECONOMY,AVAILABLE,0
SEC_STD01_C_R05_S34,SEC_STD01_C,5,R05-S34,ECONOMY,AVAILABLE,0
SEC_STD01_C_R05_S35,SEC_STD01_C,5,R05-S35,ECONOMY,AVAILABLE,0
SEC_STD01_C_R05_S36,SEC_STD01_C,5,R05-S36,ECONOMY,AVAILABLE,0
SEC_STD01_C_R05_S37,SEC_STD01_C,5,R05-S37,ECONOMY,AVAILABLE,0
SEC_STD01_C_R05_S38,SEC_STD01_C,5,R05-S38,ECONOMY,AVAILABLE,0
SEC_STD01_C_R05_S39,SEC_STD01_C,5,R05-S39,ECONOMY,AVAILABLE,0
SEC_STD01_C_R05_S40,SEC_STD01_C,5,R05-S40,ECONOMY,AVAILABLE,0
SEC_STD01_C_R05_S41,SEC_STD01_C,5,R05-S41,ECONOMY,AVAILABLE,0
SEC_STD01_C_R05_S42,SEC_STD01_C,5,R05-S42,ECONOMY,AVAILABLE,0
SEC_STD01_C_R05_S43,SEC_STD01_C,5,R05-S43,ECONOMY,AVAILABLE,0
SEC_STD01_C_R05_S44,SEC_STD01_C,5,R05-S44,ECONOMY,AVAILABLE,0
SEC_STD01_C_R05_S45,SEC_STD01_C,5,R05-S45,ECONOMY,AVAILABLE,0
SEC_STD01_C_R05_S46,SEC_STD01_C,5,R05-S46,ECONOMY,AVAILABLE,0
SEC_STD01_C_R05_S47,SEC_STD01_C,5,R05-S47,ECONOMY,AVAILABLE,0
SEC_STD01_C_R05_S48,SEC_STD01_C,5,R05-S48,ECONOMY,AVAILABLE,0
SEC_STD01_C_R05_S49,SEC_STD01_C,5,R05-S49,ECONOMY,AVAILABLE,0
SEC_STD01_C_R05_S50,SEC_STD01_C,5,R05-S50,ECONOMY,AVAILABLE,0
SEC_STD01_C_R06_S01,SEC_STD01_C,6,R06-S01,ECONOMY,AVAILABLE,0
SEC_STD01_C_R06_S02,SEC_STD01_C,6,R06-S02,ECONOMY,AVAILABLE,0
SEC_STD01_C_R06_S03,SEC_STD01_C,6,R06-S03,ECONOMY,AVAILABLE,0
SEC_STD01_C_R06_S04,SEC_STD01_C,6,R06-S04,ECONOMY,AVAILABLE,0
SEC_STD01_C_R06_S05,SEC_STD01_C,6,R06-S05,ECONOMY,AVAILABLE,0
SEC_STD01_C_R06_S06,SEC_STD01_C,6,R06-S06,ECONOMY,AVAILABLE,0
SEC_STD01_C_R06_S07,SEC_STD01_C,6,R06-S07,ECONOMY,AVAILABLE,0
SEC_STD01_C_R06_S08,SEC_STD01_C,6,R06-S08,ECONOMY,AVAILABLE,0
SEC_STD01_C_R06_S09,SEC_STD01_C,6,R06-S09,ECONOMY,AVAILABLE,0
SEC_STD01_C_R06_S10,SEC_STD01_C,6,R06-S10,ECONOMY,AVAILABLE,0
SEC_STD01_C_R06_S11,SEC_STD01_C,6,R06-S11,ECONOMY,AVAILABLE,0
SEC_STD01_C_R06_S12,SEC_STD01_C,6,R06-S12,ECONOMY,AVAILABLE,0
SEC_STD01_C_R06_S13,SEC_STD01_C,6,R06-S13,ECONOMY,AVAILABLE,0
SEC_STD01_C_R06_S14,SEC_STD01_C,6,R06-S14,ECONOMY,AVAILABLE,0
SEC_STD01_C_R06_S15,SEC_STD01_C,6,R06-S15,ECONOMY,AVAILABLE,0
SEC_STD01_C_R06_S16,SEC_STD01_C,6,R06-S16,ECONOMY,AVAILABLE,0
SEC_STD01_C_R06_S17,SEC_STD01_C,6,R06-S17,ECONOMY,AVAILABLE,0
SEC_STD01_C_R06_S18,SEC_STD01_C,6,R06-S18,ECONOMY,AVAILABLE,0
SEC_STD01_C_R06_S19,SEC_STD01_C,6,R06-S19,ECONOMY,AVAILABLE,0
SEC_STD01_C_R06_S20,SEC_STD01_C,6,R06-S20,ECONOMY,AVAILABLE,0
SEC_STD01_C_R06_S21,SEC_STD01_C,6,R06-S21,ECONOMY,AVAILABLE,0
SEC_STD01_C_R06_S22,SEC_STD01_C,6,R06-S22,ECONOMY,AVAILABLE,0
SEC_STD01_C_R06_S23,SEC_STD01_C,6,R06-S23,ECONOMY,AVAILABLE,0
SEC_STD01_C_R06_S24,SEC_STD01_C,6,R06-S24,ECONOMY,AVAILABLE,0
SEC_STD01_C_R06_S25,SEC_STD01_C,6,R06-S25,ECONOMY,AVAILABLE,0
SEC_STD01_C_R06_S26,SEC_STD01_C,6,R06-S26,ECONOMY,AVAILABLE,0
SEC_STD01_C_R06_S27,SEC_STD01_C,6,R06-S27,ECONOMY,AVAILABLE,0
SEC_STD01_C_R06_S28,SEC_STD01_C,6,R06-S28,ECONOMY,AVAILABLE,0
SEC_STD01_C_R06_S29,SEC_STD01_C,6,R06-S29,ECONOMY,AVAILABLE,0
SEC_STD01_C_R06_S30,SEC_STD01_C,6,R06-S30,ECONOMY,AVAILABLE,0
SEC_STD01_C_R06_S31,SEC_STD01_C,6,R06-S31,ECONOMY,AVAILABLE,0
SEC_STD01_C_R06_S32,SEC_STD01_C,6,R06-S32,ECONOMY,AVAILABLE,0
SEC_STD01_C_R06_S33,SEC_STD01_C,6,R06-S33,ECONOMY,AVAILABLE,0
SEC_STD01_C_R06_S34,SEC_STD01_C,6,R06-S34,ECONOMY,AVAILABLE,0
SEC_STD01_C_R06_S35,SEC_STD01_C,6,R06-S35,ECONOMY,AVAILABLE,0
SEC_STD01_C_R06_S36,SEC_STD01_C,6,R06-S36,ECONOMY,AVAILABLE,0
SEC_STD01_C_R06_S37,SEC_STD01_C,6,R06-S37,ECONOMY,AVAILABLE,0
SEC_STD01_C_R06_S38,SEC_STD01_C,6,R06-S38,ECONOMY,AVAILABLE,0
SEC_STD01_C_R06_S39,SEC_STD01_C,6,R06-S39,ECONOMY,AVAILABLE,0
SEC_STD01_C_R06_S40,SEC_STD01_C,6,R06-S40,ECONOMY,AVAILABLE,0
SEC_STD01_C_R06_S41,SEC_STD01_C,6,R06-S41,ECONOMY,AVAILABLE,0
SEC_STD01_C_R06_S42,SEC_STD01_C,6,R06-S42,ECONOMY,AVAILABLE,0
SEC_STD01_C_R06_S43,SEC_STD01_C,6,R06-S43,ECONOMY,AVAILABLE,0
SEC_STD01_C_R06_S44,SEC_STD01_C,6,R06-S44,ECONOMY,AVAILABLE,0
SEC_STD01_C_R06_S45,SEC_STD01_C,6,R06-S45,ECONOMY,AVAILABLE,0
SEC_STD01_C_R06_S46,SEC_STD01_C,6,R06-S46,ECONOMY,AVAILABLE,0
SEC_STD01_C_R06_S47,SEC_STD01_C,6,R06-S47,ECONOMY,AVAILABLE,0
SEC_STD01_C_R06_S48,SEC_STD01_C,6,R06-S48,ECONOMY,AVAILABLE,0
SEC_STD01_C_R06_S49,SEC_STD01_C,6,R06-S49,ECONOMY,AVAILABLE,0
SEC_STD01_C_R06_S50,SEC_STD01_C,6,R06-S50,ECONOMY,AVAILABLE,0
SEC_STD01_C_R07_S01,SEC_STD01_C,7,R07-S01,ECONOMY,AVAILABLE,0
SEC_STD01_C_R07_S02,SEC_STD01_C,7,R07-S02,ECONOMY,AVAILABLE,0
SEC_STD01_C_R07_S03,SEC_STD01_C,7,R07-S03,ECONOMY,AVAILABLE,0
SEC_STD01_C_R07_S04,SEC_STD01_C,7,R07-S04,ECONOMY,AVAILABLE,0
SEC_STD01_C_R07_S05,SEC_STD01_C,7,R07-S05,ECONOMY,AVAILABLE,0
SEC_STD01_C_R07_S06,SEC_STD01_C,7,R07-S06,ECONOMY,AVAILABLE,0
SEC_STD01_C_R07_S07,SEC_STD01_C,7,R07-S07,ECONOMY,AVAILABLE,0
SEC_STD01_C_R07_S08,SEC_STD01_C,7,R07-S08,ECONOMY,AVAILABLE,0
SEC_STD01_C_R07_S09,SEC_STD01_C,7,R07-S09,ECONOMY,AVAILABLE,0
SEC_STD01_C_R07_S10,SEC_STD01_C,7,R07-S10,ECONOMY,AVAILABLE,0
SEC_STD01_C_R07_S11,SEC_STD01_C,7,R07-S11,ECONOMY,AVAILABLE,0
SEC_STD01_C_R07_S12,SEC_STD01_C,7,R07-S12,ECONOMY,AVAILABLE,0
SEC_STD01_C_R07_S13,SEC_STD01_C,7,R07-S13,ECONOMY,AVAILABLE,0
SEC_STD01_C_R07_S14,SEC_STD01_C,7,R07-S14,ECONOMY,AVAILABLE,0
SEC_STD01_C_R07_S15,SEC_STD01_C,7,R07-S15,ECONOMY,AVAILABLE,0
SEC_STD01_C_R07_S16,SEC_STD01_C,7,R07-S16,ECONOMY,AVAILABLE,0
SEC_STD01_C_R07_S17,SEC_STD01_C,7,R07-S17,ECONOMY,AVAILABLE,0
SEC_STD01_C_R07_S18,SEC_STD01_C,7,R07-S18,ECONOMY,AVAILABLE,0
SEC_STD01_C_R07_S19,SEC_STD01_C,7,R07-S19,ECONOMY,AVAILABLE,0
SEC_STD01_C_R07_S20,SEC_STD01_C,7,R07-S20,ECONOMY,AVAILABLE,0
SEC_STD01_C_R07_S21,SEC_STD01_C,7,R07-S21,ECONOMY,AVAILABLE,0
SEC_STD01_C_R07_S22,SEC_STD01_C,7,R07-S22,ECONOMY,AVAILABLE,0
SEC_STD01_C_R07_S23,SEC_STD01_C,7,R07-S23,ECONOMY,AVAILABLE,0
SEC_STD01_C_R07_S24,SEC_STD01_C,7,R07-S24,ECONOMY,AVAILABLE,0
SEC_STD01_C_R07_S25,SEC_STD01_C,7,R07-S25,ECONOMY,AVAILABLE,0
SEC_STD01_C_R07_S26,SEC_STD01_C,7,R07-S26,ECONOMY,AVAILABLE,0
SEC_STD01_C_R07_S27,SEC_STD01_C,7,R07-S27,ECONOMY,AVAILABLE,0
SEC_STD01_C_R07_S28,SEC_STD01_C,7,R07-S28,ECONOMY,AVAILABLE,0
SEC_STD01_C_R07_S29,SEC_STD01_C,7,R07-S29,ECONOMY,AVAILABLE,0
SEC_STD01_C_R07_S30,SEC_STD01_C,7,R07-S30,ECONOMY,AVAILABLE,0
SEC_STD01_C_R07_S31,SEC_STD01_C,7,R07-S31,ECONOMY,AVAILABLE,0
SEC_STD01_C_R07_S32,SEC_STD01_C,7,R07-S32,ECONOMY,AVAILABLE,0
SEC_STD01_C_R07_S33,SEC_STD01_C,7,R07-S33,ECONOMY,AVAILABLE,0
SEC_STD01_C_R07_S34,SEC_STD01_C,7,R07-S34,ECONOMY,AVAILABLE,0
SEC_STD01_C_R07_S35,SEC_STD01_C,7,R07-S35,ECONOMY,AVAILABLE,0
SEC_STD01_C_R07_S36,SEC_STD01_C,7,R07-S36,ECONOMY,AVAILABLE,0
SEC_STD01_C_R07_S37,SEC_STD01_C,7,R07-S37,ECONOMY,AVAILABLE,0
SEC_STD01_C_R07_S38,SEC_STD01_C,7,R07-S38,ECONOMY,AVAILABLE,0
SEC_STD01_C_R07_S39,SEC_STD01_C,7,R07-S39,ECONOMY,AVAILABLE,0
SEC_STD01_C_R07_S40,SEC_STD01_C,7,R07-S40,ECONOMY,AVAILABLE,0
SEC_STD01_C_R07_S41,SEC_STD01_C,7,R07-S41,ECONOMY,AVAILABLE,0
SEC_STD01_C_R07_S42,SEC_STD01_C,7,R07-S42,ECONOMY,AVAILABLE,0
SEC_STD01_C_R07_S43,SEC_STD01_C,7,R07-S43,ECONOMY,AVAILABLE,0
SEC_STD01_C_R07_S44,SEC_STD01_C,7,R07-S44,ECONOMY,AVAILABLE,0
SEC_STD01_C_R07_S45,SEC_STD01_C,7,R07-S45,ECONOMY,AVAILABLE,0
SEC_STD01_C_R07_S46,SEC_STD01_C,7,R07-S46,ECONOMY,AVAILABLE,0
SEC_STD01_C_R07_S47,SEC_STD01_C,7,R07-S47,ECONOMY,AVAILABLE,0
SEC_STD01_C_R07_S48,SEC_STD01_C,7,R07-S48,ECONOMY,AVAILABLE,0
SEC_STD01_C_R07_S49,SEC_STD01_C,7,R07-S49,ECONOMY,AVAILABLE,0
SEC_STD01_C_R07_S50,SEC_STD01_C,7,R07-S50,ECONOMY,AVAILABLE,0
SEC_STD01_C_R08_S01,SEC_STD01_C,8,R08-S01,ECONOMY,AVAILABLE,0
SEC_STD01_C_R08_S02,SEC_STD01_C,8,R08-S02,ECONOMY,AVAILABLE,0
SEC_STD01_C_R08_S03,SEC_STD01_C,8,R08-S03,ECONOMY,AVAILABLE,0
SEC_STD01_C_R08_S04,SEC_STD01_C,8,R08-S04,ECONOMY,AVAILABLE,0
SEC_STD01_C_R08_S05,SEC_STD01_C,8,R08-S05,ECONOMY,AVAILABLE,0
SEC_STD01_C_R08_S06,SEC_STD01_C,8,R08-S06,ECONOMY,AVAILABLE,0
SEC_STD01_C_R08_S07,SEC_STD01_C,8,R08-S07,ECONOMY,AVAILABLE,0
SEC_STD01_C_R08_S08,SEC_STD01_C,8,R08-S08,ECONOMY,AVAILABLE,0
SEC_STD01_C_R08_S09,SEC_STD01_C,8,R08-S09,ECONOMY,AVAILABLE,0
SEC_STD01_C_R08_S10,SEC_STD01_C,8,R08-S10,ECONOMY,AVAILABLE,0
SEC_STD01_C_R08_S11,SEC_STD01_C,8,R08-S11,ECONOMY,AVAILABLE,0
SEC_STD01_C_R08_S12,SEC_STD01_C,8,R08-S12,ECONOMY,AVAILABLE,0
SEC_STD01_C_R08_S13,SEC_STD01_C,8,R08-S13,ECONOMY,AVAILABLE,0
SEC_STD01_C_R08_S14,SEC_STD01_C,8,R08-S14,ECONOMY,AVAILABLE,0
SEC_STD01_C_R08_S15,SEC_STD01_C,8,R08-S15,ECONOMY,AVAILABLE,0
SEC_STD01_C_R08_S16,SEC_STD01_C,8,R08-S16,ECONOMY,AVAILABLE,0
SEC_STD01_C_R08_S17,SEC_STD01_C,8,R08-S17,ECONOMY,AVAILABLE,0
SEC_STD01_C_R08_S18,SEC_STD01_C,8,R08-S18,ECONOMY,AVAILABLE,0
SEC_STD01_C_R08_S19,SEC_STD01_C,8,R08-S19,ECONOMY,AVAILABLE,0
SEC_STD01_C_R08_S20,SEC_STD01_C,8,R08-S20,ECONOMY,AVAILABLE,0
SEC_STD01_C_R08_S21,SEC_STD01_C,8,R08-S21,ECONOMY,AVAILABLE,0
SEC_STD01_C_R08_S22,SEC_STD01_C,8,R08-S22,ECONOMY,AVAILABLE,0
SEC_STD01_C_R08_S23,SEC_STD01_C,8,R08-S23,ECONOMY,AVAILABLE,0
SEC_STD01_C_R08_S24,SEC_STD01_C,8,R08-S24,ECONOMY,AVAILABLE,0
SEC_STD01_C_R08_S25,SEC_STD01_C,8,R08-S25,ECONOMY,AVAILABLE,0
SEC_STD01_C_R08_S26,SEC_STD01_C,8,R08-S26,ECONOMY,AVAILABLE,0
SEC_STD01_C_R08_S27,SEC_STD01_C,8,R08-S27,ECONOMY,AVAILABLE,0
SEC_STD01_C_R08_S28,SEC_STD01_C,8,R08-S28,ECONOMY,AVAILABLE,0
SEC_STD01_C_R08_S29,SEC_STD01_C,8,R08-S29,ECONOMY,AVAILABLE,0
SEC_STD01_C_R08_S30,SEC_STD01_C,8,R08-S30,ECONOMY,AVAILABLE,0
SEC_STD01_C_R08_S31,SEC_STD01_C,8,R08-S31,ECONOMY,AVAILABLE,0
SEC_STD01_C_R08_S32,SEC_STD01_C,8,R08-S32,ECONOMY,AVAILABLE,0
SEC_STD01_C_R08_S33,SEC_STD01_C,8,R08-S33,ECONOMY,AVAILABLE,0
SEC_STD01_C_R08_S34,SEC_STD01_C,8,R08-S34,ECONOMY,AVAILABLE,0
SEC_STD01_C_R08_S35,SEC_STD01_C,8,R08-S35,ECONOMY,AVAILABLE,0
SEC_STD01_C_R08_S36,SEC_STD01_C,8,R08-S36,ECONOMY,AVAILABLE,0
SEC_STD01_C_R08_S37,SEC_STD01_C,8,R08-S37,ECONOMY,AVAILABLE,0
SEC_STD01_C_R08_S38,SEC_STD01_C,8,R08-S38,ECONOMY,AVAILABLE,0
SEC_STD01_C_R08_S39,SEC_STD01_C,8,R08-S39,ECONOMY,AVAILABLE,0
SEC_STD01_C_R08_S40,SEC_STD01_C,8,R08-S40,ECONOMY,AVAILABLE,0
SEC_STD01_C_R08_S41,SEC_STD01_C,8,R08-S41,ECONOMY,AVAILABLE,0
SEC_STD01_C_R08_S42,SEC_STD01_C,8,R08-S42,ECONOMY,AVAILABLE,0
SEC_STD01_C_R08_S43,SEC_STD01_C,8,R08-S43,ECONOMY,AVAILABLE,0
SEC_STD01_C_R08_S44,SEC_STD01_C,8,R08-S44,ECONOMY,AVAILABLE,0
SEC_STD01_C_R08_S45,SEC_STD01_C,8,R08-S45,ECONOMY,AVAILABLE,0
SEC_STD01_C_R08_S46,SEC_STD01_C,8,R08-S46,ECONOMY,AVAILABLE,0
SEC_STD01_C_R08_S47,SEC_STD01_C,8,R08-S47,ECONOMY,AVAILABLE,0
SEC_STD01_C_R08_S48,SEC_STD01_C,8,R08-S48,ECONOMY,AVAILABLE,0
SEC_STD01_C_R08_S49,SEC_STD01_C,8,R08-S49,ECONOMY,AVAILABLE,0
SEC_STD01_C_R08_S50,SEC_STD01_C,8,R08-S50,ECONOMY,AVAILABLE,0
SEC_STD01_C_R09_S01,SEC_STD01_C,9,R09-S01,ECONOMY,AVAILABLE,0
SEC_STD01_C_R09_S02,SEC_STD01_C,9,R09-S02,ECONOMY,AVAILABLE,0
SEC_STD01_C_R09_S03,SEC_STD01_C,9,R09-S03,ECONOMY,AVAILABLE,0
SEC_STD01_C_R09_S04,SEC_STD01_C,9,R09-S04,ECONOMY,AVAILABLE,0
SEC_STD01_C_R09_S05,SEC_STD01_C,9,R09-S05,ECONOMY,AVAILABLE,0
SEC_STD01_C_R09_S06,SEC_STD01_C,9,R09-S06,ECONOMY,AVAILABLE,0
SEC_STD01_C_R09_S07,SEC_STD01_C,9,R09-S07,ECONOMY,AVAILABLE,0
SEC_STD01_C_R09_S08,SEC_STD01_C,9,R09-S08,ECONOMY,AVAILABLE,0
SEC_STD01_C_R09_S09,SEC_STD01_C,9,R09-S09,ECONOMY,AVAILABLE,0
SEC_STD01_C_R09_S10,SEC_STD01_C,9,R09-S10,ECONOMY,AVAILABLE,0
SEC_STD01_C_R09_S11,SEC_STD01_C,9,R09-S11,ECONOMY,AVAILABLE,0
SEC_STD01_C_R09_S12,SEC_STD01_C,9,R09-S12,ECONOMY,AVAILABLE,0
SEC_STD01_C_R09_S13,SEC_STD01_C,9,R09-S13,ECONOMY,AVAILABLE,0
SEC_STD01_C_R09_S14,SEC_STD01_C,9,R09-S14,ECONOMY,AVAILABLE,0
SEC_STD01_C_R09_S15,SEC_STD01_C,9,R09-S15,ECONOMY,AVAILABLE,0
SEC_STD01_C_R09_S16,SEC_STD01_C,9,R09-S16,ECONOMY,AVAILABLE,0
SEC_STD01_C_R09_S17,SEC_STD01_C,9,R09-S17,ECONOMY,AVAILABLE,0
SEC_STD01_C_R09_S18,SEC_STD01_C,9,R09-S18,ECONOMY,AVAILABLE,0
SEC_STD01_C_R09_S19,SEC_STD01_C,9,R09-S19,ECONOMY,AVAILABLE,0
SEC_STD01_C_R09_S20,SEC_STD01_C,9,R09-S20,ECONOMY,AVAILABLE,0
SEC_STD01_C_R09_S21,SEC_STD01_C,9,R09-S21,ECONOMY,AVAILABLE,0
SEC_STD01_C_R09_S22,SEC_STD01_C,9,R09-S22,ECONOMY,AVAILABLE,0
SEC_STD01_C_R09_S23,SEC_STD01_C,9,R09-S23,ECONOMY,AVAILABLE,0
SEC_STD01_C_R09_S24,SEC_STD01_C,9,R09-S24,ECONOMY,AVAILABLE,0
SEC_STD01_C_R09_S25,SEC_STD01_C,9,R09-S25,ECONOMY,AVAILABLE,0
SEC_STD01_C_R09_S26,SEC_STD01_C,9,R09-S26,ECONOMY,AVAILABLE,0
SEC_STD01_C_R09_S27,SEC_STD01_C,9,R09-S27,ECONOMY,AVAILABLE,0
SEC_STD01_C_R09_S28,SEC_STD01_C,9,R09-S28,ECONOMY,AVAILABLE,0
SEC_STD01_C_R09_S29,SEC_STD01_C,9,R09-S29,ECONOMY,AVAILABLE,0
SEC_STD01_C_R09_S30,SEC_STD01_C,9,R09-S30,ECONOMY,AVAILABLE,0
SEC_STD01_C_R09_S31,SEC_STD01_C,9,R09-S31,ECONOMY,AVAILABLE,0
SEC_STD01_C_R09_S32,SEC_STD01_C,9,R09-S32,ECONOMY,AVAILABLE,0
SEC_STD01_C_R09_S33,SEC_STD01_C,9,R09-S33,ECONOMY,AVAILABLE,0
SEC_STD01_C_R09_S34,SEC_STD01_C,9,R09-S34,ECONOMY,AVAILABLE,0
SEC_STD01_C_R09_S35,SEC_STD01_C,9,R09-S35,ECONOMY,AVAILABLE,0
SEC_STD01_C_R09_S36,SEC_STD01_C,9,R09-S36,ECONOMY,AVAILABLE,0
SEC_STD01_C_R09_S37,SEC_STD01_C,9,R09-S37,ECONOMY,AVAILABLE,0
SEC_STD01_C_R09_S38,SEC_STD01_C,9,R09-S38,ECONOMY,AVAILABLE,0
SEC_STD01_C_R09_S39,SEC_STD01_C,9,R09-S39,ECONOMY,AVAILABLE,0
SEC_STD01_C_R09_S40,SEC_STD01_C,9,R09-S40,ECONOMY,AVAILABLE,0
SEC_STD01_C_R09_S41,SEC_STD01_C,9,R09-S41,ECONOMY,AVAILABLE,0
SEC_STD01_C_R09_S42,SEC_STD01_C,9,R09-S42,ECONOMY,AVAILABLE,0
SEC_STD01_C_R09_S43,SEC_STD01_C,9,R09-S43,ECONOMY,AVAILABLE,0
SEC_STD01_C_R09_S44,SEC_STD01_C,9,R09-S44,ECONOMY,AVAILABLE,0
SEC_STD01_C_R09_S45,SEC_STD01_C,9,R09-S45,ECONOMY,AVAILABLE,0
SEC_STD01_C_R09_S46,SEC_STD01_C,9,R09-S46,ECONOMY,AVAILABLE,0
SEC_STD01_C_R09_S47,SEC_STD01_C,9,R09-S47,ECONOMY,AVAILABLE,0
SEC_STD01_C_R09_S48,SEC_STD01_C,9,R09-S48,ECONOMY,AVAILABLE,0
SEC_STD01_C_R09_S49,SEC_STD01_C,9,R09-S49,ECONOMY,AVAILABLE,0
SEC_STD01_C_R09_S50,SEC_STD01_C,9,R09-S50,ECONOMY,AVAILABLE,0
SEC_STD01_C_R10_S01,SEC_STD01_C,10,R10-S01,ECONOMY,AVAILABLE,0
SEC_STD01_C_R10_S02,SEC_STD01_C,10,R10-S02,ECONOMY,AVAILABLE,0
SEC_STD01_C_R10_S03,SEC_STD01_C,10,R10-S03,ECONOMY,AVAILABLE,0
SEC_STD01_C_R10_S04,SEC_STD01_C,10,R10-S04,ECONOMY,AVAILABLE,0
SEC_STD01_C_R10_S05,SEC_STD01_C,10,R10-S05,ECONOMY,AVAILABLE,0
SEC_STD01_C_R10_S06,SEC_STD01_C,10,R10-S06,ECONOMY,AVAILABLE,0
SEC_STD01_C_R10_S07,SEC_STD01_C,10,R10-S07,ECONOMY,AVAILABLE,0
SEC_STD01_C_R10_S08,SEC_STD01_C,10,R10-S08,ECONOMY,AVAILABLE,0
SEC_STD01_C_R10_S09,SEC_STD01_C,10,R10-S09,ECONOMY,AVAILABLE,0
SEC_STD01_C_R10_S10,SEC_STD01_C,10,R10-S10,ECONOMY,AVAILABLE,0
SEC_STD01_C_R10_S11,SEC_STD01_C,10,R10-S11,ECONOMY,AVAILABLE,0
SEC_STD01_C_R10_S12,SEC_STD01_C,10,R10-S12,ECONOMY,AVAILABLE,0
SEC_STD01_C_R10_S13,SEC_STD01_C,10,R10-S13,ECONOMY,AVAILABLE,0
SEC_STD01_C_R10_S14,SEC_STD01_C,10,R10-S14,ECONOMY,AVAILABLE,0
SEC_STD01_C_R10_S15,SEC_STD01_C,10,R10-S15,ECONOMY,AVAILABLE,0
SEC_STD01_C_R10_S16,SEC_STD01_C,10,R10-S16,ECONOMY,AVAILABLE,0
SEC_STD01_C_R10_S17,SEC_STD01_C,10,R10-S17,ECONOMY,AVAILABLE,0
SEC_STD01_C_R10_S18,SEC_STD01_C,10,R10-S18,ECONOMY,AVAILABLE,0
SEC_STD01_C_R10_S19,SEC_STD01_C,10,R10-S19,ECONOMY,AVAILABLE,0
SEC_STD01_C_R10_S20,SEC_STD01_C,10,R10-S20,ECONOMY,AVAILABLE,0
SEC_STD01_C_R10_S21,SEC_STD01_C,10,R10-S21,ECONOMY,AVAILABLE,0
SEC_STD01_C_R10_S22,SEC_STD01_C,10,R10-S22,ECONOMY,AVAILABLE,0
SEC_STD01_C_R10_S23,SEC_STD01_C,10,R10-S23,ECONOMY,AVAILABLE,0
SEC_STD01_C_R10_S24,SEC_STD01_C,10,R10-S24,ECONOMY,AVAILABLE,0
SEC_STD01_C_R10_S25,SEC_STD01_C,10,R10-S25,ECONOMY,AVAILABLE,0
SEC_STD01_C_R10_S26,SEC_STD01_C,10,R10-S26,ECONOMY,AVAILABLE,0
SEC_STD01_C_R10_S27,SEC_STD01_C,10,R10-S27,ECONOMY,AVAILABLE,0
SEC_STD01_C_R10_S28,SEC_STD01_C,10,R10-S28,ECONOMY,AVAILABLE,0
SEC_STD01_C_R10_S29,SEC_STD01_C,10,R10-S29,ECONOMY,AVAILABLE,0
SEC_STD01_C_R10_S30,SEC_STD01_C,10,R10-S30,ECONOMY,AVAILABLE,0
SEC_STD01_C_R10_S31,SEC_STD01_C,10,R10-S31,ECONOMY,AVAILABLE,0
SEC_STD01_C_R10_S32,SEC_STD01_C,10,R10-S32,ECONOMY,AVAILABLE,0
SEC_STD01_C_R10_S33,SEC_STD01_C,10,R10-S33,ECONOMY,AVAILABLE,0
SEC_STD01_C_R10_S34,SEC_STD01_C,10,R10-S34,ECONOMY,AVAILABLE,0
SEC_STD01_C_R10_S35,SEC_STD01_C,10,R10-S35,ECONOMY,AVAILABLE,0
SEC_STD01_C_R10_S36,SEC_STD01_C,10,R10-S36,ECONOMY,AVAILABLE,0
SEC_STD01_C_R10_S37,SEC_STD01_C,10,R10-S37,ECONOMY,AVAILABLE,0
SEC_STD01_C_R10_S38,SEC_STD01_C,10,R10-S38,ECONOMY,AVAILABLE,0
SEC_STD01_C_R10_S39,SEC_STD01_C,10,R10-S39,ECONOMY,AVAILABLE,0
SEC_STD01_C_R10_S40,SEC_STD01_C,10,R10-S40,ECONOMY,AVAILABLE,0
SEC_STD01_C_R10_S41,SEC_STD01_C,10,R10-S41,ECONOMY,AVAILABLE,0
SEC_STD01_C_R10_S42,SEC_STD01_C,10,R10-S42,ECONOMY,AVAILABLE,0
SEC_STD01_C_R10_S43,SEC_STD01_C,10,R10-S43,ECONOMY,AVAILABLE,0
SEC_STD01_C_R10_S44,SEC_STD01_C,10,R10-S44,ECONOMY,AVAILABLE,0
SEC_STD01_C_R10_S45,SEC_STD01_C,10,R10-S45,ECONOMY,AVAILABLE,0
SEC_STD01_C_R10_S46,SEC_STD01_C,10,R10-S46,ECONOMY,AVAILABLE,0
SEC_STD01_C_R10_S47,SEC_STD01_C,10,R10-S47,ECONOMY,AVAILABLE,0
SEC_STD01_C_R10_S48,SEC_STD01_C,10,R10-S48,ECONOMY,AVAILABLE,0
SEC_STD01_C_R10_S49,SEC_STD01_C,10,R10-S49,ECONOMY,AVAILABLE,0
SEC_STD01_C_R10_S50,SEC_STD01_C,10,R10-S50,ECONOMY,AVAILABLE,0
SEC_STD01_C_R11_S01,SEC_STD01_C,11,R11-S01,ECONOMY,AVAILABLE,0
SEC_STD01_C_R11_S02,SEC_STD01_C,11,R11-S02,ECONOMY,AVAILABLE,0
SEC_STD01_C_R11_S03,SEC_STD01_C,11,R11-S03,ECONOMY,AVAILABLE,0
SEC_STD01_C_R11_S04,SEC_STD01_C,11,R11-S04,ECONOMY,AVAILABLE,0
SEC_STD01_C_R11_S05,SEC_STD01_C,11,R11-S05,ECONOMY,AVAILABLE,0
SEC_STD01_C_R11_S06,SEC_STD01_C,11,R11-S06,ECONOMY,AVAILABLE,0
SEC_STD01_C_R11_S07,SEC_STD01_C,11,R11-S07,ECONOMY,AVAILABLE,0
SEC_STD01_C_R11_S08,SEC_STD01_C,11,R11-S08,ECONOMY,AVAILABLE,0
SEC_STD01_C_R11_S09,SEC_STD01_C,11,R11-S09,ECONOMY,AVAILABLE,0
SEC_STD01_C_R11_S10,SEC_STD01_C,11,R11-S10,ECONOMY,AVAILABLE,0
SEC_STD01_C_R11_S11,SEC_STD01_C,11,R11-S11,ECONOMY,AVAILABLE,0
SEC_STD01_C_R11_S12,SEC_STD01_C,11,R11-S12,ECONOMY,AVAILABLE,0
SEC_STD01_C_R11_S13,SEC_STD01_C,11,R11-S13,ECONOMY,AVAILABLE,0
SEC_STD01_C_R11_S14,SEC_STD01_C,11,R11-S14,ECONOMY,AVAILABLE,0
SEC_STD01_C_R11_S15,SEC_STD01_C,11,R11-S15,ECONOMY,AVAILABLE,0
SEC_STD01_C_R11_S16,SEC_STD01_C,11,R11-S16,ECONOMY,AVAILABLE,0
SEC_STD01_C_R11_S17,SEC_STD01_C,11,R11-S17,ECONOMY,AVAILABLE,0
SEC_STD01_C_R11_S18,SEC_STD01_C,11,R11-S18,ECONOMY,AVAILABLE,0
SEC_STD01_C_R11_S19,SEC_STD01_C,11,R11-S19,ECONOMY,AVAILABLE,0
SEC_STD01_C_R11_S20,SEC_STD01_C,11,R11-S20,ECONOMY,AVAILABLE,0
SEC_STD01_C_R11_S21,SEC_STD01_C,11,R11-S21,ECONOMY,AVAILABLE,0
SEC_STD01_C_R11_S22,SEC_STD01_C,11,R11-S22,ECONOMY,AVAILABLE,0
SEC_STD01_C_R11_S23,SEC_STD01_C,11,R11-S23,ECONOMY,AVAILABLE,0
SEC_STD01_C_R11_S24,SEC_STD01_C,11,R11-S24,ECONOMY,AVAILABLE,0
SEC_STD01_C_R11_S25,SEC_STD01_C,11,R11-S25,ECONOMY,AVAILABLE,0
SEC_STD01_C_R11_S26,SEC_STD01_C,11,R11-S26,ECONOMY,AVAILABLE,0
SEC_STD01_C_R11_S27,SEC_STD01_C,11,R11-S27,ECONOMY,AVAILABLE,0
SEC_STD01_C_R11_S28,SEC_STD01_C,11,R11-S28,ECONOMY,AVAILABLE,0
SEC_STD01_C_R11_S29,SEC_STD01_C,11,R11-S29,ECONOMY,AVAILABLE,0
SEC_STD01_C_R11_S30,SEC_STD01_C,11,R11-S30,ECONOMY,AVAILABLE,0
SEC_STD01_C_R11_S31,SEC_STD01_C,11,R11-S31,ECONOMY,AVAILABLE,0
SEC_STD01_C_R11_S32,SEC_STD01_C,11,R11-S32,ECONOMY,AVAILABLE,0
SEC_STD01_C_R11_S33,SEC_STD01_C,11,R11-S33,ECONOMY,AVAILABLE,0
SEC_STD01_C_R11_S34,SEC_STD01_C,11,R11-S34,ECONOMY,AVAILABLE,0
SEC_STD01_C_R11_S35,SEC_STD01_C,11,R11-S35,ECONOMY,AVAILABLE,0
SEC_STD01_C_R11_S36,SEC_STD01_C,11,R11-S36,ECONOMY,AVAILABLE,0
SEC_STD01_C_R11_S37,SEC_STD01_C,11,R11-S37,ECONOMY,AVAILABLE,0
SEC_STD01_C_R11_S38,SEC_STD01_C,11,R11-S38,ECONOMY,AVAILABLE,0
SEC_STD01_C_R11_S39,SEC_STD01_C,11,R11-S39,ECONOMY,AVAILABLE,0
SEC_STD01_C_R11_S40,SEC_STD01_C,11,R11-S40,ECONOMY,AVAILABLE,0
SEC_STD01_C_R11_S41,SEC_STD01_C,11,R11-S41,ECONOMY,AVAILABLE,0
SEC_STD01_C_R11_S42,SEC_STD01_C,11,R11-S42,ECONOMY,AVAILABLE,0
SEC_STD01_C_R11_S43,SEC_STD01_C,11,R11-S43,ECONOMY,AVAILABLE,0
SEC_STD01_C_R11_S44,SEC_STD01_C,11,R11-S44,ECONOMY,AVAILABLE,0
SEC_STD01_C_R11_S45,SEC_STD01_C,11,R11-S45,ECONOMY,AVAILABLE,0
SEC_STD01_C_R11_S46,SEC_STD01_C,11,R11-S46,ECONOMY,AVAILABLE,0
SEC_STD01_C_R11_S47,SEC_STD01_C,11,R11-S47,ECONOMY,AVAILABLE,0
SEC_STD01_C_R11_S48,SEC_STD01_C,11,R11-S48,ECONOMY,AVAILABLE,0
SEC_STD01_C_R11_S49,SEC_STD01_C,11,R11-S49,ECONOMY,AVAILABLE,0
SEC_STD01_C_R11_S50,SEC_STD01_C,11,R11-S50,ECONOMY,AVAILABLE,0
SEC_STD01_C_R12_S01,SEC_STD01_C,12,R12-S01,ECONOMY,AVAILABLE,0
SEC_STD01_C_R12_S02,SEC_STD01_C,12,R12-S02,ECONOMY,AVAILABLE,0
SEC_STD01_C_R12_S03,SEC_STD01_C,12,R12-S03,ECONOMY,AVAILABLE,0
SEC_STD01_C_R12_S04,SEC_STD01_C,12,R12-S04,ECONOMY,AVAILABLE,0
SEC_STD01_C_R12_S05,SEC_STD01_C,12,R12-S05,ECONOMY,AVAILABLE,0
SEC_STD01_C_R12_S06,SEC_STD01_C,12,R12-S06,ECONOMY,AVAILABLE,0
SEC_STD01_C_R12_S07,SEC_STD01_C,12,R12-S07,ECONOMY,AVAILABLE,0
SEC_STD01_C_R12_S08,SEC_STD01_C,12,R12-S08,ECONOMY,AVAILABLE,0
SEC_STD01_C_R12_S09,SEC_STD01_C,12,R12-S09,ECONOMY,AVAILABLE,0
SEC_STD01_C_R12_S10,SEC_STD01_C,12,R12-S10,ECONOMY,AVAILABLE,0
SEC_STD01_C_R12_S11,SEC_STD01_C,12,R12-S11,ECONOMY,AVAILABLE,0
SEC_STD01_C_R12_S12,SEC_STD01_C,12,R12-S12,ECONOMY,AVAILABLE,0
SEC_STD01_C_R12_S13,SEC_STD01_C,12,R12-S13,ECONOMY,AVAILABLE,0
SEC_STD01_C_R12_S14,SEC_STD01_C,12,R12-S14,ECONOMY,AVAILABLE,0
SEC_STD01_C_R12_S15,SEC_STD01_C,12,R12-S15,ECONOMY,AVAILABLE,0
SEC_STD01_C_R12_S16,SEC_STD01_C,12,R12-S16,ECONOMY,AVAILABLE,0
SEC_STD01_C_R12_S17,SEC_STD01_C,12,R12-S17,ECONOMY,AVAILABLE,0
SEC_STD01_C_R12_S18,SEC_STD01_C,12,R12-S18,ECONOMY,AVAILABLE,0
SEC_STD01_C_R12_S19,SEC_STD01_C,12,R12-S19,ECONOMY,AVAILABLE,0
SEC_STD01_C_R12_S20,SEC_STD01_C,12,R12-S20,ECONOMY,AVAILABLE,0
SEC_STD01_C_R12_S21,SEC_STD01_C,12,R12-S21,ECONOMY,AVAILABLE,0
SEC_STD01_C_R12_S22,SEC_STD01_C,12,R12-S22,ECONOMY,AVAILABLE,0
SEC_STD01_C_R12_S23,SEC_STD01_C,12,R12-S23,ECONOMY,AVAILABLE,0
SEC_STD01_C_R12_S24,SEC_STD01_C,12,R12-S24,ECONOMY,AVAILABLE,0
SEC_STD01_C_R12_S25,SEC_STD01_C,12,R12-S25,ECONOMY,AVAILABLE,0
SEC_STD01_C_R12_S26,SEC_STD01_C,12,R12-S26,ECONOMY,AVAILABLE,0
SEC_STD01_C_R12_S27,SEC_STD01_C,12,R12-S27,ECONOMY,AVAILABLE,0
SEC_STD01_C_R12_S28,SEC_STD01_C,12,R12-S28,ECONOMY,AVAILABLE,0
SEC_STD01_C_R12_S29,SEC_STD01_C,12,R12-S29,ECONOMY,AVAILABLE,0
SEC_STD01_C_R12_S30,SEC_STD01_C,12,R12-S30,ECONOMY,AVAILABLE,0
SEC_STD01_C_R12_S31,SEC_STD01_C,12,R12-S31,ECONOMY,AVAILABLE,0
SEC_STD01_C_R12_S32,SEC_STD01_C,12,R12-S32,ECONOMY,AVAILABLE,0
SEC_STD01_C_R12_S33,SEC_STD01_C,12,R12-S33,ECONOMY,AVAILABLE,0
SEC_STD01_C_R12_S34,SEC_STD01_C,12,R12-S34,ECONOMY,AVAILABLE,0
SEC_STD01_C_R12_S35,SEC_STD01_C,12,R12-S35,ECONOMY,AVAILABLE,0
SEC_STD01_C_R12_S36,SEC_STD01_C,12,R12-S36,ECONOMY,AVAILABLE,0
SEC_STD01_C_R12_S37,SEC_STD01_C,12,R12-S37,ECONOMY,AVAILABLE,0
SEC_STD01_C_R12_S38,SEC_STD01_C,12,R12-S38,ECONOMY,AVAILABLE,0
SEC_STD01_C_R12_S39,SEC_STD01_C,12,R12-S39,ECONOMY,AVAILABLE,0
SEC_STD01_C_R12_S40,SEC_STD01_C,12,R12-S40,ECONOMY,AVAILABLE,0
SEC_STD01_C_R12_S41,SEC_STD01_C,12,R12-S41,ECONOMY,AVAILABLE,0
SEC_STD01_C_R12_S42,SEC_STD01_C,12,R12-S42,ECONOMY,AVAILABLE,0
SEC_STD01_C_R12_S43,SEC_STD01_C,12,R12-S43,ECONOMY,AVAILABLE,0
SEC_STD01_C_R12_S44,SEC_STD01_C,12,R12-S44,ECONOMY,AVAILABLE,0
SEC_STD01_C_R12_S45,SEC_STD01_C,12,R12-S45,ECONOMY,AVAILABLE,0
SEC_STD01_C_R12_S46,SEC_STD01_C,12,R12-S46,ECONOMY,AVAILABLE,0
SEC_STD01_C_R12_S47,SEC_STD01_C,12,R12-S47,ECONOMY,AVAILABLE,0
SEC_STD01_C_R12_S48,SEC_STD01_C,12,R12-S48,ECONOMY,AVAILABLE,0
SEC_STD01_C_R12_S49,SEC_STD01_C,12,R12-S49,ECONOMY,AVAILABLE,0
SEC_STD01_C_R12_S50,SEC_STD01_C,12,R12-S50,ECONOMY,AVAILABLE,0
SEC_STD01_C_R13_S01,SEC_STD01_C,13,R13-S01,ECONOMY,AVAILABLE,0
SEC_STD01_C_R13_S02,SEC_STD01_C,13,R13-S02,ECONOMY,AVAILABLE,0
SEC_STD01_C_R13_S03,SEC_STD01_C,13,R13-S03,ECONOMY,AVAILABLE,0
SEC_STD01_C_R13_S04,SEC_STD01_C,13,R13-S04,ECONOMY,AVAILABLE,0
SEC_STD01_C_R13_S05,SEC_STD01_C,13,R13-S05,ECONOMY,AVAILABLE,0
SEC_STD01_C_R13_S06,SEC_STD01_C,13,R13-S06,ECONOMY,AVAILABLE,0
SEC_STD01_C_R13_S07,SEC_STD01_C,13,R13-S07,ECONOMY,AVAILABLE,0
SEC_STD01_C_R13_S08,SEC_STD01_C,13,R13-S08,ECONOMY,AVAILABLE,0
SEC_STD01_C_R13_S09,SEC_STD01_C,13,R13-S09,ECONOMY,AVAILABLE,0
SEC_STD01_C_R13_S10,SEC_STD01_C,13,R13-S10,ECONOMY,AVAILABLE,0
SEC_STD01_C_R13_S11,SEC_STD01_C,13,R13-S11,ECONOMY,AVAILABLE,0
SEC_STD01_C_R13_S12,SEC_STD01_C,13,R13-S12,ECONOMY,AVAILABLE,0
SEC_STD01_C_R13_S13,SEC_STD01_C,13,R13-S13,ECONOMY,AVAILABLE,0
SEC_STD01_C_R13_S14,SEC_STD01_C,13,R13-S14,ECONOMY,AVAILABLE,0
SEC_STD01_C_R13_S15,SEC_STD01_C,13,R13-S15,ECONOMY,AVAILABLE,0
SEC_STD01_C_R13_S16,SEC_STD01_C,13,R13-S16,ECONOMY,AVAILABLE,0
SEC_STD01_C_R13_S17,SEC_STD01_C,13,R13-S17,ECONOMY,AVAILABLE,0
SEC_STD01_C_R13_S18,SEC_STD01_C,13,R13-S18,ECONOMY,AVAILABLE,0
SEC_STD01_C_R13_S19,SEC_STD01_C,13,R13-S19,ECONOMY,AVAILABLE,0
SEC_STD01_C_R13_S20,SEC_STD01_C,13,R13-S20,ECONOMY,AVAILABLE,0
SEC_STD01_C_R13_S21,SEC_STD01_C,13,R13-S21,ECONOMY,AVAILABLE,0
SEC_STD01_C_R13_S22,SEC_STD01_C,13,R13-S22,ECONOMY,AVAILABLE,0
SEC_STD01_C_R13_S23,SEC_STD01_C,13,R13-S23,ECONOMY,AVAILABLE,0
SEC_STD01_C_R13_S24,SEC_STD01_C,13,R13-S24,ECONOMY,AVAILABLE,0
SEC_STD01_C_R13_S25,SEC_STD01_C,13,R13-S25,ECONOMY,AVAILABLE,0
SEC_STD01_C_R13_S26,SEC_STD01_C,13,R13-S26,ECONOMY,AVAILABLE,0
SEC_STD01_C_R13_S27,SEC_STD01_C,13,R13-S27,ECONOMY,AVAILABLE,0
SEC_STD01_C_R13_S28,SEC_STD01_C,13,R13-S28,ECONOMY,AVAILABLE,0
SEC_STD01_C_R13_S29,SEC_STD01_C,13,R13-S29,ECONOMY,AVAILABLE,0
SEC_STD01_C_R13_S30,SEC_STD01_C,13,R13-S30,ECONOMY,AVAILABLE,0
SEC_STD01_C_R13_S31,SEC_STD01_C,13,R13-S31,ECONOMY,AVAILABLE,0
SEC_STD01_C_R13_S32,SEC_STD01_C,13,R13-S32,ECONOMY,AVAILABLE,0
SEC_STD01_C_R13_S33,SEC_STD01_C,13,R13-S33,ECONOMY,AVAILABLE,0
SEC_STD01_C_R13_S34,SEC_STD01_C,13,R13-S34,ECONOMY,AVAILABLE,0
SEC_STD01_C_R13_S35,SEC_STD01_C,13,R13-S35,ECONOMY,AVAILABLE,0
SEC_STD01_C_R13_S36,SEC_STD01_C,13,R13-S36,ECONOMY,AVAILABLE,0
SEC_STD01_C_R13_S37,SEC_STD01_C,13,R13-S37,ECONOMY,AVAILABLE,0
SEC_STD01_C_R13_S38,SEC_STD01_C,13,R13-S38,ECONOMY,AVAILABLE,0
SEC_STD01_C_R13_S39,SEC_STD01_C,13,R13-S39,ECONOMY,AVAILABLE,0
SEC_STD01_C_R13_S40,SEC_STD01_C,13,R13-S40,ECONOMY,AVAILABLE,0
SEC_STD01_C_R13_S41,SEC_STD01_C,13,R13-S41,ECONOMY,AVAILABLE,0
SEC_STD01_C_R13_S42,SEC_STD01_C,13,R13-S42,ECONOMY,AVAILABLE,0
SEC_STD01_C_R13_S43,SEC_STD01_C,13,R13-S43,ECONOMY,AVAILABLE,0
SEC_STD01_C_R13_S44,SEC_STD01_C,13,R13-S44,ECONOMY,AVAILABLE,0
SEC_STD01_C_R13_S45,SEC_STD01_C,13,R13-S45,ECONOMY,AVAILABLE,0
SEC_STD01_C_R13_S46,SEC_STD01_C,13,R13-S46,ECONOMY,AVAILABLE,0
SEC_STD01_C_R13_S47,SEC_STD01_C,13,R13-S47,ECONOMY,AVAILABLE,0
SEC_STD01_C_R13_S48,SEC_STD01_C,13,R13-S48,ECONOMY,AVAILABLE,0
SEC_STD01_C_R13_S49,SEC_STD01_C,13,R13-S49,ECONOMY,AVAILABLE,0
SEC_STD01_C_R13_S50,SEC_STD01_C,13,R13-S50,ECONOMY,AVAILABLE,0
SEC_STD01_C_R14_S01,SEC_STD01_C,14,R14-S01,ECONOMY,AVAILABLE,0
SEC_STD01_C_R14_S02,SEC_STD01_C,14,R14-S02,ECONOMY,AVAILABLE,0
SEC_STD01_C_R14_S03,SEC_STD01_C,14,R14-S03,ECONOMY,AVAILABLE,0
SEC_STD01_C_R14_S04,SEC_STD01_C,14,R14-S04,ECONOMY,AVAILABLE,0
SEC_STD01_C_R14_S05,SEC_STD01_C,14,R14-S05,ECONOMY,AVAILABLE,0
SEC_STD01_C_R14_S06,SEC_STD01_C,14,R14-S06,ECONOMY,AVAILABLE,0
SEC_STD01_C_R14_S07,SEC_STD01_C,14,R14-S07,ECONOMY,AVAILABLE,0
SEC_STD01_C_R14_S08,SEC_STD01_C,14,R14-S08,ECONOMY,AVAILABLE,0
SEC_STD01_C_R14_S09,SEC_STD01_C,14,R14-S09,ECONOMY,AVAILABLE,0
SEC_STD01_C_R14_S10,SEC_STD01_C,14,R14-S10,ECONOMY,AVAILABLE,0
SEC_STD01_C_R14_S11,SEC_STD01_C,14,R14-S11,ECONOMY,AVAILABLE,0
SEC_STD01_C_R14_S12,SEC_STD01_C,14,R14-S12,ECONOMY,AVAILABLE,0
SEC_STD01_C_R14_S13,SEC_STD01_C,14,R14-S13,ECONOMY,AVAILABLE,0
SEC_STD01_C_R14_S14,SEC_STD01_C,14,R14-S14,ECONOMY,AVAILABLE,0
SEC_STD01_C_R14_S15,SEC_STD01_C,14,R14-S15,ECONOMY,AVAILABLE,0
SEC_STD01_C_R14_S16,SEC_STD01_C,14,R14-S16,ECONOMY,AVAILABLE,0
SEC_STD01_C_R14_S17,SEC_STD01_C,14,R14-S17,ECONOMY,AVAILABLE,0
SEC_STD01_C_R14_S18,SEC_STD01_C,14,R14-S18,ECONOMY,AVAILABLE,0
SEC_STD01_C_R14_S19,SEC_STD01_C,14,R14-S19,ECONOMY,AVAILABLE,0
SEC_STD01_C_R14_S20,SEC_STD01_C,14,R14-S20,ECONOMY,AVAILABLE,0
SEC_STD01_C_R14_S21,SEC_STD01_C,14,R14-S21,ECONOMY,AVAILABLE,0
SEC_STD01_C_R14_S22,SEC_STD01_C,14,R14-S22,ECONOMY,AVAILABLE,0
SEC_STD01_C_R14_S23,SEC_STD01_C,14,R14-S23,ECONOMY,AVAILABLE,0
SEC_STD01_C_R14_S24,SEC_STD01_C,14,R14-S24,ECONOMY,AVAILABLE,0
SEC_STD01_C_R14_S25,SEC_STD01_C,14,R14-S25,ECONOMY,AVAILABLE,0
SEC_STD01_C_R14_S26,SEC_STD01_C,14,R14-S26,ECONOMY,AVAILABLE,0
SEC_STD01_C_R14_S27,SEC_STD01_C,14,R14-S27,ECONOMY,AVAILABLE,0
SEC_STD01_C_R14_S28,SEC_STD01_C,14,R14-S28,ECONOMY,AVAILABLE,0
SEC_STD01_C_R14_S29,SEC_STD01_C,14,R14-S29,ECONOMY,AVAILABLE,0
SEC_STD01_C_R14_S30,SEC_STD01_C,14,R14-S30,ECONOMY,AVAILABLE,0
SEC_STD01_C_R14_S31,SEC_STD01_C,14,R14-S31,ECONOMY,AVAILABLE,0
SEC_STD01_C_R14_S32,SEC_STD01_C,14,R14-S32,ECONOMY,AVAILABLE,0
SEC_STD01_C_R14_S33,SEC_STD01_C,14,R14-S33,ECONOMY,AVAILABLE,0
SEC_STD01_C_R14_S34,SEC_STD01_C,14,R14-S34,ECONOMY,AVAILABLE,0
SEC_STD01_C_R14_S35,SEC_STD01_C,14,R14-S35,ECONOMY,AVAILABLE,0
SEC_STD01_C_R14_S36,SEC_STD01_C,14,R14-S36,ECONOMY,AVAILABLE,0
SEC_STD01_C_R14_S37,SEC_STD01_C,14,R14-S37,ECONOMY,AVAILABLE,0
SEC_STD01_C_R14_S38,SEC_STD01_C,14,R14-S38,ECONOMY,AVAILABLE,0
SEC_STD01_C_R14_S39,SEC_STD01_C,14,R14-S39,ECONOMY,AVAILABLE,0
SEC_STD01_C_R14_S40,SEC_STD01_C,14,R14-S40,ECONOMY,AVAILABLE,0
SEC_STD01_C_R14_S41,SEC_STD01_C,14,R14-S41,ECONOMY,AVAILABLE,0
SEC_STD01_C_R14_S42,SEC_STD01_C,14,R14-S42,ECONOMY,AVAILABLE,0
SEC_STD01_C_R14_S43,SEC_STD01_C,14,R14-S43,ECONOMY,AVAILABLE,0
SEC_STD01_C_R14_S44,SEC_STD01_C,14,R14-S44,ECONOMY,AVAILABLE,0
SEC_STD01_C_R14_S45,SEC_STD01_C,14,R14-S45,ECONOMY,AVAILABLE,0
SEC_STD01_C_R14_S46,SEC_STD01_C,14,R14-S46,ECONOMY,AVAILABLE,0
SEC_STD01_C_R14_S47,SEC_STD01_C,14,R14-S47,ECONOMY,AVAILABLE,0
SEC_STD01_C_R14_S48,SEC_STD01_C,14,R14-S48,ECONOMY,AVAILABLE,0
SEC_STD01_C_R14_S49,SEC_STD01_C,14,R14-S49,ECONOMY,AVAILABLE,0
SEC_STD01_C_R14_S50,SEC_STD01_C,14,R14-S50,ECONOMY,AVAILABLE,0
SEC_STD01_C_R15_S01,SEC_STD01_C,15,R15-S01,ECONOMY,AVAILABLE,0
SEC_STD01_C_R15_S02,SEC_STD01_C,15,R15-S02,ECONOMY,AVAILABLE,0
SEC_STD01_C_R15_S03,SEC_STD01_C,15,R15-S03,ECONOMY,AVAILABLE,0
SEC_STD01_C_R15_S04,SEC_STD01_C,15,R15-S04,ECONOMY,AVAILABLE,0
SEC_STD01_C_R15_S05,SEC_STD01_C,15,R15-S05,ECONOMY,AVAILABLE,0
SEC_STD01_C_R15_S06,SEC_STD01_C,15,R15-S06,ECONOMY,AVAILABLE,0
SEC_STD01_C_R15_S07,SEC_STD01_C,15,R15-S07,ECONOMY,AVAILABLE,0
SEC_STD01_C_R15_S08,SEC_STD01_C,15,R15-S08,ECONOMY,AVAILABLE,0
SEC_STD01_C_R15_S09,SEC_STD01_C,15,R15-S09,ECONOMY,AVAILABLE,0
SEC_STD01_C_R15_S10,SEC_STD01_C,15,R15-S10,ECONOMY,AVAILABLE,0
SEC_STD01_C_R15_S11,SEC_STD01_C,15,R15-S11,ECONOMY,AVAILABLE,0
SEC_STD01_C_R15_S12,SEC_STD01_C,15,R15-S12,ECONOMY,AVAILABLE,0
SEC_STD01_C_R15_S13,SEC_STD01_C,15,R15-S13,ECONOMY,AVAILABLE,0
SEC_STD01_C_R15_S14,SEC_STD01_C,15,R15-S14,ECONOMY,AVAILABLE,0
SEC_STD01_C_R15_S15,SEC_STD01_C,15,R15-S15,ECONOMY,AVAILABLE,0
SEC_STD01_C_R15_S16,SEC_STD01_C,15,R15-S16,ECONOMY,AVAILABLE,0
SEC_STD01_C_R15_S17,SEC_STD01_C,15,R15-S17,ECONOMY,AVAILABLE,0
SEC_STD01_C_R15_S18,SEC_STD01_C,15,R15-S18,ECONOMY,AVAILABLE,0
SEC_STD01_C_R15_S19,SEC_STD01_C,15,R15-S19,ECONOMY,AVAILABLE,0
SEC_STD01_C_R15_S20,SEC_STD01_C,15,R15-S20,ECONOMY,AVAILABLE,0
SEC_STD01_C_R15_S21,SEC_STD01_C,15,R15-S21,ECONOMY,AVAILABLE,0
SEC_STD01_C_R15_S22,SEC_STD01_C,15,R15-S22,ECONOMY,AVAILABLE,0
SEC_STD01_C_R15_S23,SEC_STD01_C,15,R15-S23,ECONOMY,AVAILABLE,0
SEC_STD01_C_R15_S24,SEC_STD01_C,15,R15-S24,ECONOMY,AVAILABLE,0
SEC_STD01_C_R15_S25,SEC_STD01_C,15,R15-S25,ECONOMY,AVAILABLE,0
SEC_STD01_C_R15_S26,SEC_STD01_C,15,R15-S26,ECONOMY,AVAILABLE,0
SEC_STD01_C_R15_S27,SEC_STD01_C,15,R15-S27,ECONOMY,AVAILABLE,0
SEC_STD01_C_R15_S28,SEC_STD01_C,15,R15-S28,ECONOMY,AVAILABLE,0
SEC_STD01_C_R15_S29,SEC_STD01_C,15,R15-S29,ECONOMY,AVAILABLE,0
SEC_STD01_C_R15_S30,SEC_STD01_C,15,R15-S30,ECONOMY,AVAILABLE,0
SEC_STD01_C_R15_S31,SEC_STD01_C,15,R15-S31,ECONOMY,AVAILABLE,0
SEC_STD01_C_R15_S32,SEC_STD01_C,15,R15-S32,ECONOMY,AVAILABLE,0
SEC_STD01_C_R15_S33,SEC_STD01_C,15,R15-S33,ECONOMY,AVAILABLE,0
SEC_STD01_C_R15_S34,SEC_STD01_C,15,R15-S34,ECONOMY,AVAILABLE,0
SEC_STD01_C_R15_S35,SEC_STD01_C,15,R15-S35,ECONOMY,AVAILABLE,0
SEC_STD01_C_R15_S36,SEC_STD01_C,15,R15-S36,ECONOMY,AVAILABLE,0
SEC_STD01_C_R15_S37,SEC_STD01_C,15,R15-S37,ECONOMY,AVAILABLE,0
SEC_STD01_C_R15_S38,SEC_STD01_C,15,R15-S38,ECONOMY,AVAILABLE,0
SEC_STD01_C_R15_S39,SEC_STD01_C,15,R15-S39,ECONOMY,AVAILABLE,0
SEC_STD01_C_R15_S40,SEC_STD01_C,15,R15-S40,ECONOMY,AVAILABLE,0
SEC_STD01_C_R15_S41,SEC_STD01_C,15,R15-S41,ECONOMY,AVAILABLE,0
SEC_STD01_C_R15_S42,SEC_STD01_C,15,R15-S42,ECONOMY,AVAILABLE,0
SEC_STD01_C_R15_S43,SEC_STD01_C,15,R15-S43,ECONOMY,AVAILABLE,0
SEC_STD01_C_R15_S44,SEC_STD01_C,15,R15-S44,ECONOMY,AVAILABLE,0
SEC_STD01_C_R15_S45,SEC_STD01_C,15,R15-S45,ECONOMY,AVAILABLE,0
SEC_STD01_C_R15_S46,SEC_STD01_C,15,R15-S46,ECONOMY,AVAILABLE,0
SEC_STD01_C_R15_S47,SEC_STD01_C,15,R15-S47,ECONOMY,AVAILABLE,0
SEC_STD01_C_R15_S48,SEC_STD01_C,15,R15-S48,ECONOMY,AVAILABLE,0
SEC_STD01_C_R15_S49,SEC_STD01_C,15,R15-S49,ECONOMY,AVAILABLE,0
SEC_STD01_C_R15_S50,SEC_STD01_C,15,R15-S50,ECONOMY,AVAILABLE,0
SEC_STD01_C_R16_S01,SEC_STD01_C,16,R16-S01,ECONOMY,AVAILABLE,0
SEC_STD01_C_R16_S02,SEC_STD01_C,16,R16-S02,ECONOMY,AVAILABLE,0
SEC_STD01_C_R16_S03,SEC_STD01_C,16,R16-S03,ECONOMY,AVAILABLE,0
SEC_STD01_C_R16_S04,SEC_STD01_C,16,R16-S04,ECONOMY,AVAILABLE,0
SEC_STD01_C_R16_S05,SEC_STD01_C,16,R16-S05,ECONOMY,AVAILABLE,0
SEC_STD01_C_R16_S06,SEC_STD01_C,16,R16-S06,ECONOMY,AVAILABLE,0
SEC_STD01_C_R16_S07,SEC_STD01_C,16,R16-S07,ECONOMY,AVAILABLE,0
SEC_STD01_C_R16_S08,SEC_STD01_C,16,R16-S08,ECONOMY,AVAILABLE,0
SEC_STD01_C_R16_S09,SEC_STD01_C,16,R16-S09,ECONOMY,AVAILABLE,0
SEC_STD01_C_R16_S10,SEC_STD01_C,16,R16-S10,ECONOMY,AVAILABLE,0
SEC_STD01_C_R16_S11,SEC_STD01_C,16,R16-S11,ECONOMY,AVAILABLE,0
SEC_STD01_C_R16_S12,SEC_STD01_C,16,R16-S12,ECONOMY,AVAILABLE,0
SEC_STD01_C_R16_S13,SEC_STD01_C,16,R16-S13,ECONOMY,AVAILABLE,0
SEC_STD01_C_R16_S14,SEC_STD01_C,16,R16-S14,ECONOMY,AVAILABLE,0
SEC_STD01_C_R16_S15,SEC_STD01_C,16,R16-S15,ECONOMY,AVAILABLE,0
SEC_STD01_C_R16_S16,SEC_STD01_C,16,R16-S16,ECONOMY,AVAILABLE,0
SEC_STD01_C_R16_S17,SEC_STD01_C,16,R16-S17,ECONOMY,AVAILABLE,0
SEC_STD01_C_R16_S18,SEC_STD01_C,16,R16-S18,ECONOMY,AVAILABLE,0
SEC_STD01_C_R16_S19,SEC_STD01_C,16,R16-S19,ECONOMY,AVAILABLE,0
SEC_STD01_C_R16_S20,SEC_STD01_C,16,R16-S20,ECONOMY,AVAILABLE,0
SEC_STD01_C_R16_S21,SEC_STD01_C,16,R16-S21,ECONOMY,AVAILABLE,0
SEC_STD01_C_R16_S22,SEC_STD01_C,16,R16-S22,ECONOMY,AVAILABLE,0
SEC_STD01_C_R16_S23,SEC_STD01_C,16,R16-S23,ECONOMY,AVAILABLE,0
SEC_STD01_C_R16_S24,SEC_STD01_C,16,R16-S24,ECONOMY,AVAILABLE,0
SEC_STD01_C_R16_S25,SEC_STD01_C,16,R16-S25,ECONOMY,AVAILABLE,0
SEC_STD01_C_R16_S26,SEC_STD01_C,16,R16-S26,ECONOMY,AVAILABLE,0
SEC_STD01_C_R16_S27,SEC_STD01_C,16,R16-S27,ECONOMY,AVAILABLE,0
SEC_STD01_C_R16_S28,SEC_STD01_C,16,R16-S28,ECONOMY,AVAILABLE,0
SEC_STD01_C_R16_S29,SEC_STD01_C,16,R16-S29,ECONOMY,AVAILABLE,0
SEC_STD01_C_R16_S30,SEC_STD01_C,16,R16-S30,ECONOMY,AVAILABLE,0
SEC_STD01_C_R16_S31,SEC_STD01_C,16,R16-S31,ECONOMY,AVAILABLE,0
SEC_STD01_C_R16_S32,SEC_STD01_C,16,R16-S32,ECONOMY,AVAILABLE,0
SEC_STD01_C_R16_S33,SEC_STD01_C,16,R16-S33,ECONOMY,AVAILABLE,0
SEC_STD01_C_R16_S34,SEC_STD01_C,16,R16-S34,ECONOMY,AVAILABLE,0
SEC_STD01_C_R16_S35,SEC_STD01_C,16,R16-S35,ECONOMY,AVAILABLE,0
SEC_STD01_C_R16_S36,SEC_STD01_C,16,R16-S36,ECONOMY,AVAILABLE,0
SEC_STD01_C_R16_S37,SEC_STD01_C,16,R16-S37,ECONOMY,AVAILABLE,0
SEC_STD01_C_R16_S38,SEC_STD01_C,16,R16-S38,ECONOMY,AVAILABLE,0
SEC_STD01_C_R16_S39,SEC_STD01_C,16,R16-S39,ECONOMY,AVAILABLE,0
SEC_STD01_C_R16_S40,SEC_STD01_C,16,R16-S40,ECONOMY,AVAILABLE,0
SEC_STD01_C_R16_S41,SEC_STD01_C,16,R16-S41,ECONOMY,AVAILABLE,0
SEC_STD01_C_R16_S42,SEC_STD01_C,16,R16-S42,ECONOMY,AVAILABLE,0
SEC_STD01_C_R16_S43,SEC_STD01_C,16,R16-S43,ECONOMY,AVAILABLE,0
SEC_STD01_C_R16_S44,SEC_STD01_C,16,R16-S44,ECONOMY,AVAILABLE,0
SEC_STD01_C_R16_S45,SEC_STD01_C,16,R16-S45,ECONOMY,AVAILABLE,0
SEC_STD01_C_R16_S46,SEC_STD01_C,16,R16-S46,ECONOMY,AVAILABLE,0
SEC_STD01_C_R16_S47,SEC_STD01_C,16,R16-S47,ECONOMY,AVAILABLE,0
SEC_STD01_C_R16_S48,SEC_STD01_C,16,R16-S48,ECONOMY,AVAILABLE,0
SEC_STD01_C_R16_S49,SEC_STD01_C,16,R16-S49,ECONOMY,AVAILABLE,0
SEC_STD01_C_R16_S50,SEC_STD01_C,16,R16-S50,ECONOMY,AVAILABLE,0
SEC_STD01_C_R17_S01,SEC_STD01_C,17,R17-S01,ECONOMY,AVAILABLE,0
SEC_STD01_C_R17_S02,SEC_STD01_C,17,R17-S02,ECONOMY,AVAILABLE,0
SEC_STD01_C_R17_S03,SEC_STD01_C,17,R17-S03,ECONOMY,AVAILABLE,0
SEC_STD01_C_R17_S04,SEC_STD01_C,17,R17-S04,ECONOMY,AVAILABLE,0
SEC_STD01_C_R17_S05,SEC_STD01_C,17,R17-S05,ECONOMY,AVAILABLE,0
SEC_STD01_C_R17_S06,SEC_STD01_C,17,R17-S06,ECONOMY,AVAILABLE,0
SEC_STD01_C_R17_S07,SEC_STD01_C,17,R17-S07,ECONOMY,AVAILABLE,0
SEC_STD01_C_R17_S08,SEC_STD01_C,17,R17-S08,ECONOMY,AVAILABLE,0
SEC_STD01_C_R17_S09,SEC_STD01_C,17,R17-S09,ECONOMY,AVAILABLE,0
SEC_STD01_C_R17_S10,SEC_STD01_C,17,R17-S10,ECONOMY,AVAILABLE,0
SEC_STD01_C_R17_S11,SEC_STD01_C,17,R17-S11,ECONOMY,AVAILABLE,0
SEC_STD01_C_R17_S12,SEC_STD01_C,17,R17-S12,ECONOMY,AVAILABLE,0
SEC_STD01_C_R17_S13,SEC_STD01_C,17,R17-S13,ECONOMY,AVAILABLE,0
SEC_STD01_C_R17_S14,SEC_STD01_C,17,R17-S14,ECONOMY,AVAILABLE,0
SEC_STD01_C_R17_S15,SEC_STD01_C,17,R17-S15,ECONOMY,AVAILABLE,0
SEC_STD01_C_R17_S16,SEC_STD01_C,17,R17-S16,ECONOMY,AVAILABLE,0
SEC_STD01_C_R17_S17,SEC_STD01_C,17,R17-S17,ECONOMY,AVAILABLE,0
SEC_STD01_C_R17_S18,SEC_STD01_C,17,R17-S18,ECONOMY,AVAILABLE,0
SEC_STD01_C_R17_S19,SEC_STD01_C,17,R17-S19,ECONOMY,AVAILABLE,0
SEC_STD01_C_R17_S20,SEC_STD01_C,17,R17-S20,ECONOMY,AVAILABLE,0
SEC_STD01_C_R17_S21,SEC_STD01_C,17,R17-S21,ECONOMY,AVAILABLE,0
SEC_STD01_C_R17_S22,SEC_STD01_C,17,R17-S22,ECONOMY,AVAILABLE,0
SEC_STD01_C_R17_S23,SEC_STD01_C,17,R17-S23,ECONOMY,AVAILABLE,0
SEC_STD01_C_R17_S24,SEC_STD01_C,17,R17-S24,ECONOMY,AVAILABLE,0
SEC_STD01_C_R17_S25,SEC_STD01_C,17,R17-S25,ECONOMY,AVAILABLE,0
SEC_STD01_C_R17_S26,SEC_STD01_C,17,R17-S26,ECONOMY,AVAILABLE,0
SEC_STD01_C_R17_S27,SEC_STD01_C,17,R17-S27,ECONOMY,AVAILABLE,0
SEC_STD01_C_R17_S28,SEC_STD01_C,17,R17-S28,ECONOMY,AVAILABLE,0
SEC_STD01_C_R17_S29,SEC_STD01_C,17,R17-S29,ECONOMY,AVAILABLE,0
SEC_STD01_C_R17_S30,SEC_STD01_C,17,R17-S30,ECONOMY,AVAILABLE,0
SEC_STD01_C_R17_S31,SEC_STD01_C,17,R17-S31,ECONOMY,AVAILABLE,0
SEC_STD01_C_R17_S32,SEC_STD01_C,17,R17-S32,ECONOMY,AVAILABLE,0
SEC_STD01_C_R17_S33,SEC_STD01_C,17,R17-S33,ECONOMY,AVAILABLE,0
SEC_STD01_C_R17_S34,SEC_STD01_C,17,R17-S34,ECONOMY,AVAILABLE,0
SEC_STD01_C_R17_S35,SEC_STD01_C,17,R17-S35,ECONOMY,AVAILABLE,0
SEC_STD01_C_R17_S36,SEC_STD01_C,17,R17-S36,ECONOMY,AVAILABLE,0
SEC_STD01_C_R17_S37,SEC_STD01_C,17,R17-S37,ECONOMY,AVAILABLE,0
SEC_STD01_C_R17_S38,SEC_STD01_C,17,R17-S38,ECONOMY,AVAILABLE,0
SEC_STD01_C_R17_S39,SEC_STD01_C,17,R17-S39,ECONOMY,AVAILABLE,0
SEC_STD01_C_R17_S40,SEC_STD01_C,17,R17-S40,ECONOMY,AVAILABLE,0
SEC_STD01_C_R17_S41,SEC_STD01_C,17,R17-S41,ECONOMY,AVAILABLE,0
SEC_STD01_C_R17_S42,SEC_STD01_C,17,R17-S42,ECONOMY,AVAILABLE,0
SEC_STD01_C_R17_S43,SEC_STD01_C,17,R17-S43,ECONOMY,AVAILABLE,0
SEC_STD01_C_R17_S44,SEC_STD01_C,17,R17-S44,ECONOMY,AVAILABLE,0
SEC_STD01_C_R17_S45,SEC_STD01_C,17,R17-S45,ECONOMY,AVAILABLE,0
SEC_STD01_C_R17_S46,SEC_STD01_C,17,R17-S46,ECONOMY,AVAILABLE,0
SEC_STD01_C_R17_S47,SEC_STD01_C,17,R17-S47,ECONOMY,AVAILABLE,0
SEC_STD01_C_R17_S48,SEC_STD01_C,17,R17-S48,ECONOMY,AVAILABLE,0
SEC_STD01_C_R17_S49,SEC_STD01_C,17,R17-S49,ECONOMY,AVAILABLE,0
SEC_STD01_C_R17_S50,SEC_STD01_C,17,R17-S50,ECONOMY,AVAILABLE,0
SEC_STD01_C_R18_S01,SEC_STD01_C,18,R18-S01,ECONOMY,AVAILABLE,0
SEC_STD01_C_R18_S02,SEC_STD01_C,18,R18-S02,ECONOMY,AVAILABLE,0
SEC_STD01_C_R18_S03,SEC_STD01_C,18,R18-S03,ECONOMY,AVAILABLE,0
SEC_STD01_C_R18_S04,SEC_STD01_C,18,R18-S04,ECONOMY,AVAILABLE,0
SEC_STD01_C_R18_S05,SEC_STD01_C,18,R18-S05,ECONOMY,AVAILABLE,0
SEC_STD01_C_R18_S06,SEC_STD01_C,18,R18-S06,ECONOMY,AVAILABLE,0
SEC_STD01_C_R18_S07,SEC_STD01_C,18,R18-S07,ECONOMY,AVAILABLE,0
SEC_STD01_C_R18_S08,SEC_STD01_C,18,R18-S08,ECONOMY,AVAILABLE,0
SEC_STD01_C_R18_S09,SEC_STD01_C,18,R18-S09,ECONOMY,AVAILABLE,0
SEC_STD01_C_R18_S10,SEC_STD01_C,18,R18-S10,ECONOMY,AVAILABLE,0
SEC_STD01_C_R18_S11,SEC_STD01_C,18,R18-S11,ECONOMY,AVAILABLE,0
SEC_STD01_C_R18_S12,SEC_STD01_C,18,R18-S12,ECONOMY,AVAILABLE,0
SEC_STD01_C_R18_S13,SEC_STD01_C,18,R18-S13,ECONOMY,AVAILABLE,0
SEC_STD01_C_R18_S14,SEC_STD01_C,18,R18-S14,ECONOMY,AVAILABLE,0
SEC_STD01_C_R18_S15,SEC_STD01_C,18,R18-S15,ECONOMY,AVAILABLE,0
SEC_STD01_C_R18_S16,SEC_STD01_C,18,R18-S16,ECONOMY,AVAILABLE,0
SEC_STD01_C_R18_S17,SEC_STD01_C,18,R18-S17,ECONOMY,AVAILABLE,0
SEC_STD01_C_R18_S18,SEC_STD01_C,18,R18-S18,ECONOMY,AVAILABLE,0
SEC_STD01_C_R18_S19,SEC_STD01_C,18,R18-S19,ECONOMY,AVAILABLE,0
SEC_STD01_C_R18_S20,SEC_STD01_C,18,R18-S20,ECONOMY,AVAILABLE,0
SEC_STD01_C_R18_S21,SEC_STD01_C,18,R18-S21,ECONOMY,AVAILABLE,0
SEC_STD01_C_R18_S22,SEC_STD01_C,18,R18-S22,ECONOMY,AVAILABLE,0
SEC_STD01_C_R18_S23,SEC_STD01_C,18,R18-S23,ECONOMY,AVAILABLE,0
SEC_STD01_C_R18_S24,SEC_STD01_C,18,R18-S24,ECONOMY,AVAILABLE,0
SEC_STD01_C_R18_S25,SEC_STD01_C,18,R18-S25,ECONOMY,AVAILABLE,0
SEC_STD01_C_R18_S26,SEC_STD01_C,18,R18-S26,ECONOMY,AVAILABLE,0
SEC_STD01_C_R18_S27,SEC_STD01_C,18,R18-S27,ECONOMY,AVAILABLE,0
SEC_STD01_C_R18_S28,SEC_STD01_C,18,R18-S28,ECONOMY,AVAILABLE,0
SEC_STD01_C_R18_S29,SEC_STD01_C,18,R18-S29,ECONOMY,AVAILABLE,0
SEC_STD01_C_R18_S30,SEC_STD01_C,18,R18-S30,ECONOMY,AVAILABLE,0
SEC_STD01_C_R18_S31,SEC_STD01_C,18,R18-S31,ECONOMY,AVAILABLE,0
SEC_STD01_C_R18_S32,SEC_STD01_C,18,R18-S32,ECONOMY,AVAILABLE,0
SEC_STD01_C_R18_S33,SEC_STD01_C,18,R18-S33,ECONOMY,AVAILABLE,0
SEC_STD01_C_R18_S34,SEC_STD01_C,18,R18-S34,ECONOMY,AVAILABLE,0
SEC_STD01_C_R18_S35,SEC_STD01_C,18,R18-S35,ECONOMY,AVAILABLE,0
SEC_STD01_C_R18_S36,SEC_STD01_C,18,R18-S36,ECONOMY,AVAILABLE,0
SEC_STD01_C_R18_S37,SEC_STD01_C,18,R18-S37,ECONOMY,AVAILABLE,0
SEC_STD01_C_R18_S38,SEC_STD01_C,18,R18-S38,ECONOMY,AVAILABLE,0
SEC_STD01_C_R18_S39,SEC_STD01_C,18,R18-S39,ECONOMY,AVAILABLE,0
SEC_STD01_C_R18_S40,SEC_STD01_C,18,R18-S40,ECONOMY,AVAILABLE,0
SEC_STD01_C_R18_S41,SEC_STD01_C,18,R18-S41,ECONOMY,AVAILABLE,0
SEC_STD01_C_R18_S42,SEC_STD01_C,18,R18-S42,ECONOMY,AVAILABLE,0
SEC_STD01_C_R18_S43,SEC_STD01_C,18,R18-S43,ECONOMY,AVAILABLE,0
SEC_STD01_C_R18_S44,SEC_STD01_C,18,R18-S44,ECONOMY,AVAILABLE,0
SEC_STD01_C_R18_S45,SEC_STD01_C,18,R18-S45,ECONOMY,AVAILABLE,0
SEC_STD01_C_R18_S46,SEC_STD01_C,18,R18-S46,ECONOMY,AVAILABLE,0
SEC_STD01_C_R18_S47,SEC_STD01_C,18,R18-S47,ECONOMY,AVAILABLE,0
SEC_STD01_C_R18_S48,SEC_STD01_C,18,R18-S48,ECONOMY,AVAILABLE,0
SEC_STD01_C_R18_S49,SEC_STD01_C,18,R18-S49,ECONOMY,AVAILABLE,0
SEC_STD01_C_R18_S50,SEC_STD01_C,18,R18-S50,ECONOMY,AVAILABLE,0
SEC_STD01_C_R19_S01,SEC_STD01_C,19,R19-S01,ECONOMY,AVAILABLE,0
SEC_STD01_C_R19_S02,SEC_STD01_C,19,R19-S02,ECONOMY,AVAILABLE,0
SEC_STD01_C_R19_S03,SEC_STD01_C,19,R19-S03,ECONOMY,AVAILABLE,0
SEC_STD01_C_R19_S04,SEC_STD01_C,19,R19-S04,ECONOMY,AVAILABLE,0
SEC_STD01_C_R19_S05,SEC_STD01_C,19,R19-S05,ECONOMY,AVAILABLE,0
SEC_STD01_C_R19_S06,SEC_STD01_C,19,R19-S06,ECONOMY,AVAILABLE,0
SEC_STD01_C_R19_S07,SEC_STD01_C,19,R19-S07,ECONOMY,AVAILABLE,0
SEC_STD01_C_R19_S08,SEC_STD01_C,19,R19-S08,ECONOMY,AVAILABLE,0
SEC_STD01_C_R19_S09,SEC_STD01_C,19,R19-S09,ECONOMY,AVAILABLE,0
SEC_STD01_C_R19_S10,SEC_STD01_C,19,R19-S10,ECONOMY,AVAILABLE,0
SEC_STD01_C_R19_S11,SEC_STD01_C,19,R19-S11,ECONOMY,AVAILABLE,0
SEC_STD01_C_R19_S12,SEC_STD01_C,19,R19-S12,ECONOMY,AVAILABLE,0
SEC_STD01_C_R19_S13,SEC_STD01_C,19,R19-S13,ECONOMY,AVAILABLE,0
SEC_STD01_C_R19_S14,SEC_STD01_C,19,R19-S14,ECONOMY,AVAILABLE,0
SEC_STD01_C_R19_S15,SEC_STD01_C,19,R19-S15,ECONOMY,AVAILABLE,0
SEC_STD01_C_R19_S16,SEC_STD01_C,19,R19-S16,ECONOMY,AVAILABLE,0
SEC_STD01_C_R19_S17,SEC_STD01_C,19,R19-S17,ECONOMY,AVAILABLE,0
SEC_STD01_C_R19_S18,SEC_STD01_C,19,R19-S18,ECONOMY,AVAILABLE,0
SEC_STD01_C_R19_S19,SEC_STD01_C,19,R19-S19,ECONOMY,AVAILABLE,0
SEC_STD01_C_R19_S20,SEC_STD01_C,19,R19-S20,ECONOMY,AVAILABLE,0
SEC_STD01_C_R19_S21,SEC_STD01_C,19,R19-S21,ECONOMY,AVAILABLE,0
SEC_STD01_C_R19_S22,SEC_STD01_C,19,R19-S22,ECONOMY,AVAILABLE,0
SEC_STD01_C_R19_S23,SEC_STD01_C,19,R19-S23,ECONOMY,AVAILABLE,0
SEC_STD01_C_R19_S24,SEC_STD01_C,19,R19-S24,ECONOMY,AVAILABLE,0
SEC_STD01_C_R19_S25,SEC_STD01_C,19,R19-S25,ECONOMY,AVAILABLE,0
SEC_STD01_C_R19_S26,SEC_STD01_C,19,R19-S26,ECONOMY,AVAILABLE,0
SEC_STD01_C_R19_S27,SEC_STD01_C,19,R19-S27,ECONOMY,AVAILABLE,0
SEC_STD01_C_R19_S28,SEC_STD01_C,19,R19-S28,ECONOMY,AVAILABLE,0
SEC_STD01_C_R19_S29,SEC_STD01_C,19,R19-S29,ECONOMY,AVAILABLE,0
SEC_STD01_C_R19_S30,SEC_STD01_C,19,R19-S30,ECONOMY,AVAILABLE,0
SEC_STD01_C_R19_S31,SEC_STD01_C,19,R19-S31,ECONOMY,AVAILABLE,0
SEC_STD01_C_R19_S32,SEC_STD01_C,19,R19-S32,ECONOMY,AVAILABLE,0
SEC_STD01_C_R19_S33,SEC_STD01_C,19,R19-S33,ECONOMY,AVAILABLE,0
SEC_STD01_C_R19_S34,SEC_STD01_C,19,R19-S34,ECONOMY,AVAILABLE,0
SEC_STD01_C_R19_S35,SEC_STD01_C,19,R19-S35,ECONOMY,AVAILABLE,0
SEC_STD01_C_R19_S36,SEC_STD01_C,19,R19-S36,ECONOMY,AVAILABLE,0
SEC_STD01_C_R19_S37,SEC_STD01_C,19,R19-S37,ECONOMY,AVAILABLE,0
SEC_STD01_C_R19_S38,SEC_STD01_C,19,R19-S38,ECONOMY,AVAILABLE,0
SEC_STD01_C_R19_S39,SEC_STD01_C,19,R19-S39,ECONOMY,AVAILABLE,0
SEC_STD01_C_R19_S40,SEC_STD01_C,19,R19-S40,ECONOMY,AVAILABLE,0
SEC_STD01_C_R19_S41,SEC_STD01_C,19,R19-S41,ECONOMY,AVAILABLE,0
SEC_STD01_C_R19_S42,SEC_STD01_C,19,R19-S42,ECONOMY,AVAILABLE,0
SEC_STD01_C_R19_S43,SEC_STD01_C,19,R19-S43,ECONOMY,AVAILABLE,0
SEC_STD01_C_R19_S44,SEC_STD01_C,19,R19-S44,ECONOMY,AVAILABLE,0
SEC_STD01_C_R19_S45,SEC_STD01_C,19,R19-S45,ECONOMY,AVAILABLE,0
SEC_STD01_C_R19_S46,SEC_STD01_C,19,R19-S46,ECONOMY,AVAILABLE,0
SEC_STD01_C_R19_S47,SEC_STD01_C,19,R19-S47,ECONOMY,AVAILABLE,0
SEC_STD01_C_R19_S48,SEC_STD01_C,19,R19-S48,ECONOMY,AVAILABLE,0
SEC_STD01_C_R19_S49,SEC_STD01_C,19,R19-S49,ECONOMY,AVAILABLE,0
SEC_STD01_C_R19_S50,SEC_STD01_C,19,R19-S50,ECONOMY,AVAILABLE,0
SEC_STD01_C_R20_S01,SEC_STD01_C,20,R20-S01,ECONOMY,AVAILABLE,0
SEC_STD01_C_R20_S02,SEC_STD01_C,20,R20-S02,ECONOMY,AVAILABLE,0
SEC_STD01_C_R20_S03,SEC_STD01_C,20,R20-S03,ECONOMY,AVAILABLE,0
SEC_STD01_C_R20_S04,SEC_STD01_C,20,R20-S04,ECONOMY,AVAILABLE,0
SEC_STD01_C_R20_S05,SEC_STD01_C,20,R20-S05,ECONOMY,AVAILABLE,0
SEC_STD01_C_R20_S06,SEC_STD01_C,20,R20-S06,ECONOMY,AVAILABLE,0
SEC_STD01_C_R20_S07,SEC_STD01_C,20,R20-S07,ECONOMY,AVAILABLE,0
SEC_STD01_C_R20_S08,SEC_STD01_C,20,R20-S08,ECONOMY,AVAILABLE,0
SEC_STD01_C_R20_S09,SEC_STD01_C,20,R20-S09,ECONOMY,AVAILABLE,0
SEC_STD01_C_R20_S10,SEC_STD01_C,20,R20-S10,ECONOMY,AVAILABLE,0
SEC_STD01_C_R20_S11,SEC_STD01_C,20,R20-S11,ECONOMY,AVAILABLE,0
SEC_STD01_C_R20_S12,SEC_STD01_C,20,R20-S12,ECONOMY,AVAILABLE,0
SEC_STD01_C_R20_S13,SEC_STD01_C,20,R20-S13,ECONOMY,AVAILABLE,0
SEC_STD01_C_R20_S14,SEC_STD01_C,20,R20-S14,ECONOMY,AVAILABLE,0
SEC_STD01_C_R20_S15,SEC_STD01_C,20,R20-S15,ECONOMY,AVAILABLE,0
SEC_STD01_C_R20_S16,SEC_STD01_C,20,R20-S16,ECONOMY,AVAILABLE,0
SEC_STD01_C_R20_S17,SEC_STD01_C,20,R20-S17,ECONOMY,AVAILABLE,0
SEC_STD01_C_R20_S18,SEC_STD01_C,20,R20-S18,ECONOMY,AVAILABLE,0
SEC_STD01_C_R20_S19,SEC_STD01_C,20,R20-S19,ECONOMY,AVAILABLE,0
SEC_STD01_C_R20_S20,SEC_STD01_C,20,R20-S20,ECONOMY,AVAILABLE,0
SEC_STD01_C_R20_S21,SEC_STD01_C,20,R20-S21,ECONOMY,AVAILABLE,0
SEC_STD01_C_R20_S22,SEC_STD01_C,20,R20-S22,ECONOMY,AVAILABLE,0
SEC_STD01_C_R20_S23,SEC_STD01_C,20,R20-S23,ECONOMY,AVAILABLE,0
SEC_STD01_C_R20_S24,SEC_STD01_C,20,R20-S24,ECONOMY,AVAILABLE,0
SEC_STD01_C_R20_S25,SEC_STD01_C,20,R20-S25,ECONOMY,AVAILABLE,0
SEC_STD01_C_R20_S26,SEC_STD01_C,20,R20-S26,ECONOMY,AVAILABLE,0
SEC_STD01_C_R20_S27,SEC_STD01_C,20,R20-S27,ECONOMY,AVAILABLE,0
SEC_STD01_C_R20_S28,SEC_STD01_C,20,R20-S28,ECONOMY,AVAILABLE,0
SEC_STD01_C_R20_S29,SEC_STD01_C,20,R20-S29,ECONOMY,AVAILABLE,0
SEC_STD01_C_R20_S30,SEC_STD01_C,20,R20-S30,ECONOMY,AVAILABLE,0
SEC_STD01_C_R20_S31,SEC_STD01_C,20,R20-S31,ECONOMY,AVAILABLE,0
SEC_STD01_C_R20_S32,SEC_STD01_C,20,R20-S32,ECONOMY,AVAILABLE,0
SEC_STD01_C_R20_S33,SEC_STD01_C,20,R20-S33,ECONOMY,AVAILABLE,0
SEC_STD01_C_R20_S34,SEC_STD01_C,20,R20-S34,ECONOMY,AVAILABLE,0
SEC_STD01_C_R20_S35,SEC_STD01_C,20,R20-S35,ECONOMY,AVAILABLE,0
SEC_STD01_C_R20_S36,SEC_STD01_C,20,R20-S36,ECONOMY,AVAILABLE,0
SEC_STD01_C_R20_S37,SEC_STD01_C,20,R20-S37,ECONOMY,AVAILABLE,0
SEC_STD01_C_R20_S38,SEC_STD01_C,20,R20-S38,ECONOMY,AVAILABLE,0
SEC_STD01_C_R20_S39,SEC_STD01_C,20,R20-S39,ECONOMY,AVAILABLE,0
SEC_STD01_C_R20_S40,SEC_STD01_C,20,R20-S40,ECONOMY,AVAILABLE,0
SEC_STD01_C_R20_S41,SEC_STD01_C,20,R20-S41,ECONOMY,AVAILABLE,0
SEC_STD01_C_R20_S42,SEC_STD01_C,20,R20-S42,ECONOMY,AVAILABLE,0
SEC_STD01_C_R20_S43,SEC_STD01_C,20,R20-S43,ECONOMY,AVAILABLE,0
SEC_STD01_C_R20_S44,SEC_STD01_C,20,R20-S44,ECONOMY,AVAILABLE,0
SEC_STD01_C_R20_S45,SEC_STD01_C,20,R20-S45,ECONOMY,AVAILABLE,0
SEC_STD01_C_R20_S46,SEC_STD01_C,20,R20-S46,ECONOMY,AVAILABLE,0
SEC_STD01_C_R20_S47,SEC_STD01_C,20,R20-S47,ECONOMY,AVAILABLE,0
SEC_STD01_C_R20_S48,SEC_STD01_C,20,R20-S48,ECONOMY,AVAILABLE,0
SEC_STD01_C_R20_S49,SEC_STD01_C,20,R20-S49,ECONOMY,AVAILABLE,0
SEC_STD01_C_R20_S50,SEC_STD01_C,20,R20-S50,ECONOMY,AVAILABLE,0
SEC_STD01_C_R21_S01,SEC_STD01_C,21,R21-S01,ECONOMY,AVAILABLE,0
SEC_STD01_C_R21_S02,SEC_STD01_C,21,R21-S02,ECONOMY,AVAILABLE,0
SEC_STD01_C_R21_S03,SEC_STD01_C,21,R21-S03,ECONOMY,AVAILABLE,0
SEC_STD01_C_R21_S04,SEC_STD01_C,21,R21-S04,ECONOMY,AVAILABLE,0
SEC_STD01_C_R21_S05,SEC_STD01_C,21,R21-S05,ECONOMY,AVAILABLE,0
SEC_STD01_C_R21_S06,SEC_STD01_C,21,R21-S06,ECONOMY,AVAILABLE,0
SEC_STD01_C_R21_S07,SEC_STD01_C,21,R21-S07,ECONOMY,AVAILABLE,0
SEC_STD01_C_R21_S08,SEC_STD01_C,21,R21-S08,ECONOMY,AVAILABLE,0
SEC_STD01_C_R21_S09,SEC_STD01_C,21,R21-S09,ECONOMY,AVAILABLE,0
SEC_STD01_C_R21_S10,SEC_STD01_C,21,R21-S10,ECONOMY,AVAILABLE,0
SEC_STD01_C_R21_S11,SEC_STD01_C,21,R21-S11,ECONOMY,AVAILABLE,0
SEC_STD01_C_R21_S12,SEC_STD01_C,21,R21-S12,ECONOMY,AVAILABLE,0
SEC_STD01_C_R21_S13,SEC_STD01_C,21,R21-S13,ECONOMY,AVAILABLE,0
SEC_STD01_C_R21_S14,SEC_STD01_C,21,R21-S14,ECONOMY,AVAILABLE,0
SEC_STD01_C_R21_S15,SEC_STD01_C,21,R21-S15,ECONOMY,AVAILABLE,0
SEC_STD01_C_R21_S16,SEC_STD01_C,21,R21-S16,ECONOMY,AVAILABLE,0
SEC_STD01_C_R21_S17,SEC_STD01_C,21,R21-S17,ECONOMY,AVAILABLE,0
SEC_STD01_C_R21_S18,SEC_STD01_C,21,R21-S18,ECONOMY,AVAILABLE,0
SEC_STD01_C_R21_S19,SEC_STD01_C,21,R21-S19,ECONOMY,AVAILABLE,0
SEC_STD01_C_R21_S20,SEC_STD01_C,21,R21-S20,ECONOMY,AVAILABLE,0
SEC_STD01_C_R21_S21,SEC_STD01_C,21,R21-S21,ECONOMY,AVAILABLE,0
SEC_STD01_C_R21_S22,SEC_STD01_C,21,R21-S22,ECONOMY,AVAILABLE,0
SEC_STD01_C_R21_S23,SEC_STD01_C,21,R21-S23,ECONOMY,AVAILABLE,0
SEC_STD01_C_R21_S24,SEC_STD01_C,21,R21-S24,ECONOMY,AVAILABLE,0
SEC_STD01_C_R21_S25,SEC_STD01_C,21,R21-S25,ECONOMY,AVAILABLE,0
SEC_STD01_C_R21_S26,SEC_STD01_C,21,R21-S26,ECONOMY,AVAILABLE,0
SEC_STD01_C_R21_S27,SEC_STD01_C,21,R21-S27,ECONOMY,AVAILABLE,0
SEC_STD01_C_R21_S28,SEC_STD01_C,21,R21-S28,ECONOMY,AVAILABLE,0
SEC_STD01_C_R21_S29,SEC_STD01_C,21,R21-S29,ECONOMY,AVAILABLE,0
SEC_STD01_C_R21_S30,SEC_STD01_C,21,R21-S30,ECONOMY,AVAILABLE,0
SEC_STD01_C_R21_S31,SEC_STD01_C,21,R21-S31,ECONOMY,AVAILABLE,0
SEC_STD01_C_R21_S32,SEC_STD01_C,21,R21-S32,ECONOMY,AVAILABLE,0
SEC_STD01_C_R21_S33,SEC_STD01_C,21,R21-S33,ECONOMY,AVAILABLE,0
SEC_STD01_C_R21_S34,SEC_STD01_C,21,R21-S34,ECONOMY,AVAILABLE,0
SEC_STD01_C_R21_S35,SEC_STD01_C,21,R21-S35,ECONOMY,AVAILABLE,0
SEC_STD01_C_R21_S36,SEC_STD01_C,21,R21-S36,ECONOMY,AVAILABLE,0
SEC_STD01_C_R21_S37,SEC_STD01_C,21,R21-S37,ECONOMY,AVAILABLE,0
SEC_STD01_C_R21_S38,SEC_STD01_C,21,R21-S38,ECONOMY,AVAILABLE,0
SEC_STD01_C_R21_S39,SEC_STD01_C,21,R21-S39,ECONOMY,AVAILABLE,0
SEC_STD01_C_R21_S40,SEC_STD01_C,21,R21-S40,ECONOMY,AVAILABLE,0
SEC_STD01_C_R21_S41,SEC_STD01_C,21,R21-S41,ECONOMY,AVAILABLE,0
SEC_STD01_C_R21_S42,SEC_STD01_C,21,R21-S42,ECONOMY,AVAILABLE,0
SEC_STD01_C_R21_S43,SEC_STD01_C,21,R21-S43,ECONOMY,AVAILABLE,0
SEC_STD01_C_R21_S44,SEC_STD01_C,21,R21-S44,ECONOMY,AVAILABLE,0
SEC_STD01_C_R21_S45,SEC_STD01_C,21,R21-S45,ECONOMY,AVAILABLE,0
SEC_STD01_C_R21_S46,SEC_STD01_C,21,R21-S46,ECONOMY,AVAILABLE,0
SEC_STD01_C_R21_S47,SEC_STD01_C,21,R21-S47,ECONOMY,AVAILABLE,0
SEC_STD01_C_R21_S48,SEC_STD01_C,21,R21-S48,ECONOMY,AVAILABLE,0
SEC_STD01_C_R21_S49,SEC_STD01_C,21,R21-S49,ECONOMY,AVAILABLE,0
SEC_STD01_C_R21_S50,SEC_STD01_C,21,R21-S50,ECONOMY,AVAILABLE,0
SEC_STD01_C_R22_S01,SEC_STD01_C,22,R22-S01,ECONOMY,AVAILABLE,0
SEC_STD01_C_R22_S02,SEC_STD01_C,22,R22-S02,ECONOMY,AVAILABLE,0
SEC_STD01_C_R22_S03,SEC_STD01_C,22,R22-S03,ECONOMY,AVAILABLE,0
SEC_STD01_C_R22_S04,SEC_STD01_C,22,R22-S04,ECONOMY,AVAILABLE,0
SEC_STD01_C_R22_S05,SEC_STD01_C,22,R22-S05,ECONOMY,AVAILABLE,0
SEC_STD01_C_R22_S06,SEC_STD01_C,22,R22-S06,ECONOMY,AVAILABLE,0
SEC_STD01_C_R22_S07,SEC_STD01_C,22,R22-S07,ECONOMY,AVAILABLE,0
SEC_STD01_C_R22_S08,SEC_STD01_C,22,R22-S08,ECONOMY,AVAILABLE,0
SEC_STD01_C_R22_S09,SEC_STD01_C,22,R22-S09,ECONOMY,AVAILABLE,0
SEC_STD01_C_R22_S10,SEC_STD01_C,22,R22-S10,ECONOMY,AVAILABLE,0
SEC_STD01_C_R22_S11,SEC_STD01_C,22,R22-S11,ECONOMY,AVAILABLE,0
SEC_STD01_C_R22_S12,SEC_STD01_C,22,R22-S12,ECONOMY,AVAILABLE,0
SEC_STD01_C_R22_S13,SEC_STD01_C,22,R22-S13,ECONOMY,AVAILABLE,0
SEC_STD01_C_R22_S14,SEC_STD01_C,22,R22-S14,ECONOMY,AVAILABLE,0
SEC_STD01_C_R22_S15,SEC_STD01_C,22,R22-S15,ECONOMY,AVAILABLE,0
SEC_STD01_C_R22_S16,SEC_STD01_C,22,R22-S16,ECONOMY,AVAILABLE,0
SEC_STD01_C_R22_S17,SEC_STD01_C,22,R22-S17,ECONOMY,AVAILABLE,0
SEC_STD01_C_R22_S18,SEC_STD01_C,22,R22-S18,ECONOMY,AVAILABLE,0
SEC_STD01_C_R22_S19,SEC_STD01_C,22,R22-S19,ECONOMY,AVAILABLE,0
SEC_STD01_C_R22_S20,SEC_STD01_C,22,R22-S20,ECONOMY,AVAILABLE,0
SEC_STD01_C_R22_S21,SEC_STD01_C,22,R22-S21,ECONOMY,AVAILABLE,0
SEC_STD01_C_R22_S22,SEC_STD01_C,22,R22-S22,ECONOMY,AVAILABLE,0
SEC_STD01_C_R22_S23,SEC_STD01_C,22,R22-S23,ECONOMY,AVAILABLE,0
SEC_STD01_C_R22_S24,SEC_STD01_C,22,R22-S24,ECONOMY,AVAILABLE,0
SEC_STD01_C_R22_S25,SEC_STD01_C,22,R22-S25,ECONOMY,AVAILABLE,0
SEC_STD01_C_R22_S26,SEC_STD01_C,22,R22-S26,ECONOMY,AVAILABLE,0
SEC_STD01_C_R22_S27,SEC_STD01_C,22,R22-S27,ECONOMY,AVAILABLE,0
SEC_STD01_C_R22_S28,SEC_STD01_C,22,R22-S28,ECONOMY,AVAILABLE,0
SEC_STD01_C_R22_S29,SEC_STD01_C,22,R22-S29,ECONOMY,AVAILABLE,0
SEC_STD01_C_R22_S30,SEC_STD01_C,22,R22-S30,ECONOMY,AVAILABLE,0
SEC_STD01_C_R22_S31,SEC_STD01_C,22,R22-S31,ECONOMY,AVAILABLE,0
SEC_STD01_C_R22_S32,SEC_STD01_C,22,R22-S32,ECONOMY,AVAILABLE,0
SEC_STD01_C_R22_S33,SEC_STD01_C,22,R22-S33,ECONOMY,AVAILABLE,0
SEC_STD01_C_R22_S34,SEC_STD01_C,22,R22-S34,ECONOMY,AVAILABLE,0
SEC_STD01_C_R22_S35,SEC_STD01_C,22,R22-S35,ECONOMY,AVAILABLE,0
SEC_STD01_C_R22_S36,SEC_STD01_C,22,R22-S36,ECONOMY,AVAILABLE,0
SEC_STD01_C_R22_S37,SEC_STD01_C,22,R22-S37,ECONOMY,AVAILABLE,0
SEC_STD01_C_R22_S38,SEC_STD01_C,22,R22-S38,ECONOMY,AVAILABLE,0
SEC_STD01_C_R22_S39,SEC_STD01_C,22,R22-S39,ECONOMY,AVAILABLE,0
SEC_STD01_C_R22_S40,SEC_STD01_C,22,R22-S40,ECONOMY,AVAILABLE,0
SEC_STD01_C_R22_S41,SEC_STD01_C,22,R22-S41,ECONOMY,AVAILABLE,0
SEC_STD01_C_R22_S42,SEC_STD01_C,22,R22-S42,ECONOMY,AVAILABLE,0
SEC_STD01_C_R22_S43,SEC_STD01_C,22,R22-S43,ECONOMY,AVAILABLE,0
SEC_STD01_C_R22_S44,SEC_STD01_C,22,R22-S44,ECONOMY,AVAILABLE,0
SEC_STD01_C_R22_S45,SEC_STD01_C,22,R22-S45,ECONOMY,AVAILABLE,0
SEC_STD01_C_R22_S46,SEC_STD01_C,22,R22-S46,ECONOMY,AVAILABLE,0
SEC_STD01_C_R22_S47,SEC_STD01_C,22,R22-S47,ECONOMY,AVAILABLE,0
SEC_STD01_C_R22_S48,SEC_STD01_C,22,R22-S48,ECONOMY,AVAILABLE,0
SEC_STD01_C_R22_S49,SEC_STD01_C,22,R22-S49,ECONOMY,AVAILABLE,0
SEC_STD01_C_R22_S50,SEC_STD01_C,22,R22-S50,ECONOMY,AVAILABLE,0
SEC_STD01_C_R23_S01,SEC_STD01_C,23,R23-S01,ECONOMY,AVAILABLE,0
SEC_STD01_C_R23_S02,SEC_STD01_C,23,R23-S02,ECONOMY,AVAILABLE,0
SEC_STD01_C_R23_S03,SEC_STD01_C,23,R23-S03,ECONOMY,AVAILABLE,0
SEC_STD01_C_R23_S04,SEC_STD01_C,23,R23-S04,ECONOMY,AVAILABLE,0
SEC_STD01_C_R23_S05,SEC_STD01_C,23,R23-S05,ECONOMY,AVAILABLE,0
SEC_STD01_C_R23_S06,SEC_STD01_C,23,R23-S06,ECONOMY,AVAILABLE,0
SEC_STD01_C_R23_S07,SEC_STD01_C,23,R23-S07,ECONOMY,AVAILABLE,0
SEC_STD01_C_R23_S08,SEC_STD01_C,23,R23-S08,ECONOMY,AVAILABLE,0
SEC_STD01_C_R23_S09,SEC_STD01_C,23,R23-S09,ECONOMY,AVAILABLE,0
SEC_STD01_C_R23_S10,SEC_STD01_C,23,R23-S10,ECONOMY,AVAILABLE,0
SEC_STD01_C_R23_S11,SEC_STD01_C,23,R23-S11,ECONOMY,AVAILABLE,0
SEC_STD01_C_R23_S12,SEC_STD01_C,23,R23-S12,ECONOMY,AVAILABLE,0
SEC_STD01_C_R23_S13,SEC_STD01_C,23,R23-S13,ECONOMY,AVAILABLE,0
SEC_STD01_C_R23_S14,SEC_STD01_C,23,R23-S14,ECONOMY,AVAILABLE,0
SEC_STD01_C_R23_S15,SEC_STD01_C,23,R23-S15,ECONOMY,AVAILABLE,0
SEC_STD01_C_R23_S16,SEC_STD01_C,23,R23-S16,ECONOMY,AVAILABLE,0
SEC_STD01_C_R23_S17,SEC_STD01_C,23,R23-S17,ECONOMY,AVAILABLE,0
SEC_STD01_C_R23_S18,SEC_STD01_C,23,R23-S18,ECONOMY,AVAILABLE,0
SEC_STD01_C_R23_S19,SEC_STD01_C,23,R23-S19,ECONOMY,AVAILABLE,0
SEC_STD01_C_R23_S20,SEC_STD01_C,23,R23-S20,ECONOMY,AVAILABLE,0
SEC_STD01_C_R23_S21,SEC_STD01_C,23,R23-S21,ECONOMY,AVAILABLE,0
SEC_STD01_C_R23_S22,SEC_STD01_C,23,R23-S22,ECONOMY,AVAILABLE,0
SEC_STD01_C_R23_S23,SEC_STD01_C,23,R23-S23,ECONOMY,AVAILABLE,0
SEC_STD01_C_R23_S24,SEC_STD01_C,23,R23-S24,ECONOMY,AVAILABLE,0
SEC_STD01_C_R23_S25,SEC_STD01_C,23,R23-S25,ECONOMY,AVAILABLE,0
SEC_STD01_C_R23_S26,SEC_STD01_C,23,R23-S26,ECONOMY,AVAILABLE,0
SEC_STD01_C_R23_S27,SEC_STD01_C,23,R23-S27,ECONOMY,AVAILABLE,0
SEC_STD01_C_R23_S28,SEC_STD01_C,23,R23-S28,ECONOMY,AVAILABLE,0
SEC_STD01_C_R23_S29,SEC_STD01_C,23,R23-S29,ECONOMY,AVAILABLE,0
SEC_STD01_C_R23_S30,SEC_STD01_C,23,R23-S30,ECONOMY,AVAILABLE,0
SEC_STD01_C_R23_S31,SEC_STD01_C,23,R23-S31,ECONOMY,AVAILABLE,0
SEC_STD01_C_R23_S32,SEC_STD01_C,23,R23-S32,ECONOMY,AVAILABLE,0
SEC_STD01_C_R23_S33,SEC_STD01_C,23,R23-S33,ECONOMY,AVAILABLE,0
SEC_STD01_C_R23_S34,SEC_STD01_C,23,R23-S34,ECONOMY,AVAILABLE,0
SEC_STD01_C_R23_S35,SEC_STD01_C,23,R23-S35,ECONOMY,AVAILABLE,0
SEC_STD01_C_R23_S36,SEC_STD01_C,23,R23-S36,ECONOMY,AVAILABLE,0
SEC_STD01_C_R23_S37,SEC_STD01_C,23,R23-S37,ECONOMY,AVAILABLE,0
SEC_STD01_C_R23_S38,SEC_STD01_C,23,R23-S38,ECONOMY,AVAILABLE,0
SEC_STD01_C_R23_S39,SEC_STD01_C,23,R23-S39,ECONOMY,AVAILABLE,0
SEC_STD01_C_R23_S40,SEC_STD01_C,23,R23-S40,ECONOMY,AVAILABLE,0
SEC_STD01_C_R23_S41,SEC_STD01_C,23,R23-S41,ECONOMY,AVAILABLE,0
SEC_STD01_C_R23_S42,SEC_STD01_C,23,R23-S42,ECONOMY,AVAILABLE,0
SEC_STD01_C_R23_S43,SEC_STD01_C,23,R23-S43,ECONOMY,AVAILABLE,0
SEC_STD01_C_R23_S44,SEC_STD01_C,23,R23-S44,ECONOMY,AVAILABLE,0
SEC_STD01_C_R23_S45,SEC_STD01_C,23,R23-S45,ECONOMY,AVAILABLE,0
SEC_STD01_C_R23_S46,SEC_STD01_C,23,R23-S46,ECONOMY,AVAILABLE,0
SEC_STD01_C_R23_S47,SEC_STD01_C,23,R23-S47,ECONOMY,AVAILABLE,0
SEC_STD01_C_R23_S48,SEC_STD01_C,23,R23-S48,ECONOMY,AVAILABLE,0
SEC_STD01_C_R23_S49,SEC_STD01_C,23,R23-S49,ECONOMY,AVAILABLE,0
SEC_STD01_C_R23_S50,SEC_STD01_C,23,R23-S50,ECONOMY,AVAILABLE,0
SEC_STD01_C_R24_S01,SEC_STD01_C,24,R24-S01,ECONOMY,AVAILABLE,0
SEC_STD01_C_R24_S02,SEC_STD01_C,24,R24-S02,ECONOMY,AVAILABLE,0
SEC_STD01_C_R24_S03,SEC_STD01_C,24,R24-S03,ECONOMY,AVAILABLE,0
SEC_STD01_C_R24_S04,SEC_STD01_C,24,R24-S04,ECONOMY,AVAILABLE,0
SEC_STD01_C_R24_S05,SEC_STD01_C,24,R24-S05,ECONOMY,AVAILABLE,0
SEC_STD01_C_R24_S06,SEC_STD01_C,24,R24-S06,ECONOMY,AVAILABLE,0
SEC_STD01_C_R24_S07,SEC_STD01_C,24,R24-S07,ECONOMY,AVAILABLE,0
SEC_STD01_C_R24_S08,SEC_STD01_C,24,R24-S08,ECONOMY,AVAILABLE,0
SEC_STD01_C_R24_S09,SEC_STD01_C,24,R24-S09,ECONOMY,AVAILABLE,0
SEC_STD01_C_R24_S10,SEC_STD01_C,24,R24-S10,ECONOMY,AVAILABLE,0
SEC_STD01_C_R24_S11,SEC_STD01_C,24,R24-S11,ECONOMY,AVAILABLE,0
SEC_STD01_C_R24_S12,SEC_STD01_C,24,R24-S12,ECONOMY,AVAILABLE,0
SEC_STD01_C_R24_S13,SEC_STD01_C,24,R24-S13,ECONOMY,AVAILABLE,0
SEC_STD01_C_R24_S14,SEC_STD01_C,24,R24-S14,ECONOMY,AVAILABLE,0
SEC_STD01_C_R24_S15,SEC_STD01_C,24,R24-S15,ECONOMY,AVAILABLE,0
SEC_STD01_C_R24_S16,SEC_STD01_C,24,R24-S16,ECONOMY,AVAILABLE,0
SEC_STD01_C_R24_S17,SEC_STD01_C,24,R24-S17,ECONOMY,AVAILABLE,0
SEC_STD01_C_R24_S18,SEC_STD01_C,24,R24-S18,ECONOMY,AVAILABLE,0
SEC_STD01_C_R24_S19,SEC_STD01_C,24,R24-S19,ECONOMY,AVAILABLE,0
SEC_STD01_C_R24_S20,SEC_STD01_C,24,R24-S20,ECONOMY,AVAILABLE,0
SEC_STD01_C_R24_S21,SEC_STD01_C,24,R24-S21,ECONOMY,AVAILABLE,0
SEC_STD01_C_R24_S22,SEC_STD01_C,24,R24-S22,ECONOMY,AVAILABLE,0
SEC_STD01_C_R24_S23,SEC_STD01_C,24,R24-S23,ECONOMY,AVAILABLE,0
SEC_STD01_C_R24_S24,SEC_STD01_C,24,R24-S24,ECONOMY,AVAILABLE,0
SEC_STD01_C_R24_S25,SEC_STD01_C,24,R24-S25,ECONOMY,AVAILABLE,0
SEC_STD01_C_R24_S26,SEC_STD01_C,24,R24-S26,ECONOMY,AVAILABLE,0
SEC_STD01_C_R24_S27,SEC_STD01_C,24,R24-S27,ECONOMY,AVAILABLE,0
SEC_STD01_C_R24_S28,SEC_STD01_C,24,R24-S28,ECONOMY,AVAILABLE,0
SEC_STD01_C_R24_S29,SEC_STD01_C,24,R24-S29,ECONOMY,AVAILABLE,0
SEC_STD01_C_R24_S30,SEC_STD01_C,24,R24-S30,ECONOMY,AVAILABLE,0
SEC_STD01_C_R24_S31,SEC_STD01_C,24,R24-S31,ECONOMY,AVAILABLE,0
SEC_STD01_C_R24_S32,SEC_STD01_C,24,R24-S32,ECONOMY,AVAILABLE,0
SEC_STD01_C_R24_S33,SEC_STD01_C,24,R24-S33,ECONOMY,AVAILABLE,0
SEC_STD01_C_R24_S34,SEC_STD01_C,24,R24-S34,ECONOMY,AVAILABLE,0
SEC_STD01_C_R24_S35,SEC_STD01_C,24,R24-S35,ECONOMY,AVAILABLE,0
SEC_STD01_C_R24_S36,SEC_STD01_C,24,R24-S36,ECONOMY,AVAILABLE,0
SEC_STD01_C_R24_S37,SEC_STD01_C,24,R24-S37,ECONOMY,AVAILABLE,0
SEC_STD01_C_R24_S38,SEC_STD01_C,24,R24-S38,ECONOMY,AVAILABLE,0
SEC_STD01_C_R24_S39,SEC_STD01_C,24,R24-S39,ECONOMY,AVAILABLE,0
SEC_STD01_C_R24_S40,SEC_STD01_C,24,R24-S40,ECONOMY,AVAILABLE,0
SEC_STD01_C_R24_S41,SEC_STD01_C,24,R24-S41,ECONOMY,AVAILABLE,0
SEC_STD01_C_R24_S42,SEC_STD01_C,24,R24-S42,ECONOMY,AVAILABLE,0
SEC_STD01_C_R24_S43,SEC_STD01_C,24,R24-S43,ECONOMY,AVAILABLE,0
SEC_STD01_C_R24_S44,SEC_STD01_C,24,R24-S44,ECONOMY,AVAILABLE,0
SEC_STD01_C_R24_S45,SEC_STD01_C,24,R24-S45,ECONOMY,AVAILABLE,0
SEC_STD01_C_R24_S46,SEC_STD01_C,24,R24-S46,ECONOMY,AVAILABLE,0
SEC_STD01_C_R24_S47,SEC_STD01_C,24,R24-S47,ECONOMY,AVAILABLE,0
SEC_STD01_C_R24_S48,SEC_STD01_C,24,R24-S48,ECONOMY,AVAILABLE,0
SEC_STD01_C_R24_S49,SEC_STD01_C,24,R24-S49,ECONOMY,AVAILABLE,0
SEC_STD01_C_R24_S50,SEC_STD01_C,24,R24-S50,ECONOMY,AVAILABLE,0
SEC_STD01_C_R25_S01,SEC_STD01_C,25,R25-S01,ECONOMY,AVAILABLE,0
SEC_STD01_C_R25_S02,SEC_STD01_C,25,R25-S02,ECONOMY,AVAILABLE,0
SEC_STD01_C_R25_S03,SEC_STD01_C,25,R25-S03,ECONOMY,AVAILABLE,0
SEC_STD01_C_R25_S04,SEC_STD01_C,25,R25-S04,ECONOMY,AVAILABLE,0
SEC_STD01_C_R25_S05,SEC_STD01_C,25,R25-S05,ECONOMY,AVAILABLE,0
SEC_STD01_C_R25_S06,SEC_STD01_C,25,R25-S06,ECONOMY,AVAILABLE,0
SEC_STD01_C_R25_S07,SEC_STD01_C,25,R25-S07,ECONOMY,AVAILABLE,0
SEC_STD01_C_R25_S08,SEC_STD01_C,25,R25-S08,ECONOMY,AVAILABLE,0
SEC_STD01_C_R25_S09,SEC_STD01_C,25,R25-S09,ECONOMY,AVAILABLE,0
SEC_STD01_C_R25_S10,SEC_STD01_C,25,R25-S10,ECONOMY,AVAILABLE,0
SEC_STD01_C_R25_S11,SEC_STD01_C,25,R25-S11,ECONOMY,AVAILABLE,0
SEC_STD01_C_R25_S12,SEC_STD01_C,25,R25-S12,ECONOMY,AVAILABLE,0
SEC_STD01_C_R25_S13,SEC_STD01_C,25,R25-S13,ECONOMY,AVAILABLE,0
SEC_STD01_C_R25_S14,SEC_STD01_C,25,R25-S14,ECONOMY,AVAILABLE,0
SEC_STD01_C_R25_S15,SEC_STD01_C,25,R25-S15,ECONOMY,AVAILABLE,0
SEC_STD01_C_R25_S16,SEC_STD01_C,25,R25-S16,ECONOMY,AVAILABLE,0
SEC_STD01_C_R25_S17,SEC_STD01_C,25,R25-S17,ECONOMY,AVAILABLE,0
SEC_STD01_C_R25_S18,SEC_STD01_C,25,R25-S18,ECONOMY,AVAILABLE,0
SEC_STD01_C_R25_S19,SEC_STD01_C,25,R25-S19,ECONOMY,AVAILABLE,0
SEC_STD01_C_R25_S20,SEC_STD01_C,25,R25-S20,ECONOMY,AVAILABLE,0
SEC_STD01_C_R25_S21,SEC_STD01_C,25,R25-S21,ECONOMY,AVAILABLE,0
SEC_STD01_C_R25_S22,SEC_STD01_C,25,R25-S22,ECONOMY,AVAILABLE,0
SEC_STD01_C_R25_S23,SEC_STD01_C,25,R25-S23,ECONOMY,AVAILABLE,0
SEC_STD01_C_R25_S24,SEC_STD01_C,25,R25-S24,ECONOMY,AVAILABLE,0
SEC_STD01_C_R25_S25,SEC_STD01_C,25,R25-S25,ECONOMY,AVAILABLE,0
SEC_STD01_C_R25_S26,SEC_STD01_C,25,R25-S26,ECONOMY,AVAILABLE,0
SEC_STD01_C_R25_S27,SEC_STD01_C,25,R25-S27,ECONOMY,AVAILABLE,0
SEC_STD01_C_R25_S28,SEC_STD01_C,25,R25-S28,ECONOMY,AVAILABLE,0
SEC_STD01_C_R25_S29,SEC_STD01_C,25,R25-S29,ECONOMY,AVAILABLE,0
SEC_STD01_C_R25_S30,SEC_STD01_C,25,R25-S30,ECONOMY,AVAILABLE,0
SEC_STD01_C_R25_S31,SEC_STD01_C,25,R25-S31,ECONOMY,AVAILABLE,0
SEC_STD01_C_R25_S32,SEC_STD01_C,25,R25-S32,ECONOMY,AVAILABLE,0
SEC_STD01_C_R25_S33,SEC_STD01_C,25,R25-S33,ECONOMY,AVAILABLE,0
SEC_STD01_C_R25_S34,SEC_STD01_C,25,R25-S34,ECONOMY,AVAILABLE,0
SEC_STD01_C_R25_S35,SEC_STD01_C,25,R25-S35,ECONOMY,AVAILABLE,0
SEC_STD01_C_R25_S36,SEC_STD01_C,25,R25-S36,ECONOMY,AVAILABLE,0
SEC_STD01_C_R25_S37,SEC_STD01_C,25,R25-S37,ECONOMY,AVAILABLE,0
SEC_STD01_C_R25_S38,SEC_STD01_C,25,R25-S38,ECONOMY,AVAILABLE,0
SEC_STD01_C_R25_S39,SEC_STD01_C,25,R25-S39,ECONOMY,AVAILABLE,0
SEC_STD01_C_R25_S40,SEC_STD01_C,25,R25-S40,ECONOMY,AVAILABLE,0
SEC_STD01_C_R25_S41,SEC_STD01_C,25,R25-S41,ECONOMY,AVAILABLE,0
SEC_STD01_C_R25_S42,SEC_STD01_C,25,R25-S42,ECONOMY,AVAILABLE,0
SEC_STD01_C_R25_S43,SEC_STD01_C,25,R25-S43,ECONOMY,AVAILABLE,0
SEC_STD01_C_R25_S44,SEC_STD01_C,25,R25-S44,ECONOMY,AVAILABLE,0
SEC_STD01_C_R25_S45,SEC_STD01_C,25,R25-S45,ECONOMY,AVAILABLE,0
SEC_STD01_C_R25_S46,SEC_STD01_C,25,R25-S46,ECONOMY,AVAILABLE,0
SEC_STD01_C_R25_S47,SEC_STD01_C,25,R25-S47,ECONOMY,AVAILABLE,0
SEC_STD01_C_R25_S48,SEC_STD01_C,25,R25-S48,ECONOMY,AVAILABLE,0
SEC_STD01_C_R25_S49,SEC_STD01_C,25,R25-S49,ECONOMY,AVAILABLE,0
SEC_STD01_C_R25_S50,SEC_STD01_C,25,R25-S50,ECONOMY,AVAILABLE,0
SEC_STD01_C_R26_S01,SEC_STD01_C,26,R26-S01,ECONOMY,AVAILABLE,0
SEC_STD01_C_R26_S02,SEC_STD01_C,26,R26-S02,ECONOMY,AVAILABLE,0
SEC_STD01_C_R26_S03,SEC_STD01_C,26,R26-S03,ECONOMY,AVAILABLE,0
SEC_STD01_C_R26_S04,SEC_STD01_C,26,R26-S04,ECONOMY,AVAILABLE,0
SEC_STD01_C_R26_S05,SEC_STD01_C,26,R26-S05,ECONOMY,AVAILABLE,0
SEC_STD01_C_R26_S06,SEC_STD01_C,26,R26-S06,ECONOMY,AVAILABLE,0
SEC_STD01_C_R26_S07,SEC_STD01_C,26,R26-S07,ECONOMY,AVAILABLE,0
SEC_STD01_C_R26_S08,SEC_STD01_C,26,R26-S08,ECONOMY,AVAILABLE,0
SEC_STD01_C_R26_S09,SEC_STD01_C,26,R26-S09,ECONOMY,AVAILABLE,0
SEC_STD01_C_R26_S10,SEC_STD01_C,26,R26-S10,ECONOMY,AVAILABLE,0
SEC_STD01_C_R26_S11,SEC_STD01_C,26,R26-S11,ECONOMY,AVAILABLE,0
SEC_STD01_C_R26_S12,SEC_STD01_C,26,R26-S12,ECONOMY,AVAILABLE,0
SEC_STD01_C_R26_S13,SEC_STD01_C,26,R26-S13,ECONOMY,AVAILABLE,0
SEC_STD01_C_R26_S14,SEC_STD01_C,26,R26-S14,ECONOMY,AVAILABLE,0
SEC_STD01_C_R26_S15,SEC_STD01_C,26,R26-S15,ECONOMY,AVAILABLE,0
SEC_STD01_C_R26_S16,SEC_STD01_C,26,R26-S16,ECONOMY,AVAILABLE,0
SEC_STD01_C_R26_S17,SEC_STD01_C,26,R26-S17,ECONOMY,AVAILABLE,0
SEC_STD01_C_R26_S18,SEC_STD01_C,26,R26-S18,ECONOMY,AVAILABLE,0
SEC_STD01_C_R26_S19,SEC_STD01_C,26,R26-S19,ECONOMY,AVAILABLE,0
SEC_STD01_C_R26_S20,SEC_STD01_C,26,R26-S20,ECONOMY,AVAILABLE,0
SEC_STD01_C_R26_S21,SEC_STD01_C,26,R26-S21,ECONOMY,AVAILABLE,0
SEC_STD01_C_R26_S22,SEC_STD01_C,26,R26-S22,ECONOMY,AVAILABLE,0
SEC_STD01_C_R26_S23,SEC_STD01_C,26,R26-S23,ECONOMY,AVAILABLE,0
SEC_STD01_C_R26_S24,SEC_STD01_C,26,R26-S24,ECONOMY,AVAILABLE,0
SEC_STD01_C_R26_S25,SEC_STD01_C,26,R26-S25,ECONOMY,AVAILABLE,0
SEC_STD01_C_R26_S26,SEC_STD01_C,26,R26-S26,ECONOMY,AVAILABLE,0
SEC_STD01_C_R26_S27,SEC_STD01_C,26,R26-S27,ECONOMY,AVAILABLE,0
SEC_STD01_C_R26_S28,SEC_STD01_C,26,R26-S28,ECONOMY,AVAILABLE,0
SEC_STD01_C_R26_S29,SEC_STD01_C,26,R26-S29,ECONOMY,AVAILABLE,0
SEC_STD01_C_R26_S30,SEC_STD01_C,26,R26-S30,ECONOMY,AVAILABLE,0
SEC_STD01_C_R26_S31,SEC_STD01_C,26,R26-S31,ECONOMY,AVAILABLE,0
SEC_STD01_C_R26_S32,SEC_STD01_C,26,R26-S32,ECONOMY,AVAILABLE,0
SEC_STD01_C_R26_S33,SEC_STD01_C,26,R26-S33,ECONOMY,AVAILABLE,0
SEC_STD01_C_R26_S34,SEC_STD01_C,26,R26-S34,ECONOMY,AVAILABLE,0
SEC_STD01_C_R26_S35,SEC_STD01_C,26,R26-S35,ECONOMY,AVAILABLE,0
SEC_STD01_C_R26_S36,SEC_STD01_C,26,R26-S36,ECONOMY,AVAILABLE,0
SEC_STD01_C_R26_S37,SEC_STD01_C,26,R26-S37,ECONOMY,AVAILABLE,0
SEC_STD01_C_R26_S38,SEC_STD01_C,26,R26-S38,ECONOMY,AVAILABLE,0
SEC_STD01_C_R26_S39,SEC_STD01_C,26,R26-S39,ECONOMY,AVAILABLE,0
SEC_STD01_C_R26_S40,SEC_STD01_C,26,R26-S40,ECONOMY,AVAILABLE,0
SEC_STD01_C_R26_S41,SEC_STD01_C,26,R26-S41,ECONOMY,AVAILABLE,0
SEC_STD01_C_R26_S42,SEC_STD01_C,26,R26-S42,ECONOMY,AVAILABLE,0
SEC_STD01_C_R26_S43,SEC_STD01_C,26,R26-S43,ECONOMY,AVAILABLE,0
SEC_STD01_C_R26_S44,SEC_STD01_C,26,R26-S44,ECONOMY,AVAILABLE,0
SEC_STD01_C_R26_S45,SEC_STD01_C,26,R26-S45,ECONOMY,AVAILABLE,0
SEC_STD01_C_R26_S46,SEC_STD01_C,26,R26-S46,ECONOMY,AVAILABLE,0
SEC_STD01_C_R26_S47,SEC_STD01_C,26,R26-S47,ECONOMY,AVAILABLE,0
SEC_STD01_C_R26_S48,SEC_STD01_C,26,R26-S48,ECONOMY,AVAILABLE,0
SEC_STD01_C_R26_S49,SEC_STD01_C,26,R26-S49,ECONOMY,AVAILABLE,0
SEC_STD01_C_R26_S50,SEC_STD01_C,26,R26-S50,ECONOMY,AVAILABLE,0
SEC_STD01_C_R27_S01,SEC_STD01_C,27,R27-S01,ECONOMY,AVAILABLE,0
SEC_STD01_C_R27_S02,SEC_STD01_C,27,R27-S02,ECONOMY,AVAILABLE,0
SEC_STD01_C_R27_S03,SEC_STD01_C,27,R27-S03,ECONOMY,AVAILABLE,0
SEC_STD01_C_R27_S04,SEC_STD01_C,27,R27-S04,ECONOMY,AVAILABLE,0
SEC_STD01_C_R27_S05,SEC_STD01_C,27,R27-S05,ECONOMY,AVAILABLE,0
SEC_STD01_C_R27_S06,SEC_STD01_C,27,R27-S06,ECONOMY,AVAILABLE,0
SEC_STD01_C_R27_S07,SEC_STD01_C,27,R27-S07,ECONOMY,AVAILABLE,0
SEC_STD01_C_R27_S08,SEC_STD01_C,27,R27-S08,ECONOMY,AVAILABLE,0
SEC_STD01_C_R27_S09,SEC_STD01_C,27,R27-S09,ECONOMY,AVAILABLE,0
SEC_STD01_C_R27_S10,SEC_STD01_C,27,R27-S10,ECONOMY,AVAILABLE,0
SEC_STD01_C_R27_S11,SEC_STD01_C,27,R27-S11,ECONOMY,AVAILABLE,0
SEC_STD01_C_R27_S12,SEC_STD01_C,27,R27-S12,ECONOMY,AVAILABLE,0
SEC_STD01_C_R27_S13,SEC_STD01_C,27,R27-S13,ECONOMY,AVAILABLE,0
SEC_STD01_C_R27_S14,SEC_STD01_C,27,R27-S14,ECONOMY,AVAILABLE,0
SEC_STD01_C_R27_S15,SEC_STD01_C,27,R27-S15,ECONOMY,AVAILABLE,0
SEC_STD01_C_R27_S16,SEC_STD01_C,27,R27-S16,ECONOMY,AVAILABLE,0
SEC_STD01_C_R27_S17,SEC_STD01_C,27,R27-S17,ECONOMY,AVAILABLE,0
SEC_STD01_C_R27_S18,SEC_STD01_C,27,R27-S18,ECONOMY,AVAILABLE,0
SEC_STD01_C_R27_S19,SEC_STD01_C,27,R27-S19,ECONOMY,AVAILABLE,0
SEC_STD01_C_R27_S20,SEC_STD01_C,27,R27-S20,ECONOMY,AVAILABLE,0
SEC_STD01_C_R27_S21,SEC_STD01_C,27,R27-S21,ECONOMY,AVAILABLE,0
SEC_STD01_C_R27_S22,SEC_STD01_C,27,R27-S22,ECONOMY,AVAILABLE,0
SEC_STD01_C_R27_S23,SEC_STD01_C,27,R27-S23,ECONOMY,AVAILABLE,0
SEC_STD01_C_R27_S24,SEC_STD01_C,27,R27-S24,ECONOMY,AVAILABLE,0
SEC_STD01_C_R27_S25,SEC_STD01_C,27,R27-S25,ECONOMY,AVAILABLE,0
SEC_STD01_C_R27_S26,SEC_STD01_C,27,R27-S26,ECONOMY,AVAILABLE,0
SEC_STD01_C_R27_S27,SEC_STD01_C,27,R27-S27,ECONOMY,AVAILABLE,0
SEC_STD01_C_R27_S28,SEC_STD01_C,27,R27-S28,ECONOMY,AVAILABLE,0
SEC_STD01_C_R27_S29,SEC_STD01_C,27,R27-S29,ECONOMY,AVAILABLE,0
SEC_STD01_C_R27_S30,SEC_STD01_C,27,R27-S30,ECONOMY,AVAILABLE,0
SEC_STD01_C_R27_S31,SEC_STD01_C,27,R27-S31,ECONOMY,AVAILABLE,0
SEC_STD01_C_R27_S32,SEC_STD01_C,27,R27-S32,ECONOMY,AVAILABLE,0
SEC_STD01_C_R27_S33,SEC_STD01_C,27,R27-S33,ECONOMY,AVAILABLE,0
SEC_STD01_C_R27_S34,SEC_STD01_C,27,R27-S34,ECONOMY,AVAILABLE,0
SEC_STD01_C_R27_S35,SEC_STD01_C,27,R27-S35,ECONOMY,AVAILABLE,0
SEC_STD01_C_R27_S36,SEC_STD01_C,27,R27-S36,ECONOMY,AVAILABLE,0
SEC_STD01_C_R27_S37,SEC_STD01_C,27,R27-S37,ECONOMY,AVAILABLE,0
SEC_STD01_C_R27_S38,SEC_STD01_C,27,R27-S38,ECONOMY,AVAILABLE,0
SEC_STD01_C_R27_S39,SEC_STD01_C,27,R27-S39,ECONOMY,AVAILABLE,0
SEC_STD01_C_R27_S40,SEC_STD01_C,27,R27-S40,ECONOMY,AVAILABLE,0
SEC_STD01_C_R27_S41,SEC_STD01_C,27,R27-S41,ECONOMY,AVAILABLE,0
SEC_STD01_C_R27_S42,SEC_STD01_C,27,R27-S42,ECONOMY,AVAILABLE,0
SEC_STD01_C_R27_S43,SEC_STD01_C,27,R27-S43,ECONOMY,AVAILABLE,0
SEC_STD01_C_R27_S44,SEC_STD01_C,27,R27-S44,ECONOMY,AVAILABLE,0
SEC_STD01_C_R27_S45,SEC_STD01_C,27,R27-S45,ECONOMY,AVAILABLE,0
SEC_STD01_C_R27_S46,SEC_STD01_C,27,R27-S46,ECONOMY,AVAILABLE,0
SEC_STD01_C_R27_S47,SEC_STD01_C,27,R27-S47,ECONOMY,AVAILABLE,0
SEC_STD01_C_R27_S48,SEC_STD01_C,27,R27-S48,ECONOMY,AVAILABLE,0
SEC_STD01_C_R27_S49,SEC_STD01_C,27,R27-S49,ECONOMY,AVAILABLE,0
SEC_STD01_C_R27_S50,SEC_STD01_C,27,R27-S50,ECONOMY,AVAILABLE,0
SEC_STD01_C_R28_S01,SEC_STD01_C,28,R28-S01,ECONOMY,AVAILABLE,0
SEC_STD01_C_R28_S02,SEC_STD01_C,28,R28-S02,ECONOMY,AVAILABLE,0
SEC_STD01_C_R28_S03,SEC_STD01_C,28,R28-S03,ECONOMY,AVAILABLE,0
SEC_STD01_C_R28_S04,SEC_STD01_C,28,R28-S04,ECONOMY,AVAILABLE,0
SEC_STD01_C_R28_S05,SEC_STD01_C,28,R28-S05,ECONOMY,AVAILABLE,0
SEC_STD01_C_R28_S06,SEC_STD01_C,28,R28-S06,ECONOMY,AVAILABLE,0
SEC_STD01_C_R28_S07,SEC_STD01_C,28,R28-S07,ECONOMY,AVAILABLE,0
SEC_STD01_C_R28_S08,SEC_STD01_C,28,R28-S08,ECONOMY,AVAILABLE,0
SEC_STD01_C_R28_S09,SEC_STD01_C,28,R28-S09,ECONOMY,AVAILABLE,0
SEC_STD01_C_R28_S10,SEC_STD01_C,28,R28-S10,ECONOMY,AVAILABLE,0
SEC_STD01_C_R28_S11,SEC_STD01_C,28,R28-S11,ECONOMY,AVAILABLE,0
SEC_STD01_C_R28_S12,SEC_STD01_C,28,R28-S12,ECONOMY,AVAILABLE,0
SEC_STD01_C_R28_S13,SEC_STD01_C,28,R28-S13,ECONOMY,AVAILABLE,0
SEC_STD01_C_R28_S14,SEC_STD01_C,28,R28-S14,ECONOMY,AVAILABLE,0
SEC_STD01_C_R28_S15,SEC_STD01_C,28,R28-S15,ECONOMY,AVAILABLE,0
SEC_STD01_C_R28_S16,SEC_STD01_C,28,R28-S16,ECONOMY,AVAILABLE,0
SEC_STD01_C_R28_S17,SEC_STD01_C,28,R28-S17,ECONOMY,AVAILABLE,0
SEC_STD01_C_R28_S18,SEC_STD01_C,28,R28-S18,ECONOMY,AVAILABLE,0
SEC_STD01_C_R28_S19,SEC_STD01_C,28,R28-S19,ECONOMY,AVAILABLE,0
SEC_STD01_C_R28_S20,SEC_STD01_C,28,R28-S20,ECONOMY,AVAILABLE,0
SEC_STD01_C_R28_S21,SEC_STD01_C,28,R28-S21,ECONOMY,AVAILABLE,0
SEC_STD01_C_R28_S22,SEC_STD01_C,28,R28-S22,ECONOMY,AVAILABLE,0
SEC_STD01_C_R28_S23,SEC_STD01_C,28,R28-S23,ECONOMY,AVAILABLE,0
SEC_STD01_C_R28_S24,SEC_STD01_C,28,R28-S24,ECONOMY,AVAILABLE,0
SEC_STD01_C_R28_S25,SEC_STD01_C,28,R28-S25,ECONOMY,AVAILABLE,0
SEC_STD01_C_R28_S26,SEC_STD01_C,28,R28-S26,ECONOMY,AVAILABLE,0
SEC_STD01_C_R28_S27,SEC_STD01_C,28,R28-S27,ECONOMY,AVAILABLE,0
SEC_STD01_C_R28_S28,SEC_STD01_C,28,R28-S28,ECONOMY,AVAILABLE,0
SEC_STD01_C_R28_S29,SEC_STD01_C,28,R28-S29,ECONOMY,AVAILABLE,0
SEC_STD01_C_R28_S30,SEC_STD01_C,28,R28-S30,ECONOMY,AVAILABLE,0
SEC_STD01_C_R28_S31,SEC_STD01_C,28,R28-S31,ECONOMY,AVAILABLE,0
SEC_STD01_C_R28_S32,SEC_STD01_C,28,R28-S32,ECONOMY,AVAILABLE,0
SEC_STD01_C_R28_S33,SEC_STD01_C,28,R28-S33,ECONOMY,AVAILABLE,0
SEC_STD01_C_R28_S34,SEC_STD01_C,28,R28-S34,ECONOMY,AVAILABLE,0
SEC_STD01_C_R28_S35,SEC_STD01_C,28,R28-S35,ECONOMY,AVAILABLE,0
SEC_STD01_C_R28_S36,SEC_STD01_C,28,R28-S36,ECONOMY,AVAILABLE,0
SEC_STD01_C_R28_S37,SEC_STD01_C,28,R28-S37,ECONOMY,AVAILABLE,0
SEC_STD01_C_R28_S38,SEC_STD01_C,28,R28-S38,ECONOMY,AVAILABLE,0
SEC_STD01_C_R28_S39,SEC_STD01_C,28,R28-S39,ECONOMY,AVAILABLE,0
SEC_STD01_C_R28_S40,SEC_STD01_C,28,R28-S40,ECONOMY,AVAILABLE,0
SEC_STD01_C_R28_S41,SEC_STD01_C,28,R28-S41,ECONOMY,AVAILABLE,0
SEC_STD01_C_R28_S42,SEC_STD01_C,28,R28-S42,ECONOMY,AVAILABLE,0
SEC_STD01_C_R28_S43,SEC_STD01_C,28,R28-S43,ECONOMY,AVAILABLE,0
SEC_STD01_C_R28_S44,SEC_STD01_C,28,R28-S44,ECONOMY,AVAILABLE,0
SEC_STD01_C_R28_S45,SEC_STD01_C,28,R28-S45,ECONOMY,AVAILABLE,0
SEC_STD01_C_R28_S46,SEC_STD01_C,28,R28-S46,ECONOMY,AVAILABLE,0
SEC_STD01_C_R28_S47,SEC_STD01_C,28,R28-S47,ECONOMY,AVAILABLE,0
SEC_STD01_C_R28_S48,SEC_STD01_C,28,R28-S48,ECONOMY,AVAILABLE,0
SEC_STD01_C_R28_S49,SEC_STD01_C,28,R28-S49,ECONOMY,AVAILABLE,0
SEC_STD01_C_R28_S50,SEC_STD01_C,28,R28-S50,ECONOMY,AVAILABLE,0
SEC_STD01_C_R29_S01,SEC_STD01_C,29,R29-S01,ECONOMY,AVAILABLE,0
SEC_STD01_C_R29_S02,SEC_STD01_C,29,R29-S02,ECONOMY,AVAILABLE,0
SEC_STD01_C_R29_S03,SEC_STD01_C,29,R29-S03,ECONOMY,AVAILABLE,0
SEC_STD01_C_R29_S04,SEC_STD01_C,29,R29-S04,ECONOMY,AVAILABLE,0
SEC_STD01_C_R29_S05,SEC_STD01_C,29,R29-S05,ECONOMY,AVAILABLE,0
SEC_STD01_C_R29_S06,SEC_STD01_C,29,R29-S06,ECONOMY,AVAILABLE,0
SEC_STD01_C_R29_S07,SEC_STD01_C,29,R29-S07,ECONOMY,AVAILABLE,0
SEC_STD01_C_R29_S08,SEC_STD01_C,29,R29-S08,ECONOMY,AVAILABLE,0
SEC_STD01_C_R29_S09,SEC_STD01_C,29,R29-S09,ECONOMY,AVAILABLE,0
SEC_STD01_C_R29_S10,SEC_STD01_C,29,R29-S10,ECONOMY,AVAILABLE,0
SEC_STD01_C_R29_S11,SEC_STD01_C,29,R29-S11,ECONOMY,AVAILABLE,0
SEC_STD01_C_R29_S12,SEC_STD01_C,29,R29-S12,ECONOMY,AVAILABLE,0
SEC_STD01_C_R29_S13,SEC_STD01_C,29,R29-S13,ECONOMY,AVAILABLE,0
SEC_STD01_C_R29_S14,SEC_STD01_C,29,R29-S14,ECONOMY,AVAILABLE,0
SEC_STD01_C_R29_S15,SEC_STD01_C,29,R29-S15,ECONOMY,AVAILABLE,0
SEC_STD01_C_R29_S16,SEC_STD01_C,29,R29-S16,ECONOMY,AVAILABLE,0
SEC_STD01_C_R29_S17,SEC_STD01_C,29,R29-S17,ECONOMY,AVAILABLE,0
SEC_STD01_C_R29_S18,SEC_STD01_C,29,R29-S18,ECONOMY,AVAILABLE,0
SEC_STD01_C_R29_S19,SEC_STD01_C,29,R29-S19,ECONOMY,AVAILABLE,0
SEC_STD01_C_R29_S20,SEC_STD01_C,29,R29-S20,ECONOMY,AVAILABLE,0
SEC_STD01_C_R29_S21,SEC_STD01_C,29,R29-S21,ECONOMY,AVAILABLE,0
SEC_STD01_C_R29_S22,SEC_STD01_C,29,R29-S22,ECONOMY,AVAILABLE,0
SEC_STD01_C_R29_S23,SEC_STD01_C,29,R29-S23,ECONOMY,AVAILABLE,0
SEC_STD01_C_R29_S24,SEC_STD01_C,29,R29-S24,ECONOMY,AVAILABLE,0
SEC_STD01_C_R29_S25,SEC_STD01_C,29,R29-S25,ECONOMY,AVAILABLE,0
SEC_STD01_C_R29_S26,SEC_STD01_C,29,R29-S26,ECONOMY,AVAILABLE,0
SEC_STD01_C_R29_S27,SEC_STD01_C,29,R29-S27,ECONOMY,AVAILABLE,0
SEC_STD01_C_R29_S28,SEC_STD01_C,29,R29-S28,ECONOMY,AVAILABLE,0
SEC_STD01_C_R29_S29,SEC_STD01_C,29,R29-S29,ECONOMY,AVAILABLE,0
SEC_STD01_C_R29_S30,SEC_STD01_C,29,R29-S30,ECONOMY,AVAILABLE,0
SEC_STD01_C_R29_S31,SEC_STD01_C,29,R29-S31,ECONOMY,AVAILABLE,0
SEC_STD01_C_R29_S32,SEC_STD01_C,29,R29-S32,ECONOMY,AVAILABLE,0
SEC_STD01_C_R29_S33,SEC_STD01_C,29,R29-S33,ECONOMY,AVAILABLE,0
SEC_STD01_C_R29_S34,SEC_STD01_C,29,R29-S34,ECONOMY,AVAILABLE,0
SEC_STD01_C_R29_S35,SEC_STD01_C,29,R29-S35,ECONOMY,AVAILABLE,0
SEC_STD01_C_R29_S36,SEC_STD01_C,29,R29-S36,ECONOMY,AVAILABLE,0
SEC_STD01_C_R29_S37,SEC_STD01_C,29,R29-S37,ECONOMY,AVAILABLE,0
SEC_STD01_C_R29_S38,SEC_STD01_C,29,R29-S38,ECONOMY,AVAILABLE,0
SEC_STD01_C_R29_S39,SEC_STD01_C,29,R29-S39,ECONOMY,AVAILABLE,0
SEC_STD01_C_R29_S40,SEC_STD01_C,29,R29-S40,ECONOMY,AVAILABLE,0
SEC_STD01_C_R29_S41,SEC_STD01_C,29,R29-S41,ECONOMY,AVAILABLE,0
SEC_STD01_C_R29_S42,SEC_STD01_C,29,R29-S42,ECONOMY,AVAILABLE,0
SEC_STD01_C_R29_S43,SEC_STD01_C,29,R29-S43,ECONOMY,AVAILABLE,0
SEC_STD01_C_R29_S44,SEC_STD01_C,29,R29-S44,ECONOMY,AVAILABLE,0
SEC_STD01_C_R29_S45,SEC_STD01_C,29,R29-S45,ECONOMY,AVAILABLE,0
SEC_STD01_C_R29_S46,SEC_STD01_C,29,R29-S46,ECONOMY,AVAILABLE,0
SEC_STD01_C_R29_S47,SEC_STD01_C,29,R29-S47,ECONOMY,AVAILABLE,0
SEC_STD01_C_R29_S48,SEC_STD01_C,29,R29-S48,ECONOMY,AVAILABLE,0
SEC_STD01_C_R29_S49,SEC_STD01_C,29,R29-S49,ECONOMY,AVAILABLE,0
SEC_STD01_C_R29_S50,SEC_STD01_C,29,R29-S50,ECONOMY,AVAILABLE,0
SEC_STD01_C_R30_S01,SEC_STD01_C,30,R30-S01,ECONOMY,AVAILABLE,0
SEC_STD01_C_R30_S02,SEC_STD01_C,30,R30-S02,ECONOMY,AVAILABLE,0
SEC_STD01_C_R30_S03,SEC_STD01_C,30,R30-S03,ECONOMY,AVAILABLE,0
SEC_STD01_C_R30_S04,SEC_STD01_C,30,R30-S04,ECONOMY,AVAILABLE,0
SEC_STD01_C_R30_S05,SEC_STD01_C,30,R30-S05,ECONOMY,AVAILABLE,0
SEC_STD01_C_R30_S06,SEC_STD01_C,30,R30-S06,ECONOMY,AVAILABLE,0
SEC_STD01_C_R30_S07,SEC_STD01_C,30,R30-S07,ECONOMY,AVAILABLE,0
SEC_STD01_C_R30_S08,SEC_STD01_C,30,R30-S08,ECONOMY,AVAILABLE,0
SEC_STD01_C_R30_S09,SEC_STD01_C,30,R30-S09,ECONOMY,AVAILABLE,0
SEC_STD01_C_R30_S10,SEC_STD01_C,30,R30-S10,ECONOMY,AVAILABLE,0
SEC_STD01_C_R30_S11,SEC_STD01_C,30,R30-S11,ECONOMY,AVAILABLE,0
SEC_STD01_C_R30_S12,SEC_STD01_C,30,R30-S12,ECONOMY,AVAILABLE,0
SEC_STD01_C_R30_S13,SEC_STD01_C,30,R30-S13,ECONOMY,AVAILABLE,0
SEC_STD01_C_R30_S14,SEC_STD01_C,30,R30-S14,ECONOMY,AVAILABLE,0
SEC_STD01_C_R30_S15,SEC_STD01_C,30,R30-S15,ECONOMY,AVAILABLE,0
SEC_STD01_C_R30_S16,SEC_STD01_C,30,R30-S16,ECONOMY,AVAILABLE,0
SEC_STD01_C_R30_S17,SEC_STD01_C,30,R30-S17,ECONOMY,AVAILABLE,0
SEC_STD01_C_R30_S18,SEC_STD01_C,30,R30-S18,ECONOMY,AVAILABLE,0
SEC_STD01_C_R30_S19,SEC_STD01_C,30,R30-S19,ECONOMY,AVAILABLE,0
SEC_STD01_C_R30_S20,SEC_STD01_C,30,R30-S20,ECONOMY,AVAILABLE,0
SEC_STD01_C_R30_S21,SEC_STD01_C,30,R30-S21,ECONOMY,AVAILABLE,0
SEC_STD01_C_R30_S22,SEC_STD01_C,30,R30-S22,ECONOMY,AVAILABLE,0
SEC_STD01_C_R30_S23,SEC_STD01_C,30,R30-S23,ECONOMY,AVAILABLE,0
SEC_STD01_C_R30_S24,SEC_STD01_C,30,R30-S24,ECONOMY,AVAILABLE,0
SEC_STD01_C_R30_S25,SEC_STD01_C,30,R30-S25,ECONOMY,AVAILABLE,0
SEC_STD01_C_R30_S26,SEC_STD01_C,30,R30-S26,ECONOMY,AVAILABLE,0
SEC_STD01_C_R30_S27,SEC_STD01_C,30,R30-S27,ECONOMY,AVAILABLE,0
SEC_STD01_C_R30_S28,SEC_STD01_C,30,R30-S28,ECONOMY,AVAILABLE,0
SEC_STD01_C_R30_S29,SEC_STD01_C,30,R30-S29,ECONOMY,AVAILABLE,0
SEC_STD01_C_R30_S30,SEC_STD01_C,30,R30-S30,ECONOMY,AVAILABLE,0
SEC_STD01_C_R30_S31,SEC_STD01_C,30,R30-S31,ECONOMY,AVAILABLE,0
SEC_STD01_C_R30_S32,SEC_STD01_C,30,R30-S32,ECONOMY,AVAILABLE,0
SEC_STD01_C_R30_S33,SEC_STD01_C,30,R30-S33,ECONOMY,AVAILABLE,0
SEC_STD01_C_R30_S34,SEC_STD01_C,30,R30-S34,ECONOMY,AVAILABLE,0
SEC_STD01_C_R30_S35,SEC_STD01_C,30,R30-S35,ECONOMY,AVAILABLE,0
SEC_STD01_C_R30_S36,SEC_STD01_C,30,R30-S36,ECONOMY,AVAILABLE,0
SEC_STD01_C_R30_S37,SEC_STD01_C,30,R30-S37,ECONOMY,AVAILABLE,0
SEC_STD01_C_R30_S38,SEC_STD01_C,30,R30-S38,ECONOMY,AVAILABLE,0
SEC_STD01_C_R30_S39,SEC_STD01_C,30,R30-S39,ECONOMY,AVAILABLE,0
SEC_STD01_C_R30_S40,SEC_STD01_C,30,R30-S40,ECONOMY,AVAILABLE,0
SEC_STD01_C_R30_S41,SEC_STD01_C,30,R30-S41,ECONOMY,AVAILABLE,0
SEC_STD01_C_R30_S42,SEC_STD01_C,30,R30-S42,ECONOMY,AVAILABLE,0
SEC_STD01_C_R30_S43,SEC_STD01_C,30,R30-S43,ECONOMY,AVAILABLE,0
SEC_STD01_C_R30_S44,SEC_STD01_C,30,R30-S44,ECONOMY,AVAILABLE,0
SEC_STD01_C_R30_S45,SEC_STD01_C,30,R30-S45,ECONOMY,AVAILABLE,0
SEC_STD01_C_R30_S46,SEC_STD01_C,30,R30-S46,ECONOMY,AVAILABLE,0
SEC_STD01_C_R30_S47,SEC_STD01_C,30,R30-S47,ECONOMY,AVAILABLE,0
SEC_STD01_C_R30_S48,SEC_STD01_C,30,R30-S48,ECONOMY,AVAILABLE,0
SEC_STD01_C_R30_S49,SEC_STD01_C,30,R30-S49,ECONOMY,AVAILABLE,0
SEC_STD01_C_R30_S50,SEC_STD01_C,30,R30-S50,ECONOMY,AVAILABLE,0
SEC_STD01_C_R31_S01,SEC_STD01_C,31,R31-S01,ECONOMY,AVAILABLE,0
SEC_STD01_C_R31_S02,SEC_STD01_C,31,R31-S02,ECONOMY,AVAILABLE,0
SEC_STD01_C_R31_S03,SEC_STD01_C,31,R31-S03,ECONOMY,AVAILABLE,0
SEC_STD01_C_R31_S04,SEC_STD01_C,31,R31-S04,ECONOMY,AVAILABLE,0
SEC_STD01_C_R31_S05,SEC_STD01_C,31,R31-S05,ECONOMY,AVAILABLE,0
SEC_STD01_C_R31_S06,SEC_STD01_C,31,R31-S06,ECONOMY,AVAILABLE,0
SEC_STD01_C_R31_S07,SEC_STD01_C,31,R31-S07,ECONOMY,AVAILABLE,0
SEC_STD01_C_R31_S08,SEC_STD01_C,31,R31-S08,ECONOMY,AVAILABLE,0
SEC_STD01_C_R31_S09,SEC_STD01_C,31,R31-S09,ECONOMY,AVAILABLE,0
SEC_STD01_C_R31_S10,SEC_STD01_C,31,R31-S10,ECONOMY,AVAILABLE,0
SEC_STD01_C_R31_S11,SEC_STD01_C,31,R31-S11,ECONOMY,AVAILABLE,0
SEC_STD01_C_R31_S12,SEC_STD01_C,31,R31-S12,ECONOMY,AVAILABLE,0
SEC_STD01_C_R31_S13,SEC_STD01_C,31,R31-S13,ECONOMY,AVAILABLE,0
SEC_STD01_C_R31_S14,SEC_STD01_C,31,R31-S14,ECONOMY,AVAILABLE,0
SEC_STD01_C_R31_S15,SEC_STD01_C,31,R31-S15,ECONOMY,AVAILABLE,0
SEC_STD01_C_R31_S16,SEC_STD01_C,31,R31-S16,ECONOMY,AVAILABLE,0
SEC_STD01_C_R31_S17,SEC_STD01_C,31,R31-S17,ECONOMY,AVAILABLE,0
SEC_STD01_C_R31_S18,SEC_STD01_C,31,R31-S18,ECONOMY,AVAILABLE,0
SEC_STD01_C_R31_S19,SEC_STD01_C,31,R31-S19,ECONOMY,AVAILABLE,0
SEC_STD01_C_R31_S20,SEC_STD01_C,31,R31-S20,ECONOMY,AVAILABLE,0
SEC_STD01_C_R31_S21,SEC_STD01_C,31,R31-S21,ECONOMY,AVAILABLE,0
SEC_STD01_C_R31_S22,SEC_STD01_C,31,R31-S22,ECONOMY,AVAILABLE,0
SEC_STD01_C_R31_S23,SEC_STD01_C,31,R31-S23,ECONOMY,AVAILABLE,0
SEC_STD01_C_R31_S24,SEC_STD01_C,31,R31-S24,ECONOMY,AVAILABLE,0
SEC_STD01_C_R31_S25,SEC_STD01_C,31,R31-S25,ECONOMY,AVAILABLE,0
SEC_STD01_C_R31_S26,SEC_STD01_C,31,R31-S26,ECONOMY,AVAILABLE,0
SEC_STD01_C_R31_S27,SEC_STD01_C,31,R31-S27,ECONOMY,AVAILABLE,0
SEC_STD01_C_R31_S28,SEC_STD01_C,31,R31-S28,ECONOMY,AVAILABLE,0
SEC_STD01_C_R31_S29,SEC_STD01_C,31,R31-S29,ECONOMY,AVAILABLE,0
SEC_STD01_C_R31_S30,SEC_STD01_C,31,R31-S30,ECONOMY,AVAILABLE,0
SEC_STD01_C_R31_S31,SEC_STD01_C,31,R31-S31,ECONOMY,AVAILABLE,0
SEC_STD01_C_R31_S32,SEC_STD01_C,31,R31-S32,ECONOMY,AVAILABLE,0
SEC_STD01_C_R31_S33,SEC_STD01_C,31,R31-S33,ECONOMY,AVAILABLE,0
SEC_STD01_C_R31_S34,SEC_STD01_C,31,R31-S34,ECONOMY,AVAILABLE,0
SEC_STD01_C_R31_S35,SEC_STD01_C,31,R31-S35,ECONOMY,AVAILABLE,0
SEC_STD01_C_R31_S36,SEC_STD01_C,31,R31-S36,ECONOMY,AVAILABLE,0
SEC_STD01_C_R31_S37,SEC_STD01_C,31,R31-S37,ECONOMY,AVAILABLE,0
SEC_STD01_C_R31_S38,SEC_STD01_C,31,R31-S38,ECONOMY,AVAILABLE,0
SEC_STD01_C_R31_S39,SEC_STD01_C,31,R31-S39,ECONOMY,AVAILABLE,0
SEC_STD01_C_R31_S40,SEC_STD01_C,31,R31-S40,ECONOMY,AVAILABLE,0
SEC_STD01_C_R31_S41,SEC_STD01_C,31,R31-S41,ECONOMY,AVAILABLE,0
SEC_STD01_C_R31_S42,SEC_STD01_C,31,R31-S42,ECONOMY,AVAILABLE,0
SEC_STD01_C_R31_S43,SEC_STD01_C,31,R31-S43,ECONOMY,AVAILABLE,0
SEC_STD01_C_R31_S44,SEC_STD01_C,31,R31-S44,ECONOMY,AVAILABLE,0
SEC_STD01_C_R31_S45,SEC_STD01_C,31,R31-S45,ECONOMY,AVAILABLE,0
SEC_STD01_C_R31_S46,SEC_STD01_C,31,R31-S46,ECONOMY,AVAILABLE,0
SEC_STD01_C_R31_S47,SEC_STD01_C,31,R31-S47,ECONOMY,AVAILABLE,0
SEC_STD01_C_R31_S48,SEC_STD01_C,31,R31-S48,ECONOMY,AVAILABLE,0
SEC_STD01_C_R31_S49,SEC_STD01_C,31,R31-S49,ECONOMY,AVAILABLE,0
SEC_STD01_C_R31_S50,SEC_STD01_C,31,R31-S50,ECONOMY,AVAILABLE,0
SEC_STD01_C_R32_S01,SEC_STD01_C,32,R32-S01,ECONOMY,AVAILABLE,0
SEC_STD01_C_R32_S02,SEC_STD01_C,32,R32-S02,ECONOMY,AVAILABLE,0
SEC_STD01_C_R32_S03,SEC_STD01_C,32,R32-S03,ECONOMY,AVAILABLE,0
SEC_STD01_C_R32_S04,SEC_STD01_C,32,R32-S04,ECONOMY,AVAILABLE,0
SEC_STD01_C_R32_S05,SEC_STD01_C,32,R32-S05,ECONOMY,AVAILABLE,0
SEC_STD01_C_R32_S06,SEC_STD01_C,32,R32-S06,ECONOMY,AVAILABLE,0
SEC_STD01_C_R32_S07,SEC_STD01_C,32,R32-S07,ECONOMY,AVAILABLE,0
SEC_STD01_C_R32_S08,SEC_STD01_C,32,R32-S08,ECONOMY,AVAILABLE,0
SEC_STD01_C_R32_S09,SEC_STD01_C,32,R32-S09,ECONOMY,AVAILABLE,0
SEC_STD01_C_R32_S10,SEC_STD01_C,32,R32-S10,ECONOMY,AVAILABLE,0
SEC_STD01_C_R32_S11,SEC_STD01_C,32,R32-S11,ECONOMY,AVAILABLE,0
SEC_STD01_C_R32_S12,SEC_STD01_C,32,R32-S12,ECONOMY,AVAILABLE,0
SEC_STD01_C_R32_S13,SEC_STD01_C,32,R32-S13,ECONOMY,AVAILABLE,0
SEC_STD01_C_R32_S14,SEC_STD01_C,32,R32-S14,ECONOMY,AVAILABLE,0
SEC_STD01_C_R32_S15,SEC_STD01_C,32,R32-S15,ECONOMY,AVAILABLE,0
SEC_STD01_C_R32_S16,SEC_STD01_C,32,R32-S16,ECONOMY,AVAILABLE,0
SEC_STD01_C_R32_S17,SEC_STD01_C,32,R32-S17,ECONOMY,AVAILABLE,0
SEC_STD01_C_R32_S18,SEC_STD01_C,32,R32-S18,ECONOMY,AVAILABLE,0
SEC_STD01_C_R32_S19,SEC_STD01_C,32,R32-S19,ECONOMY,AVAILABLE,0
SEC_STD01_C_R32_S20,SEC_STD01_C,32,R32-S20,ECONOMY,AVAILABLE,0
SEC_STD01_C_R32_S21,SEC_STD01_C,32,R32-S21,ECONOMY,AVAILABLE,0
SEC_STD01_C_R32_S22,SEC_STD01_C,32,R32-S22,ECONOMY,AVAILABLE,0
SEC_STD01_C_R32_S23,SEC_STD01_C,32,R32-S23,ECONOMY,AVAILABLE,0
SEC_STD01_C_R32_S24,SEC_STD01_C,32,R32-S24,ECONOMY,AVAILABLE,0
SEC_STD01_C_R32_S25,SEC_STD01_C,32,R32-S25,ECONOMY,AVAILABLE,0
SEC_STD01_C_R32_S26,SEC_STD01_C,32,R32-S26,ECONOMY,AVAILABLE,0
SEC_STD01_C_R32_S27,SEC_STD01_C,32,R32-S27,ECONOMY,AVAILABLE,0
SEC_STD01_C_R32_S28,SEC_STD01_C,32,R32-S28,ECONOMY,AVAILABLE,0
SEC_STD01_C_R32_S29,SEC_STD01_C,32,R32-S29,ECONOMY,AVAILABLE,0
SEC_STD01_C_R32_S30,SEC_STD01_C,32,R32-S30,ECONOMY,AVAILABLE,0
SEC_STD01_C_R32_S31,SEC_STD01_C,32,R32-S31,ECONOMY,AVAILABLE,0
SEC_STD01_C_R32_S32,SEC_STD01_C,32,R32-S32,ECONOMY,AVAILABLE,0
SEC_STD01_C_R32_S33,SEC_STD01_C,32,R32-S33,ECONOMY,AVAILABLE,0
SEC_STD01_C_R32_S34,SEC_STD01_C,32,R32-S34,ECONOMY,AVAILABLE,0
SEC_STD01_C_R32_S35,SEC_STD01_C,32,R32-S35,ECONOMY,AVAILABLE,0
SEC_STD01_C_R32_S36,SEC_STD01_C,32,R32-S36,ECONOMY,AVAILABLE,0
SEC_STD01_C_R32_S37,SEC_STD01_C,32,R32-S37,ECONOMY,AVAILABLE,0
SEC_STD01_C_R32_S38,SEC_STD01_C,32,R32-S38,ECONOMY,AVAILABLE,0
SEC_STD01_C_R32_S39,SEC_STD01_C,32,R32-S39,ECONOMY,AVAILABLE,0
SEC_STD01_C_R32_S40,SEC_STD01_C,32,R32-S40,ECONOMY,AVAILABLE,0
SEC_STD01_C_R32_S41,SEC_STD01_C,32,R32-S41,ECONOMY,AVAILABLE,0
SEC_STD01_C_R32_S42,SEC_STD01_C,32,R32-S42,ECONOMY,AVAILABLE,0
SEC_STD01_C_R32_S43,SEC_STD01_C,32,R32-S43,ECONOMY,AVAILABLE,0
SEC_STD01_C_R32_S44,SEC_STD01_C,32,R32-S44,ECONOMY,AVAILABLE,0
SEC_STD01_C_R32_S45,SEC_STD01_C,32,R32-S45,ECONOMY,AVAILABLE,0
SEC_STD01_C_R32_S46,SEC_STD01_C,32,R32-S46,ECONOMY,AVAILABLE,0
SEC_STD01_C_R32_S47,SEC_STD01_C,32,R32-S47,ECONOMY,AVAILABLE,0
SEC_STD01_C_R32_S48,SEC_STD01_C,32,R32-S48,ECONOMY,AVAILABLE,0
SEC_STD01_C_R32_S49,SEC_STD01_C,32,R32-S49,ECONOMY,AVAILABLE,0
SEC_STD01_C_R32_S50,SEC_STD01_C,32,R32-S50,ECONOMY,AVAILABLE,0
SEC_STD01_C_R33_S01,SEC_STD01_C,33,R33-S01,ECONOMY,AVAILABLE,0
SEC_STD01_C_R33_S02,SEC_STD01_C,33,R33-S02,ECONOMY,AVAILABLE,0
SEC_STD01_C_R33_S03,SEC_STD01_C,33,R33-S03,ECONOMY,AVAILABLE,0
SEC_STD01_C_R33_S04,SEC_STD01_C,33,R33-S04,ECONOMY,AVAILABLE,0
SEC_STD01_C_R33_S05,SEC_STD01_C,33,R33-S05,ECONOMY,AVAILABLE,0
SEC_STD01_C_R33_S06,SEC_STD01_C,33,R33-S06,ECONOMY,AVAILABLE,0
SEC_STD01_C_R33_S07,SEC_STD01_C,33,R33-S07,ECONOMY,AVAILABLE,0
SEC_STD01_C_R33_S08,SEC_STD01_C,33,R33-S08,ECONOMY,AVAILABLE,0
SEC_STD01_C_R33_S09,SEC_STD01_C,33,R33-S09,ECONOMY,AVAILABLE,0
SEC_STD01_C_R33_S10,SEC_STD01_C,33,R33-S10,ECONOMY,AVAILABLE,0
SEC_STD01_C_R33_S11,SEC_STD01_C,33,R33-S11,ECONOMY,AVAILABLE,0
SEC_STD01_C_R33_S12,SEC_STD01_C,33,R33-S12,ECONOMY,AVAILABLE,0
SEC_STD01_C_R33_S13,SEC_STD01_C,33,R33-S13,ECONOMY,AVAILABLE,0
SEC_STD01_C_R33_S14,SEC_STD01_C,33,R33-S14,ECONOMY,AVAILABLE,0
SEC_STD01_C_R33_S15,SEC_STD01_C,33,R33-S15,ECONOMY,AVAILABLE,0
SEC_STD01_C_R33_S16,SEC_STD01_C,33,R33-S16,ECONOMY,AVAILABLE,0
SEC_STD01_C_R33_S17,SEC_STD01_C,33,R33-S17,ECONOMY,AVAILABLE,0
SEC_STD01_C_R33_S18,SEC_STD01_C,33,R33-S18,ECONOMY,AVAILABLE,0
SEC_STD01_C_R33_S19,SEC_STD01_C,33,R33-S19,ECONOMY,AVAILABLE,0
SEC_STD01_C_R33_S20,SEC_STD01_C,33,R33-S20,ECONOMY,AVAILABLE,0
SEC_STD01_C_R33_S21,SEC_STD01_C,33,R33-S21,ECONOMY,AVAILABLE,0
SEC_STD01_C_R33_S22,SEC_STD01_C,33,R33-S22,ECONOMY,AVAILABLE,0
SEC_STD01_C_R33_S23,SEC_STD01_C,33,R33-S23,ECONOMY,AVAILABLE,0
SEC_STD01_C_R33_S24,SEC_STD01_C,33,R33-S24,ECONOMY,AVAILABLE,0
SEC_STD01_C_R33_S25,SEC_STD01_C,33,R33-S25,ECONOMY,AVAILABLE,0
SEC_STD01_C_R33_S26,SEC_STD01_C,33,R33-S26,ECONOMY,AVAILABLE,0
SEC_STD01_C_R33_S27,SEC_STD01_C,33,R33-S27,ECONOMY,AVAILABLE,0
SEC_STD01_C_R33_S28,SEC_STD01_C,33,R33-S28,ECONOMY,AVAILABLE,0
SEC_STD01_C_R33_S29,SEC_STD01_C,33,R33-S29,ECONOMY,AVAILABLE,0
SEC_STD01_C_R33_S30,SEC_STD01_C,33,R33-S30,ECONOMY,AVAILABLE,0
SEC_STD01_C_R33_S31,SEC_STD01_C,33,R33-S31,ECONOMY,AVAILABLE,0
SEC_STD01_C_R33_S32,SEC_STD01_C,33,R33-S32,ECONOMY,AVAILABLE,0
SEC_STD01_C_R33_S33,SEC_STD01_C,33,R33-S33,ECONOMY,AVAILABLE,0
SEC_STD01_C_R33_S34,SEC_STD01_C,33,R33-S34,ECONOMY,AVAILABLE,0
SEC_STD01_C_R33_S35,SEC_STD01_C,33,R33-S35,ECONOMY,AVAILABLE,0
SEC_STD01_C_R33_S36,SEC_STD01_C,33,R33-S36,ECONOMY,AVAILABLE,0
SEC_STD01_C_R33_S37,SEC_STD01_C,33,R33-S37,ECONOMY,AVAILABLE,0
SEC_STD01_C_R33_S38,SEC_STD01_C,33,R33-S38,ECONOMY,AVAILABLE,0
SEC_STD01_C_R33_S39,SEC_STD01_C,33,R33-S39,ECONOMY,AVAILABLE,0
SEC_STD01_C_R33_S40,SEC_STD01_C,33,R33-S40,ECONOMY,AVAILABLE,0
SEC_STD01_C_R33_S41,SEC_STD01_C,33,R33-S41,ECONOMY,AVAILABLE,0
SEC_STD01_C_R33_S42,SEC_STD01_C,33,R33-S42,ECONOMY,AVAILABLE,0
SEC_STD01_C_R33_S43,SEC_STD01_C,33,R33-S43,ECONOMY,AVAILABLE,0
SEC_STD01_C_R33_S44,SEC_STD01_C,33,R33-S44,ECONOMY,AVAILABLE,0
SEC_STD01_C_R33_S45,SEC_STD01_C,33,R33-S45,ECONOMY,AVAILABLE,0
SEC_STD01_C_R33_S46,SEC_STD01_C,33,R33-S46,ECONOMY,AVAILABLE,0
SEC_STD01_C_R33_S47,SEC_STD01_C,33,R33-S47,ECONOMY,AVAILABLE,0
SEC_STD01_C_R33_S48,SEC_STD01_C,33,R33-S48,ECONOMY,AVAILABLE,0
SEC_STD01_C_R33_S49,SEC_STD01_C,33,R33-S49,ECONOMY,AVAILABLE,0
SEC_STD01_C_R33_S50,SEC_STD01_C,33,R33-S50,ECONOMY,AVAILABLE,0
SEC_STD01_C_R34_S01,SEC_STD01_C,34,R34-S01,ECONOMY,AVAILABLE,0
SEC_STD01_C_R34_S02,SEC_STD01_C,34,R34-S02,ECONOMY,AVAILABLE,0
SEC_STD01_C_R34_S03,SEC_STD01_C,34,R34-S03,ECONOMY,AVAILABLE,0
SEC_STD01_C_R34_S04,SEC_STD01_C,34,R34-S04,ECONOMY,AVAILABLE,0
SEC_STD01_C_R34_S05,SEC_STD01_C,34,R34-S05,ECONOMY,AVAILABLE,0
SEC_STD01_C_R34_S06,SEC_STD01_C,34,R34-S06,ECONOMY,AVAILABLE,0
SEC_STD01_C_R34_S07,SEC_STD01_C,34,R34-S07,ECONOMY,AVAILABLE,0
SEC_STD01_C_R34_S08,SEC_STD01_C,34,R34-S08,ECONOMY,AVAILABLE,0
SEC_STD01_C_R34_S09,SEC_STD01_C,34,R34-S09,ECONOMY,AVAILABLE,0
SEC_STD01_C_R34_S10,SEC_STD01_C,34,R34-S10,ECONOMY,AVAILABLE,0
SEC_STD01_C_R34_S11,SEC_STD01_C,34,R34-S11,ECONOMY,AVAILABLE,0
SEC_STD01_C_R34_S12,SEC_STD01_C,34,R34-S12,ECONOMY,AVAILABLE,0
SEC_STD01_C_R34_S13,SEC_STD01_C,34,R34-S13,ECONOMY,AVAILABLE,0
SEC_STD01_C_R34_S14,SEC_STD01_C,34,R34-S14,ECONOMY,AVAILABLE,0
SEC_STD01_C_R34_S15,SEC_STD01_C,34,R34-S15,ECONOMY,AVAILABLE,0
SEC_STD01_C_R34_S16,SEC_STD01_C,34,R34-S16,ECONOMY,AVAILABLE,0
SEC_STD01_C_R34_S17,SEC_STD01_C,34,R34-S17,ECONOMY,AVAILABLE,0
SEC_STD01_C_R34_S18,SEC_STD01_C,34,R34-S18,ECONOMY,AVAILABLE,0
SEC_STD01_C_R34_S19,SEC_STD01_C,34,R34-S19,ECONOMY,AVAILABLE,0
SEC_STD01_C_R34_S20,SEC_STD01_C,34,R34-S20,ECONOMY,AVAILABLE,0
SEC_STD01_C_R34_S21,SEC_STD01_C,34,R34-S21,ECONOMY,AVAILABLE,0
SEC_STD01_C_R34_S22,SEC_STD01_C,34,R34-S22,ECONOMY,AVAILABLE,0
SEC_STD01_C_R34_S23,SEC_STD01_C,34,R34-S23,ECONOMY,AVAILABLE,0
SEC_STD01_C_R34_S24,SEC_STD01_C,34,R34-S24,ECONOMY,AVAILABLE,0
SEC_STD01_C_R34_S25,SEC_STD01_C,34,R34-S25,ECONOMY,AVAILABLE,0
SEC_STD01_C_R34_S26,SEC_STD01_C,34,R34-S26,ECONOMY,AVAILABLE,0
SEC_STD01_C_R34_S27,SEC_STD01_C,34,R34-S27,ECONOMY,AVAILABLE,0
SEC_STD01_C_R34_S28,SEC_STD01_C,34,R34-S28,ECONOMY,AVAILABLE,0
SEC_STD01_C_R34_S29,SEC_STD01_C,34,R34-S29,ECONOMY,AVAILABLE,0
SEC_STD01_C_R34_S30,SEC_STD01_C,34,R34-S30,ECONOMY,AVAILABLE,0
SEC_STD01_C_R34_S31,SEC_STD01_C,34,R34-S31,ECONOMY,AVAILABLE,0
SEC_STD01_C_R34_S32,SEC_STD01_C,34,R34-S32,ECONOMY,AVAILABLE,0
SEC_STD01_C_R34_S33,SEC_STD01_C,34,R34-S33,ECONOMY,AVAILABLE,0
SEC_STD01_C_R34_S34,SEC_STD01_C,34,R34-S34,ECONOMY,AVAILABLE,0
SEC_STD01_C_R34_S35,SEC_STD01_C,34,R34-S35,ECONOMY,AVAILABLE,0
SEC_STD01_C_R34_S36,SEC_STD01_C,34,R34-S36,ECONOMY,AVAILABLE,0
SEC_STD01_C_R34_S37,SEC_STD01_C,34,R34-S37,ECONOMY,AVAILABLE,0
SEC_STD01_C_R34_S38,SEC_STD01_C,34,R34-S38,ECONOMY,AVAILABLE,0
SEC_STD01_C_R34_S39,SEC_STD01_C,34,R34-S39,ECONOMY,AVAILABLE,0
SEC_STD01_C_R34_S40,SEC_STD01_C,34,R34-S40,ECONOMY,AVAILABLE,0
SEC_STD01_C_R34_S41,SEC_STD01_C,34,R34-S41,ECONOMY,AVAILABLE,0
SEC_STD01_C_R34_S42,SEC_STD01_C,34,R34-S42,ECONOMY,AVAILABLE,0
SEC_STD01_C_R34_S43,SEC_STD01_C,34,R34-S43,ECONOMY,AVAILABLE,0
SEC_STD01_C_R34_S44,SEC_STD01_C,34,R34-S44,ECONOMY,AVAILABLE,0
SEC_STD01_C_R34_S45,SEC_STD01_C,34,R34-S45,ECONOMY,AVAILABLE,0
SEC_STD01_C_R34_S46,SEC_STD01_C,34,R34-S46,ECONOMY,AVAILABLE,0
SEC_STD01_C_R34_S47,SEC_STD01_C,34,R34-S47,ECONOMY,AVAILABLE,0
SEC_STD01_C_R34_S48,SEC_STD01_C,34,R34-S48,ECONOMY,AVAILABLE,0
SEC_STD01_C_R34_S49,SEC_STD01_C,34,R34-S49,ECONOMY,AVAILABLE,0
SEC_STD01_C_R34_S50,SEC_STD01_C,34,R34-S50,ECONOMY,AVAILABLE,0
SEC_STD01_C_R35_S01,SEC_STD01_C,35,R35-S01,ECONOMY,AVAILABLE,0
SEC_STD01_C_R35_S02,SEC_STD01_C,35,R35-S02,ECONOMY,AVAILABLE,0
SEC_STD01_C_R35_S03,SEC_STD01_C,35,R35-S03,ECONOMY,AVAILABLE,0
SEC_STD01_C_R35_S04,SEC_STD01_C,35,R35-S04,ECONOMY,AVAILABLE,0
SEC_STD01_C_R35_S05,SEC_STD01_C,35,R35-S05,ECONOMY,AVAILABLE,0
SEC_STD01_C_R35_S06,SEC_STD01_C,35,R35-S06,ECONOMY,AVAILABLE,0
SEC_STD01_C_R35_S07,SEC_STD01_C,35,R35-S07,ECONOMY,AVAILABLE,0
SEC_STD01_C_R35_S08,SEC_STD01_C,35,R35-S08,ECONOMY,AVAILABLE,0
SEC_STD01_C_R35_S09,SEC_STD01_C,35,R35-S09,ECONOMY,AVAILABLE,0
SEC_STD01_C_R35_S10,SEC_STD01_C,35,R35-S10,ECONOMY,AVAILABLE,0
SEC_STD01_C_R35_S11,SEC_STD01_C,35,R35-S11,ECONOMY,AVAILABLE,0
SEC_STD01_C_R35_S12,SEC_STD01_C,35,R35-S12,ECONOMY,AVAILABLE,0
SEC_STD01_C_R35_S13,SEC_STD01_C,35,R35-S13,ECONOMY,AVAILABLE,0
SEC_STD01_C_R35_S14,SEC_STD01_C,35,R35-S14,ECONOMY,AVAILABLE,0
SEC_STD01_C_R35_S15,SEC_STD01_C,35,R35-S15,ECONOMY,AVAILABLE,0
SEC_STD01_C_R35_S16,SEC_STD01_C,35,R35-S16,ECONOMY,AVAILABLE,0
SEC_STD01_C_R35_S17,SEC_STD01_C,35,R35-S17,ECONOMY,AVAILABLE,0
SEC_STD01_C_R35_S18,SEC_STD01_C,35,R35-S18,ECONOMY,AVAILABLE,0
SEC_STD01_C_R35_S19,SEC_STD01_C,35,R35-S19,ECONOMY,AVAILABLE,0
SEC_STD01_C_R35_S20,SEC_STD01_C,35,R35-S20,ECONOMY,AVAILABLE,0
SEC_STD01_C_R35_S21,SEC_STD01_C,35,R35-S21,ECONOMY,AVAILABLE,0
SEC_STD01_C_R35_S22,SEC_STD01_C,35,R35-S22,ECONOMY,AVAILABLE,0
SEC_STD01_C_R35_S23,SEC_STD01_C,35,R35-S23,ECONOMY,AVAILABLE,0
SEC_STD01_C_R35_S24,SEC_STD01_C,35,R35-S24,ECONOMY,AVAILABLE,0
SEC_STD01_C_R35_S25,SEC_STD01_C,35,R35-S25,ECONOMY,AVAILABLE,0
SEC_STD01_C_R35_S26,SEC_STD01_C,35,R35-S26,ECONOMY,AVAILABLE,0
SEC_STD01_C_R35_S27,SEC_STD01_C,35,R35-S27,ECONOMY,AVAILABLE,0
SEC_STD01_C_R35_S28,SEC_STD01_C,35,R35-S28,ECONOMY,AVAILABLE,0
SEC_STD01_C_R35_S29,SEC_STD01_C,35,R35-S29,ECONOMY,AVAILABLE,0
SEC_STD01_C_R35_S30,SEC_STD01_C,35,R35-S30,ECONOMY,AVAILABLE,0
SEC_STD01_C_R35_S31,SEC_STD01_C,35,R35-S31,ECONOMY,AVAILABLE,0
SEC_STD01_C_R35_S32,SEC_STD01_C,35,R35-S32,ECONOMY,AVAILABLE,0
SEC_STD01_C_R35_S33,SEC_STD01_C,35,R35-S33,ECONOMY,AVAILABLE,0
SEC_STD01_C_R35_S34,SEC_STD01_C,35,R35-S34,ECONOMY,AVAILABLE,0
SEC_STD01_C_R35_S35,SEC_STD01_C,35,R35-S35,ECONOMY,AVAILABLE,0
SEC_STD01_C_R35_S36,SEC_STD01_C,35,R35-S36,ECONOMY,AVAILABLE,0
SEC_STD01_C_R35_S37,SEC_STD01_C,35,R35-S37,ECONOMY,AVAILABLE,0
SEC_STD01_C_R35_S38,SEC_STD01_C,35,R35-S38,ECONOMY,AVAILABLE,0
SEC_STD01_C_R35_S39,SEC_STD01_C,35,R35-S39,ECONOMY,AVAILABLE,0
SEC_STD01_C_R35_S40,SEC_STD01_C,35,R35-S40,ECONOMY,AVAILABLE,0
SEC_STD01_C_R35_S41,SEC_STD01_C,35,R35-S41,ECONOMY,AVAILABLE,0
SEC_STD01_C_R35_S42,SEC_STD01_C,35,R35-S42,ECONOMY,AVAILABLE,0
SEC_STD01_C_R35_S43,SEC_STD01_C,35,R35-S43,ECONOMY,AVAILABLE,0
SEC_STD01_C_R35_S44,SEC_STD01_C,35,R35-S44,ECONOMY,AVAILABLE,0
SEC_STD01_C_R35_S45,SEC_STD01_C,35,R35-S45,ECONOMY,AVAILABLE,0
SEC_STD01_C_R35_S46,SEC_STD01_C,35,R35-S46,ECONOMY,AVAILABLE,0
SEC_STD01_C_R35_S47,SEC_STD01_C,35,R35-S47,ECONOMY,AVAILABLE,0
SEC_STD01_C_R35_S48,SEC_STD01_C,35,R35-S48,ECONOMY,AVAILABLE,0
SEC_STD01_C_R35_S49,SEC_STD01_C,35,R35-S49,ECONOMY,AVAILABLE,0
SEC_STD01_C_R35_S50,SEC_STD01_C,35,R35-S50,ECONOMY,AVAILABLE,0
SEC_STD01_C_R36_S01,SEC_STD01_C,36,R36-S01,ECONOMY,AVAILABLE,0
SEC_STD01_C_R36_S02,SEC_STD01_C,36,R36-S02,ECONOMY,AVAILABLE,0
SEC_STD01_C_R36_S03,SEC_STD01_C,36,R36-S03,ECONOMY,AVAILABLE,0
SEC_STD01_C_R36_S04,SEC_STD01_C,36,R36-S04,ECONOMY,AVAILABLE,0
SEC_STD01_C_R36_S05,SEC_STD01_C,36,R36-S05,ECONOMY,AVAILABLE,0
SEC_STD01_C_R36_S06,SEC_STD01_C,36,R36-S06,ECONOMY,AVAILABLE,0
SEC_STD01_C_R36_S07,SEC_STD01_C,36,R36-S07,ECONOMY,AVAILABLE,0
SEC_STD01_C_R36_S08,SEC_STD01_C,36,R36-S08,ECONOMY,AVAILABLE,0
SEC_STD01_C_R36_S09,SEC_STD01_C,36,R36-S09,ECONOMY,AVAILABLE,0
SEC_STD01_C_R36_S10,SEC_STD01_C,36,R36-S10,ECONOMY,AVAILABLE,0
SEC_STD01_C_R36_S11,SEC_STD01_C,36,R36-S11,ECONOMY,AVAILABLE,0
SEC_STD01_C_R36_S12,SEC_STD01_C,36,R36-S12,ECONOMY,AVAILABLE,0
SEC_STD01_C_R36_S13,SEC_STD01_C,36,R36-S13,ECONOMY,AVAILABLE,0
SEC_STD01_C_R36_S14,SEC_STD01_C,36,R36-S14,ECONOMY,AVAILABLE,0
SEC_STD01_C_R36_S15,SEC_STD01_C,36,R36-S15,ECONOMY,AVAILABLE,0
SEC_STD01_C_R36_S16,SEC_STD01_C,36,R36-S16,ECONOMY,AVAILABLE,0
SEC_STD01_C_R36_S17,SEC_STD01_C,36,R36-S17,ECONOMY,AVAILABLE,0
SEC_STD01_C_R36_S18,SEC_STD01_C,36,R36-S18,ECONOMY,AVAILABLE,0
SEC_STD01_C_R36_S19,SEC_STD01_C,36,R36-S19,ECONOMY,AVAILABLE,0
SEC_STD01_C_R36_S20,SEC_STD01_C,36,R36-S20,ECONOMY,AVAILABLE,0
SEC_STD01_C_R36_S21,SEC_STD01_C,36,R36-S21,ECONOMY,AVAILABLE,0
SEC_STD01_C_R36_S22,SEC_STD01_C,36,R36-S22,ECONOMY,AVAILABLE,0
SEC_STD01_C_R36_S23,SEC_STD01_C,36,R36-S23,ECONOMY,AVAILABLE,0
SEC_STD01_C_R36_S24,SEC_STD01_C,36,R36-S24,ECONOMY,AVAILABLE,0
SEC_STD01_C_R36_S25,SEC_STD01_C,36,R36-S25,ECONOMY,AVAILABLE,0
SEC_STD01_C_R36_S26,SEC_STD01_C,36,R36-S26,ECONOMY,AVAILABLE,0
SEC_STD01_C_R36_S27,SEC_STD01_C,36,R36-S27,ECONOMY,AVAILABLE,0
SEC_STD01_C_R36_S28,SEC_STD01_C,36,R36-S28,ECONOMY,AVAILABLE,0
SEC_STD01_C_R36_S29,SEC_STD01_C,36,R36-S29,ECONOMY,AVAILABLE,0
SEC_STD01_C_R36_S30,SEC_STD01_C,36,R36-S30,ECONOMY,AVAILABLE,0
SEC_STD01_C_R36_S31,SEC_STD01_C,36,R36-S31,ECONOMY,AVAILABLE,0
SEC_STD01_C_R36_S32,SEC_STD01_C,36,R36-S32,ECONOMY,AVAILABLE,0
SEC_STD01_C_R36_S33,SEC_STD01_C,36,R36-S33,ECONOMY,AVAILABLE,0
SEC_STD01_C_R36_S34,SEC_STD01_C,36,R36-S34,ECONOMY,AVAILABLE,0
SEC_STD01_C_R36_S35,SEC_STD01_C,36,R36-S35,ECONOMY,AVAILABLE,0
SEC_STD01_C_R36_S36,SEC_STD01_C,36,R36-S36,ECONOMY,AVAILABLE,0
SEC_STD01_C_R36_S37,SEC_STD01_C,36,R36-S37,ECONOMY,AVAILABLE,0
SEC_STD01_C_R36_S38,SEC_STD01_C,36,R36-S38,ECONOMY,AVAILABLE,0
SEC_STD01_C_R36_S39,SEC_STD01_C,36,R36-S39,ECONOMY,AVAILABLE,0
SEC_STD01_C_R36_S40,SEC_STD01_C,36,R36-S40,ECONOMY,AVAILABLE,0
SEC_STD01_C_R36_S41,SEC_STD01_C,36,R36-S41,ECONOMY,AVAILABLE,0
SEC_STD01_C_R36_S42,SEC_STD01_C,36,R36-S42,ECONOMY,AVAILABLE,0
SEC_STD01_C_R36_S43,SEC_STD01_C,36,R36-S43,ECONOMY,AVAILABLE,0
SEC_STD01_C_R36_S44,SEC_STD01_C,36,R36-S44,ECONOMY,AVAILABLE,0
SEC_STD01_C_R36_S45,SEC_STD01_C,36,R36-S45,ECONOMY,AVAILABLE,0
SEC_STD01_C_R36_S46,SEC_STD01_C,36,R36-S46,ECONOMY,AVAILABLE,0
SEC_STD01_C_R36_S47,SEC_STD01_C,36,R36-S47,ECONOMY,AVAILABLE,0
SEC_STD01_C_R36_S48,SEC_STD01_C,36,R36-S48,ECONOMY,AVAILABLE,0
SEC_STD01_C_R36_S49,SEC_STD01_C,36,R36-S49,ECONOMY,AVAILABLE,0
SEC_STD01_C_R36_S50,SEC_STD01_C,36,R36-S50,ECONOMY,AVAILABLE,0
SEC_STD01_C_R37_S01,SEC_STD01_C,37,R37-S01,ECONOMY,AVAILABLE,0
SEC_STD01_C_R37_S02,SEC_STD01_C,37,R37-S02,ECONOMY,AVAILABLE,0
SEC_STD01_C_R37_S03,SEC_STD01_C,37,R37-S03,ECONOMY,AVAILABLE,0
SEC_STD01_C_R37_S04,SEC_STD01_C,37,R37-S04,ECONOMY,AVAILABLE,0
SEC_STD01_C_R37_S05,SEC_STD01_C,37,R37-S05,ECONOMY,AVAILABLE,0
SEC_STD01_C_R37_S06,SEC_STD01_C,37,R37-S06,ECONOMY,AVAILABLE,0
SEC_STD01_C_R37_S07,SEC_STD01_C,37,R37-S07,ECONOMY,AVAILABLE,0
SEC_STD01_C_R37_S08,SEC_STD01_C,37,R37-S08,ECONOMY,AVAILABLE,0
SEC_STD01_C_R37_S09,SEC_STD01_C,37,R37-S09,ECONOMY,AVAILABLE,0
SEC_STD01_C_R37_S10,SEC_STD01_C,37,R37-S10,ECONOMY,AVAILABLE,0
SEC_STD01_C_R37_S11,SEC_STD01_C,37,R37-S11,ECONOMY,AVAILABLE,0
SEC_STD01_C_R37_S12,SEC_STD01_C,37,R37-S12,ECONOMY,AVAILABLE,0
SEC_STD01_C_R37_S13,SEC_STD01_C,37,R37-S13,ECONOMY,AVAILABLE,0
SEC_STD01_C_R37_S14,SEC_STD01_C,37,R37-S14,ECONOMY,AVAILABLE,0
SEC_STD01_C_R37_S15,SEC_STD01_C,37,R37-S15,ECONOMY,AVAILABLE,0
SEC_STD01_C_R37_S16,SEC_STD01_C,37,R37-S16,ECONOMY,AVAILABLE,0
SEC_STD01_C_R37_S17,SEC_STD01_C,37,R37-S17,ECONOMY,AVAILABLE,0
SEC_STD01_C_R37_S18,SEC_STD01_C,37,R37-S18,ECONOMY,AVAILABLE,0
SEC_STD01_C_R37_S19,SEC_STD01_C,37,R37-S19,ECONOMY,AVAILABLE,0
SEC_STD01_C_R37_S20,SEC_STD01_C,37,R37-S20,ECONOMY,AVAILABLE,0
SEC_STD01_C_R37_S21,SEC_STD01_C,37,R37-S21,ECONOMY,AVAILABLE,0
SEC_STD01_C_R37_S22,SEC_STD01_C,37,R37-S22,ECONOMY,AVAILABLE,0
SEC_STD01_C_R37_S23,SEC_STD01_C,37,R37-S23,ECONOMY,AVAILABLE,0
SEC_STD01_C_R37_S24,SEC_STD01_C,37,R37-S24,ECONOMY,AVAILABLE,0
SEC_STD01_C_R37_S25,SEC_STD01_C,37,R37-S25,ECONOMY,AVAILABLE,0
SEC_STD01_C_R37_S26,SEC_STD01_C,37,R37-S26,ECONOMY,AVAILABLE,0
SEC_STD01_C_R37_S27,SEC_STD01_C,37,R37-S27,ECONOMY,AVAILABLE,0
SEC_STD01_C_R37_S28,SEC_STD01_C,37,R37-S28,ECONOMY,AVAILABLE,0
SEC_STD01_C_R37_S29,SEC_STD01_C,37,R37-S29,ECONOMY,AVAILABLE,0
SEC_STD01_C_R37_S30,SEC_STD01_C,37,R37-S30,ECONOMY,AVAILABLE,0
SEC_STD01_C_R37_S31,SEC_STD01_C,37,R37-S31,ECONOMY,AVAILABLE,0
SEC_STD01_C_R37_S32,SEC_STD01_C,37,R37-S32,ECONOMY,AVAILABLE,0
SEC_STD01_C_R37_S33,SEC_STD01_C,37,R37-S33,ECONOMY,AVAILABLE,0
SEC_STD01_C_R37_S34,SEC_STD01_C,37,R37-S34,ECONOMY,AVAILABLE,0
SEC_STD01_C_R37_S35,SEC_STD01_C,37,R37-S35,ECONOMY,AVAILABLE,0
SEC_STD01_C_R37_S36,SEC_STD01_C,37,R37-S36,ECONOMY,AVAILABLE,0
SEC_STD01_C_R37_S37,SEC_STD01_C,37,R37-S37,ECONOMY,AVAILABLE,0
SEC_STD01_C_R37_S38,SEC_STD01_C,37,R37-S38,ECONOMY,AVAILABLE,0
SEC_STD01_C_R37_S39,SEC_STD01_C,37,R37-S39,ECONOMY,AVAILABLE,0
SEC_STD01_C_R37_S40,SEC_STD01_C,37,R37-S40,ECONOMY,AVAILABLE,0
SEC_STD01_C_R37_S41,SEC_STD01_C,37,R37-S41,ECONOMY,AVAILABLE,0
SEC_STD01_C_R37_S42,SEC_STD01_C,37,R37-S42,ECONOMY,AVAILABLE,0
SEC_STD01_C_R37_S43,SEC_STD01_C,37,R37-S43,ECONOMY,AVAILABLE,0
SEC_STD01_C_R37_S44,SEC_STD01_C,37,R37-S44,ECONOMY,AVAILABLE,0
SEC_STD01_C_R37_S45,SEC_STD01_C,37,R37-S45,ECONOMY,AVAILABLE,0
SEC_STD01_C_R37_S46,SEC_STD01_C,37,R37-S46,ECONOMY,AVAILABLE,0
SEC_STD01_C_R37_S47,SEC_STD01_C,37,R37-S47,ECONOMY,AVAILABLE,0
SEC_STD01_C_R37_S48,SEC_STD01_C,37,R37-S48,ECONOMY,AVAILABLE,0
SEC_STD01_C_R37_S49,SEC_STD01_C,37,R37-S49,ECONOMY,AVAILABLE,0
SEC_STD01_C_R37_S50,SEC_STD01_C,37,R37-S50,ECONOMY,AVAILABLE,0
SEC_STD01_C_R38_S01,SEC_STD01_C,38,R38-S01,ECONOMY,AVAILABLE,0
SEC_STD01_C_R38_S02,SEC_STD01_C,38,R38-S02,ECONOMY,AVAILABLE,0
SEC_STD01_C_R38_S03,SEC_STD01_C,38,R38-S03,ECONOMY,AVAILABLE,0
SEC_STD01_C_R38_S04,SEC_STD01_C,38,R38-S04,ECONOMY,AVAILABLE,0
SEC_STD01_C_R38_S05,SEC_STD01_C,38,R38-S05,ECONOMY,AVAILABLE,0
SEC_STD01_C_R38_S06,SEC_STD01_C,38,R38-S06,ECONOMY,AVAILABLE,0
SEC_STD01_C_R38_S07,SEC_STD01_C,38,R38-S07,ECONOMY,AVAILABLE,0
SEC_STD01_C_R38_S08,SEC_STD01_C,38,R38-S08,ECONOMY,AVAILABLE,0
SEC_STD01_C_R38_S09,SEC_STD01_C,38,R38-S09,ECONOMY,AVAILABLE,0
SEC_STD01_C_R38_S10,SEC_STD01_C,38,R38-S10,ECONOMY,AVAILABLE,0
SEC_STD01_C_R38_S11,SEC_STD01_C,38,R38-S11,ECONOMY,AVAILABLE,0
SEC_STD01_C_R38_S12,SEC_STD01_C,38,R38-S12,ECONOMY,AVAILABLE,0
SEC_STD01_C_R38_S13,SEC_STD01_C,38,R38-S13,ECONOMY,AVAILABLE,0
SEC_STD01_C_R38_S14,SEC_STD01_C,38,R38-S14,ECONOMY,AVAILABLE,0
SEC_STD01_C_R38_S15,SEC_STD01_C,38,R38-S15,ECONOMY,AVAILABLE,0
SEC_STD01_C_R38_S16,SEC_STD01_C,38,R38-S16,ECONOMY,AVAILABLE,0
SEC_STD01_C_R38_S17,SEC_STD01_C,38,R38-S17,ECONOMY,AVAILABLE,0
SEC_STD01_C_R38_S18,SEC_STD01_C,38,R38-S18,ECONOMY,AVAILABLE,0
SEC_STD01_C_R38_S19,SEC_STD01_C,38,R38-S19,ECONOMY,AVAILABLE,0
SEC_STD01_C_R38_S20,SEC_STD01_C,38,R38-S20,ECONOMY,AVAILABLE,0
SEC_STD01_C_R38_S21,SEC_STD01_C,38,R38-S21,ECONOMY,AVAILABLE,0
SEC_STD01_C_R38_S22,SEC_STD01_C,38,R38-S22,ECONOMY,AVAILABLE,0
SEC_STD01_C_R38_S23,SEC_STD01_C,38,R38-S23,ECONOMY,AVAILABLE,0
SEC_STD01_C_R38_S24,SEC_STD01_C,38,R38-S24,ECONOMY,AVAILABLE,0
SEC_STD01_C_R38_S25,SEC_STD01_C,38,R38-S25,ECONOMY,AVAILABLE,0
SEC_STD01_C_R38_S26,SEC_STD01_C,38,R38-S26,ECONOMY,AVAILABLE,0
SEC_STD01_C_R38_S27,SEC_STD01_C,38,R38-S27,ECONOMY,AVAILABLE,0
SEC_STD01_C_R38_S28,SEC_STD01_C,38,R38-S28,ECONOMY,AVAILABLE,0
SEC_STD01_C_R38_S29,SEC_STD01_C,38,R38-S29,ECONOMY,AVAILABLE,0
SEC_STD01_C_R38_S30,SEC_STD01_C,38,R38-S30,ECONOMY,AVAILABLE,0
SEC_STD01_C_R38_S31,SEC_STD01_C,38,R38-S31,ECONOMY,AVAILABLE,0
SEC_STD01_C_R38_S32,SEC_STD01_C,38,R38-S32,ECONOMY,AVAILABLE,0
SEC_STD01_C_R38_S33,SEC_STD01_C,38,R38-S33,ECONOMY,AVAILABLE,0
SEC_STD01_C_R38_S34,SEC_STD01_C,38,R38-S34,ECONOMY,AVAILABLE,0
SEC_STD01_C_R38_S35,SEC_STD01_C,38,R38-S35,ECONOMY,AVAILABLE,0
SEC_STD01_C_R38_S36,SEC_STD01_C,38,R38-S36,ECONOMY,AVAILABLE,0
SEC_STD01_C_R38_S37,SEC_STD01_C,38,R38-S37,ECONOMY,AVAILABLE,0
SEC_STD01_C_R38_S38,SEC_STD01_C,38,R38-S38,ECONOMY,AVAILABLE,0
SEC_STD01_C_R38_S39,SEC_STD01_C,38,R38-S39,ECONOMY,AVAILABLE,0
SEC_STD01_C_R38_S40,SEC_STD01_C,38,R38-S40,ECONOMY,AVAILABLE,0
SEC_STD01_C_R38_S41,SEC_STD01_C,38,R38-S41,ECONOMY,AVAILABLE,0
SEC_STD01_C_R38_S42,SEC_STD01_C,38,R38-S42,ECONOMY,AVAILABLE,0
SEC_STD01_C_R38_S43,SEC_STD01_C,38,R38-S43,ECONOMY,AVAILABLE,0
SEC_STD01_C_R38_S44,SEC_STD01_C,38,R38-S44,ECONOMY,AVAILABLE,0
SEC_STD01_C_R38_S45,SEC_STD01_C,38,R38-S45,ECONOMY,AVAILABLE,0
SEC_STD01_C_R38_S46,SEC_STD01_C,38,R38-S46,ECONOMY,AVAILABLE,0
SEC_STD01_C_R38_S47,SEC_STD01_C,38,R38-S47,ECONOMY,AVAILABLE,0
SEC_STD01_C_R38_S48,SEC_STD01_C,38,R38-S48,ECONOMY,AVAILABLE,0
SEC_STD01_C_R38_S49,SEC_STD01_C,38,R38-S49,ECONOMY,AVAILABLE,0
SEC_STD01_C_R38_S50,SEC_STD01_C,38,R38-S50,ECONOMY,AVAILABLE,0
SEC_STD01_C_R39_S01,SEC_STD01_C,39,R39-S01,ECONOMY,AVAILABLE,0
SEC_STD01_C_R39_S02,SEC_STD01_C,39,R39-S02,ECONOMY,AVAILABLE,0
SEC_STD01_C_R39_S03,SEC_STD01_C,39,R39-S03,ECONOMY,AVAILABLE,0
SEC_STD01_C_R39_S04,SEC_STD01_C,39,R39-S04,ECONOMY,AVAILABLE,0
SEC_STD01_C_R39_S05,SEC_STD01_C,39,R39-S05,ECONOMY,AVAILABLE,0
SEC_STD01_C_R39_S06,SEC_STD01_C,39,R39-S06,ECONOMY,AVAILABLE,0
SEC_STD01_C_R39_S07,SEC_STD01_C,39,R39-S07,ECONOMY,AVAILABLE,0
SEC_STD01_C_R39_S08,SEC_STD01_C,39,R39-S08,ECONOMY,AVAILABLE,0
SEC_STD01_C_R39_S09,SEC_STD01_C,39,R39-S09,ECONOMY,AVAILABLE,0
SEC_STD01_C_R39_S10,SEC_STD01_C,39,R39-S10,ECONOMY,AVAILABLE,0
SEC_STD01_C_R39_S11,SEC_STD01_C,39,R39-S11,ECONOMY,AVAILABLE,0
SEC_STD01_C_R39_S12,SEC_STD01_C,39,R39-S12,ECONOMY,AVAILABLE,0
SEC_STD01_C_R39_S13,SEC_STD01_C,39,R39-S13,ECONOMY,AVAILABLE,0
SEC_STD01_C_R39_S14,SEC_STD01_C,39,R39-S14,ECONOMY,AVAILABLE,0
SEC_STD01_C_R39_S15,SEC_STD01_C,39,R39-S15,ECONOMY,AVAILABLE,0
SEC_STD01_C_R39_S16,SEC_STD01_C,39,R39-S16,ECONOMY,AVAILABLE,0
SEC_STD01_C_R39_S17,SEC_STD01_C,39,R39-S17,ECONOMY,AVAILABLE,0
SEC_STD01_C_R39_S18,SEC_STD01_C,39,R39-S18,ECONOMY,AVAILABLE,0
SEC_STD01_C_R39_S19,SEC_STD01_C,39,R39-S19,ECONOMY,AVAILABLE,0
SEC_STD01_C_R39_S20,SEC_STD01_C,39,R39-S20,ECONOMY,AVAILABLE,0
SEC_STD01_C_R39_S21,SEC_STD01_C,39,R39-S21,ECONOMY,AVAILABLE,0
SEC_STD01_C_R39_S22,SEC_STD01_C,39,R39-S22,ECONOMY,AVAILABLE,0
SEC_STD01_C_R39_S23,SEC_STD01_C,39,R39-S23,ECONOMY,AVAILABLE,0
SEC_STD01_C_R39_S24,SEC_STD01_C,39,R39-S24,ECONOMY,AVAILABLE,0
SEC_STD01_C_R39_S25,SEC_STD01_C,39,R39-S25,ECONOMY,AVAILABLE,0
SEC_STD01_C_R39_S26,SEC_STD01_C,39,R39-S26,ECONOMY,AVAILABLE,0
SEC_STD01_C_R39_S27,SEC_STD01_C,39,R39-S27,ECONOMY,AVAILABLE,0
SEC_STD01_C_R39_S28,SEC_STD01_C,39,R39-S28,ECONOMY,AVAILABLE,0
SEC_STD01_C_R39_S29,SEC_STD01_C,39,R39-S29,ECONOMY,AVAILABLE,0
SEC_STD01_C_R39_S30,SEC_STD01_C,39,R39-S30,ECONOMY,AVAILABLE,0
SEC_STD01_C_R39_S31,SEC_STD01_C,39,R39-S31,ECONOMY,AVAILABLE,0
SEC_STD01_C_R39_S32,SEC_STD01_C,39,R39-S32,ECONOMY,AVAILABLE,0
SEC_STD01_C_R39_S33,SEC_STD01_C,39,R39-S33,ECONOMY,AVAILABLE,0
SEC_STD01_C_R39_S34,SEC_STD01_C,39,R39-S34,ECONOMY,AVAILABLE,0
SEC_STD01_C_R39_S35,SEC_STD01_C,39,R39-S35,ECONOMY,AVAILABLE,0
SEC_STD01_C_R39_S36,SEC_STD01_C,39,R39-S36,ECONOMY,AVAILABLE,0
SEC_STD01_C_R39_S37,SEC_STD01_C,39,R39-S37,ECONOMY,AVAILABLE,0
SEC_STD01_C_R39_S38,SEC_STD01_C,39,R39-S38,ECONOMY,AVAILABLE,0
SEC_STD01_C_R39_S39,SEC_STD01_C,39,R39-S39,ECONOMY,AVAILABLE,0
SEC_STD01_C_R39_S40,SEC_STD01_C,39,R39-S40,ECONOMY,AVAILABLE,0
SEC_STD01_C_R39_S41,SEC_STD01_C,39,R39-S41,ECONOMY,AVAILABLE,0
SEC_STD01_C_R39_S42,SEC_STD01_C,39,R39-S42,ECONOMY,AVAILABLE,0
SEC_STD01_C_R39_S43,SEC_STD01_C,39,R39-S43,ECONOMY,AVAILABLE,0
SEC_STD01_C_R39_S44,SEC_STD01_C,39,R39-S44,ECONOMY,AVAILABLE,0
SEC_STD01_C_R39_S45,SEC_STD01_C,39,R39-S45,ECONOMY,AVAILABLE,0
SEC_STD01_C_R39_S46,SEC_STD01_C,39,R39-S46,ECONOMY,AVAILABLE,0
SEC_STD01_C_R39_S47,SEC_STD01_C,39,R39-S47,ECONOMY,AVAILABLE,0
SEC_STD01_C_R39_S48,SEC_STD01_C,39,R39-S48,ECONOMY,AVAILABLE,0
SEC_STD01_C_R39_S49,SEC_STD01_C,39,R39-S49,ECONOMY,AVAILABLE,0
SEC_STD01_C_R39_S50,SEC_STD01_C,39,R39-S50,ECONOMY,AVAILABLE,0
SEC_STD01_C_R40_S01,SEC_STD01_C,40,R40-S01,ECONOMY,AVAILABLE,0
SEC_STD01_C_R40_S02,SEC_STD01_C,40,R40-S02,ECONOMY,AVAILABLE,0
SEC_STD01_C_R40_S03,SEC_STD01_C,40,R40-S03,ECONOMY,AVAILABLE,0
SEC_STD01_C_R40_S04,SEC_STD01_C,40,R40-S04,ECONOMY,AVAILABLE,0
SEC_STD01_C_R40_S05,SEC_STD01_C,40,R40-S05,ECONOMY,AVAILABLE,0
SEC_STD01_C_R40_S06,SEC_STD01_C,40,R40-S06,ECONOMY,AVAILABLE,0
SEC_STD01_C_R40_S07,SEC_STD01_C,40,R40-S07,ECONOMY,AVAILABLE,0
SEC_STD01_C_R40_S08,SEC_STD01_C,40,R40-S08,ECONOMY,AVAILABLE,0
SEC_STD01_C_R40_S09,SEC_STD01_C,40,R40-S09,ECONOMY,AVAILABLE,0
SEC_STD01_C_R40_S10,SEC_STD01_C,40,R40-S10,ECONOMY,AVAILABLE,0
SEC_STD01_C_R40_S11,SEC_STD01_C,40,R40-S11,ECONOMY,AVAILABLE,0
SEC_STD01_C_R40_S12,SEC_STD01_C,40,R40-S12,ECONOMY,AVAILABLE,0
SEC_STD01_C_R40_S13,SEC_STD01_C,40,R40-S13,ECONOMY,AVAILABLE,0
SEC_STD01_C_R40_S14,SEC_STD01_C,40,R40-S14,ECONOMY,AVAILABLE,0
SEC_STD01_C_R40_S15,SEC_STD01_C,40,R40-S15,ECONOMY,AVAILABLE,0
SEC_STD01_C_R40_S16,SEC_STD01_C,40,R40-S16,ECONOMY,AVAILABLE,0
SEC_STD01_C_R40_S17,SEC_STD01_C,40,R40-S17,ECONOMY,AVAILABLE,0
SEC_STD01_C_R40_S18,SEC_STD01_C,40,R40-S18,ECONOMY,AVAILABLE,0
SEC_STD01_C_R40_S19,SEC_STD01_C,40,R40-S19,ECONOMY,AVAILABLE,0
SEC_STD01_C_R40_S20,SEC_STD01_C,40,R40-S20,ECONOMY,AVAILABLE,0
SEC_STD01_C_R40_S21,SEC_STD01_C,40,R40-S21,ECONOMY,AVAILABLE,0
SEC_STD01_C_R40_S22,SEC_STD01_C,40,R40-S22,ECONOMY,AVAILABLE,0
SEC_STD01_C_R40_S23,SEC_STD01_C,40,R40-S23,ECONOMY,AVAILABLE,0
SEC_STD01_C_R40_S24,SEC_STD01_C,40,R40-S24,ECONOMY,AVAILABLE,0
SEC_STD01_C_R40_S25,SEC_STD01_C,40,R40-S25,ECONOMY,AVAILABLE,0
SEC_STD01_C_R40_S26,SEC_STD01_C,40,R40-S26,ECONOMY,AVAILABLE,0
SEC_STD01_C_R40_S27,SEC_STD01_C,40,R40-S27,ECONOMY,AVAILABLE,0
SEC_STD01_C_R40_S28,SEC_STD01_C,40,R40-S28,ECONOMY,AVAILABLE,0
SEC_STD01_C_R40_S29,SEC_STD01_C,40,R40-S29,ECONOMY,AVAILABLE,0
SEC_STD01_C_R40_S30,SEC_STD01_C,40,R40-S30,ECONOMY,AVAILABLE,0
SEC_STD01_C_R40_S31,SEC_STD01_C,40,R40-S31,ECONOMY,AVAILABLE,0
SEC_STD01_C_R40_S32,SEC_STD01_C,40,R40-S32,ECONOMY,AVAILABLE,0
SEC_STD01_C_R40_S33,SEC_STD01_C,40,R40-S33,ECONOMY,AVAILABLE,0
SEC_STD01_C_R40_S34,SEC_STD01_C,40,R40-S34,ECONOMY,AVAILABLE,0
SEC_STD01_C_R40_S35,SEC_STD01_C,40,R40-S35,ECONOMY,AVAILABLE,0
SEC_STD01_C_R40_S36,SEC_STD01_C,40,R40-S36,ECONOMY,AVAILABLE,0
SEC_STD01_C_R40_S37,SEC_STD01_C,40,R40-S37,ECONOMY,AVAILABLE,0
SEC_STD01_C_R40_S38,SEC_STD01_C,40,R40-S38,ECONOMY,AVAILABLE,0
SEC_STD01_C_R40_S39,SEC_STD01_C,40,R40-S39,ECONOMY,AVAILABLE,0
SEC_STD01_C_R40_S40,SEC_STD01_C,40,R40-S40,ECONOMY,AVAILABLE,0
SEC_STD01_C_R40_S41,SEC_STD01_C,40,R40-S41,ECONOMY,AVAILABLE,0
SEC_STD01_C_R40_S42,SEC_STD01_C,40,R40-S42,ECONOMY,AVAILABLE,0
SEC_STD01_C_R40_S43,SEC_STD01_C,40,R40-S43,ECONOMY,AVAILABLE,0
SEC_STD01_C_R40_S44,SEC_STD01_C,40,R40-S44,ECONOMY,AVAILABLE,0
SEC_STD01_C_R40_S45,SEC_STD01_C,40,R40-S45,ECONOMY,AVAILABLE,0
SEC_STD01_C_R40_S46,SEC_STD01_C,40,R40-S46,ECONOMY,AVAILABLE,0
SEC_STD01_C_R40_S47,SEC_STD01_C,40,R40-S47,ECONOMY,AVAILABLE,0
SEC_STD01_C_R40_S48,SEC_STD01_C,40,R40-S48,ECONOMY,AVAILABLE,0
SEC_STD01_C_R40_S49,SEC_STD01_C,40,R40-S49,ECONOMY,AVAILABLE,0
SEC_STD01_C_R40_S50,SEC_STD01_C,40,R40-S50,ECONOMY,AVAILABLE,0
SEC_STD01_C_R41_S01,SEC_STD01_C,41,R41-S01,ECONOMY,AVAILABLE,0
SEC_STD01_C_R41_S02,SEC_STD01_C,41,R41-S02,ECONOMY,AVAILABLE,0
SEC_STD01_C_R41_S03,SEC_STD01_C,41,R41-S03,ECONOMY,AVAILABLE,0
SEC_STD01_C_R41_S04,SEC_STD01_C,41,R41-S04,ECONOMY,AVAILABLE,0
SEC_STD01_C_R41_S05,SEC_STD01_C,41,R41-S05,ECONOMY,AVAILABLE,0
SEC_STD01_C_R41_S06,SEC_STD01_C,41,R41-S06,ECONOMY,AVAILABLE,0
SEC_STD01_C_R41_S07,SEC_STD01_C,41,R41-S07,ECONOMY,AVAILABLE,0
SEC_STD01_C_R41_S08,SEC_STD01_C,41,R41-S08,ECONOMY,AVAILABLE,0
SEC_STD01_C_R41_S09,SEC_STD01_C,41,R41-S09,ECONOMY,AVAILABLE,0
SEC_STD01_C_R41_S10,SEC_STD01_C,41,R41-S10,ECONOMY,AVAILABLE,0
SEC_STD01_C_R41_S11,SEC_STD01_C,41,R41-S11,ECONOMY,AVAILABLE,0
SEC_STD01_C_R41_S12,SEC_STD01_C,41,R41-S12,ECONOMY,AVAILABLE,0
SEC_STD01_C_R41_S13,SEC_STD01_C,41,R41-S13,ECONOMY,AVAILABLE,0
SEC_STD01_C_R41_S14,SEC_STD01_C,41,R41-S14,ECONOMY,AVAILABLE,0
SEC_STD01_C_R41_S15,SEC_STD01_C,41,R41-S15,ECONOMY,AVAILABLE,0
SEC_STD01_C_R41_S16,SEC_STD01_C,41,R41-S16,ECONOMY,AVAILABLE,0
SEC_STD01_C_R41_S17,SEC_STD01_C,41,R41-S17,ECONOMY,AVAILABLE,0
SEC_STD01_C_R41_S18,SEC_STD01_C,41,R41-S18,ECONOMY,AVAILABLE,0
SEC_STD01_C_R41_S19,SEC_STD01_C,41,R41-S19,ECONOMY,AVAILABLE,0
SEC_STD01_C_R41_S20,SEC_STD01_C,41,R41-S20,ECONOMY,AVAILABLE,0
SEC_STD01_C_R41_S21,SEC_STD01_C,41,R41-S21,ECONOMY,AVAILABLE,0
SEC_STD01_C_R41_S22,SEC_STD01_C,41,R41-S22,ECONOMY,AVAILABLE,0
SEC_STD01_C_R41_S23,SEC_STD01_C,41,R41-S23,ECONOMY,AVAILABLE,0
SEC_STD01_C_R41_S24,SEC_STD01_C,41,R41-S24,ECONOMY,AVAILABLE,0
SEC_STD01_C_R41_S25,SEC_STD01_C,41,R41-S25,ECONOMY,AVAILABLE,0
SEC_STD01_C_R41_S26,SEC_STD01_C,41,R41-S26,ECONOMY,AVAILABLE,0
SEC_STD01_C_R41_S27,SEC_STD01_C,41,R41-S27,ECONOMY,AVAILABLE,0
SEC_STD01_C_R41_S28,SEC_STD01_C,41,R41-S28,ECONOMY,AVAILABLE,0
SEC_STD01_C_R41_S29,SEC_STD01_C,41,R41-S29,ECONOMY,AVAILABLE,0
SEC_STD01_C_R41_S30,SEC_STD01_C,41,R41-S30,ECONOMY,AVAILABLE,0
SEC_STD01_C_R41_S31,SEC_STD01_C,41,R41-S31,ECONOMY,AVAILABLE,0
SEC_STD01_C_R41_S32,SEC_STD01_C,41,R41-S32,ECONOMY,AVAILABLE,0
SEC_STD01_C_R41_S33,SEC_STD01_C,41,R41-S33,ECONOMY,AVAILABLE,0
SEC_STD01_C_R41_S34,SEC_STD01_C,41,R41-S34,ECONOMY,AVAILABLE,0
SEC_STD01_C_R41_S35,SEC_STD01_C,41,R41-S35,ECONOMY,AVAILABLE,0
SEC_STD01_C_R41_S36,SEC_STD01_C,41,R41-S36,ECONOMY,AVAILABLE,0
SEC_STD01_C_R41_S37,SEC_STD01_C,41,R41-S37,ECONOMY,AVAILABLE,0
SEC_STD01_C_R41_S38,SEC_STD01_C,41,R41-S38,ECONOMY,AVAILABLE,0
SEC_STD01_C_R41_S39,SEC_STD01_C,41,R41-S39,ECONOMY,AVAILABLE,0
SEC_STD01_C_R41_S40,SEC_STD01_C,41,R41-S40,ECONOMY,AVAILABLE,0
SEC_STD01_C_R41_S41,SEC_STD01_C,41,R41-S41,ECONOMY,AVAILABLE,0
SEC_STD01_C_R41_S42,SEC_STD01_C,41,R41-S42,ECONOMY,AVAILABLE,0
SEC_STD01_C_R41_S43,SEC_STD01_C,41,R41-S43,ECONOMY,AVAILABLE,0
SEC_STD01_C_R41_S44,SEC_STD01_C,41,R41-S44,ECONOMY,AVAILABLE,0
SEC_STD01_C_R41_S45,SEC_STD01_C,41,R41-S45,ECONOMY,AVAILABLE,0
SEC_STD01_C_R41_S46,SEC_STD01_C,41,R41-S46,ECONOMY,AVAILABLE,0
SEC_STD01_C_R41_S47,SEC_STD01_C,41,R41-S47,ECONOMY,AVAILABLE,0
SEC_STD01_C_R41_S48,SEC_STD01_C,41,R41-S48,ECONOMY,AVAILABLE,0
SEC_STD01_C_R41_S49,SEC_STD01_C,41,R41-S49,ECONOMY,AVAILABLE,0
SEC_STD01_C_R41_S50,SEC_STD01_C,41,R41-S50,ECONOMY,AVAILABLE,0
SEC_STD01_C_R42_S01,SEC_STD01_C,42,R42-S01,ECONOMY,AVAILABLE,0
SEC_STD01_C_R42_S02,SEC_STD01_C,42,R42-S02,ECONOMY,AVAILABLE,0
SEC_STD01_C_R42_S03,SEC_STD01_C,42,R42-S03,ECONOMY,AVAILABLE,0
SEC_STD01_C_R42_S04,SEC_STD01_C,42,R42-S04,ECONOMY,AVAILABLE,0
SEC_STD01_C_R42_S05,SEC_STD01_C,42,R42-S05,ECONOMY,AVAILABLE,0
SEC_STD01_C_R42_S06,SEC_STD01_C,42,R42-S06,ECONOMY,AVAILABLE,0
SEC_STD01_C_R42_S07,SEC_STD01_C,42,R42-S07,ECONOMY,AVAILABLE,0
SEC_STD01_C_R42_S08,SEC_STD01_C,42,R42-S08,ECONOMY,AVAILABLE,0
SEC_STD01_C_R42_S09,SEC_STD01_C,42,R42-S09,ECONOMY,AVAILABLE,0
SEC_STD01_C_R42_S10,SEC_STD01_C,42,R42-S10,ECONOMY,AVAILABLE,0
SEC_STD01_C_R42_S11,SEC_STD01_C,42,R42-S11,ECONOMY,AVAILABLE,0
SEC_STD01_C_R42_S12,SEC_STD01_C,42,R42-S12,ECONOMY,AVAILABLE,0
SEC_STD01_C_R42_S13,SEC_STD01_C,42,R42-S13,ECONOMY,AVAILABLE,0
SEC_STD01_C_R42_S14,SEC_STD01_C,42,R42-S14,ECONOMY,AVAILABLE,0
SEC_STD01_C_R42_S15,SEC_STD01_C,42,R42-S15,ECONOMY,AVAILABLE,0
SEC_STD01_C_R42_S16,SEC_STD01_C,42,R42-S16,ECONOMY,AVAILABLE,0
SEC_STD01_C_R42_S17,SEC_STD01_C,42,R42-S17,ECONOMY,AVAILABLE,0
SEC_STD01_C_R42_S18,SEC_STD01_C,42,R42-S18,ECONOMY,AVAILABLE,0
SEC_STD01_C_R42_S19,SEC_STD01_C,42,R42-S19,ECONOMY,AVAILABLE,0
SEC_STD01_C_R42_S20,SEC_STD01_C,42,R42-S20,ECONOMY,AVAILABLE,0
SEC_STD01_C_R42_S21,SEC_STD01_C,42,R42-S21,ECONOMY,AVAILABLE,0
SEC_STD01_C_R42_S22,SEC_STD01_C,42,R42-S22,ECONOMY,AVAILABLE,0
SEC_STD01_C_R42_S23,SEC_STD01_C,42,R42-S23,ECONOMY,AVAILABLE,0
SEC_STD01_C_R42_S24,SEC_STD01_C,42,R42-S24,ECONOMY,AVAILABLE,0
SEC_STD01_C_R42_S25,SEC_STD01_C,42,R42-S25,ECONOMY,AVAILABLE,0
SEC_STD01_C_R42_S26,SEC_STD01_C,42,R42-S26,ECONOMY,AVAILABLE,0
SEC_STD01_C_R42_S27,SEC_STD01_C,42,R42-S27,ECONOMY,AVAILABLE,0
SEC_STD01_C_R42_S28,SEC_STD01_C,42,R42-S28,ECONOMY,AVAILABLE,0
SEC_STD01_C_R42_S29,SEC_STD01_C,42,R42-S29,ECONOMY,AVAILABLE,0
SEC_STD01_C_R42_S30,SEC_STD01_C,42,R42-S30,ECONOMY,AVAILABLE,0
SEC_STD01_C_R42_S31,SEC_STD01_C,42,R42-S31,ECONOMY,AVAILABLE,0
SEC_STD01_C_R42_S32,SEC_STD01_C,42,R42-S32,ECONOMY,AVAILABLE,0
SEC_STD01_C_R42_S33,SEC_STD01_C,42,R42-S33,ECONOMY,AVAILABLE,0
SEC_STD01_C_R42_S34,SEC_STD01_C,42,R42-S34,ECONOMY,AVAILABLE,0
SEC_STD01_C_R42_S35,SEC_STD01_C,42,R42-S35,ECONOMY,AVAILABLE,0
SEC_STD01_C_R42_S36,SEC_STD01_C,42,R42-S36,ECONOMY,AVAILABLE,0
SEC_STD01_C_R42_S37,SEC_STD01_C,42,R42-S37,ECONOMY,AVAILABLE,0
SEC_STD01_C_R42_S38,SEC_STD01_C,42,R42-S38,ECONOMY,AVAILABLE,0
SEC_STD01_C_R42_S39,SEC_STD01_C,42,R42-S39,ECONOMY,AVAILABLE,0
SEC_STD01_C_R42_S40,SEC_STD01_C,42,R42-S40,ECONOMY,AVAILABLE,0
SEC_STD01_C_R42_S41,SEC_STD01_C,42,R42-S41,ECONOMY,AVAILABLE,0
SEC_STD01_C_R42_S42,SEC_STD01_C,42,R42-S42,ECONOMY,AVAILABLE,0
SEC_STD01_C_R42_S43,SEC_STD01_C,42,R42-S43,ECONOMY,AVAILABLE,0
SEC_STD01_C_R42_S44,SEC_STD01_C,42,R42-S44,ECONOMY,AVAILABLE,0
SEC_STD01_C_R42_S45,SEC_STD01_C,42,R42-S45,ECONOMY,AVAILABLE,0
SEC_STD01_C_R42_S46,SEC_STD01_C,42,R42-S46,ECONOMY,AVAILABLE,0
SEC_STD01_C_R42_S47,SEC_STD01_C,42,R42-S47,ECONOMY,AVAILABLE,0
SEC_STD01_C_R42_S48,SEC_STD01_C,42,R42-S48,ECONOMY,AVAILABLE,0
SEC_STD01_C_R42_S49,SEC_STD01_C,42,R42-S49,ECONOMY,AVAILABLE,0
SEC_STD01_C_R42_S50,SEC_STD01_C,42,R42-S50,ECONOMY,AVAILABLE,0
SEC_STD01_C_R43_S01,SEC_STD01_C,43,R43-S01,ECONOMY,AVAILABLE,0
SEC_STD01_C_R43_S02,SEC_STD01_C,43,R43-S02,ECONOMY,AVAILABLE,0
SEC_STD01_C_R43_S03,SEC_STD01_C,43,R43-S03,ECONOMY,AVAILABLE,0
SEC_STD01_C_R43_S04,SEC_STD01_C,43,R43-S04,ECONOMY,AVAILABLE,0
SEC_STD01_C_R43_S05,SEC_STD01_C,43,R43-S05,ECONOMY,AVAILABLE,0
SEC_STD01_C_R43_S06,SEC_STD01_C,43,R43-S06,ECONOMY,AVAILABLE,0
SEC_STD01_C_R43_S07,SEC_STD01_C,43,R43-S07,ECONOMY,AVAILABLE,0
SEC_STD01_C_R43_S08,SEC_STD01_C,43,R43-S08,ECONOMY,AVAILABLE,0
SEC_STD01_C_R43_S09,SEC_STD01_C,43,R43-S09,ECONOMY,AVAILABLE,0
SEC_STD01_C_R43_S10,SEC_STD01_C,43,R43-S10,ECONOMY,AVAILABLE,0
SEC_STD01_C_R43_S11,SEC_STD01_C,43,R43-S11,ECONOMY,AVAILABLE,0
SEC_STD01_C_R43_S12,SEC_STD01_C,43,R43-S12,ECONOMY,AVAILABLE,0
SEC_STD01_C_R43_S13,SEC_STD01_C,43,R43-S13,ECONOMY,AVAILABLE,0
SEC_STD01_C_R43_S14,SEC_STD01_C,43,R43-S14,ECONOMY,AVAILABLE,0
SEC_STD01_C_R43_S15,SEC_STD01_C,43,R43-S15,ECONOMY,AVAILABLE,0
SEC_STD01_C_R43_S16,SEC_STD01_C,43,R43-S16,ECONOMY,AVAILABLE,0
SEC_STD01_C_R43_S17,SEC_STD01_C,43,R43-S17,ECONOMY,AVAILABLE,0
SEC_STD01_C_R43_S18,SEC_STD01_C,43,R43-S18,ECONOMY,AVAILABLE,0
SEC_STD01_C_R43_S19,SEC_STD01_C,43,R43-S19,ECONOMY,AVAILABLE,0
SEC_STD01_C_R43_S20,SEC_STD01_C,43,R43-S20,ECONOMY,AVAILABLE,0
SEC_STD01_C_R43_S21,SEC_STD01_C,43,R43-S21,ECONOMY,AVAILABLE,0
SEC_STD01_C_R43_S22,SEC_STD01_C,43,R43-S22,ECONOMY,AVAILABLE,0
SEC_STD01_C_R43_S23,SEC_STD01_C,43,R43-S23,ECONOMY,AVAILABLE,0
SEC_STD01_C_R43_S24,SEC_STD01_C,43,R43-S24,ECONOMY,AVAILABLE,0
SEC_STD01_C_R43_S25,SEC_STD01_C,43,R43-S25,ECONOMY,AVAILABLE,0
SEC_STD01_C_R43_S26,SEC_STD01_C,43,R43-S26,ECONOMY,AVAILABLE,0
SEC_STD01_C_R43_S27,SEC_STD01_C,43,R43-S27,ECONOMY,AVAILABLE,0
SEC_STD01_C_R43_S28,SEC_STD01_C,43,R43-S28,ECONOMY,AVAILABLE,0
SEC_STD01_C_R43_S29,SEC_STD01_C,43,R43-S29,ECONOMY,AVAILABLE,0
SEC_STD01_C_R43_S30,SEC_STD01_C,43,R43-S30,ECONOMY,AVAILABLE,0
SEC_STD01_C_R43_S31,SEC_STD01_C,43,R43-S31,ECONOMY,AVAILABLE,0
SEC_STD01_C_R43_S32,SEC_STD01_C,43,R43-S32,ECONOMY,AVAILABLE,0
SEC_STD01_C_R43_S33,SEC_STD01_C,43,R43-S33,ECONOMY,AVAILABLE,0
SEC_STD01_C_R43_S34,SEC_STD01_C,43,R43-S34,ECONOMY,AVAILABLE,0
SEC_STD01_C_R43_S35,SEC_STD01_C,43,R43-S35,ECONOMY,AVAILABLE,0
SEC_STD01_C_R43_S36,SEC_STD01_C,43,R43-S36,ECONOMY,AVAILABLE,0
SEC_STD01_C_R43_S37,SEC_STD01_C,43,R43-S37,ECONOMY,AVAILABLE,0
SEC_STD01_C_R43_S38,SEC_STD01_C,43,R43-S38,ECONOMY,AVAILABLE,0
SEC_STD01_C_R43_S39,SEC_STD01_C,43,R43-S39,ECONOMY,AVAILABLE,0
SEC_STD01_C_R43_S40,SEC_STD01_C,43,R43-S40,ECONOMY,AVAILABLE,0
SEC_STD01_C_R43_S41,SEC_STD01_C,43,R43-S41,ECONOMY,AVAILABLE,0
SEC_STD01_C_R43_S42,SEC_STD01_C,43,R43-S42,ECONOMY,AVAILABLE,0
SEC_STD01_C_R43_S43,SEC_STD01_C,43,R43-S43,ECONOMY,AVAILABLE,0
SEC_STD01_C_R43_S44,SEC_STD01_C,43,R43-S44,ECONOMY,AVAILABLE,0
SEC_STD01_C_R43_S45,SEC_STD01_C,43,R43-S45,ECONOMY,AVAILABLE,0
SEC_STD01_C_R43_S46,SEC_STD01_C,43,R43-S46,ECONOMY,AVAILABLE,0
SEC_STD01_C_R43_S47,SEC_STD01_C,43,R43-S47,ECONOMY,AVAILABLE,0
SEC_STD01_C_R43_S48,SEC_STD01_C,43,R43-S48,ECONOMY,AVAILABLE,0
SEC_STD01_C_R43_S49,SEC_STD01_C,43,R43-S49,ECONOMY,AVAILABLE,0
SEC_STD01_C_R43_S50,SEC_STD01_C,43,R43-S50,ECONOMY,AVAILABLE,0
SEC_STD01_C_R44_S01,SEC_STD01_C,44,R44-S01,ECONOMY,AVAILABLE,0
SEC_STD01_C_R44_S02,SEC_STD01_C,44,R44-S02,ECONOMY,AVAILABLE,0
SEC_STD01_C_R44_S03,SEC_STD01_C,44,R44-S03,ECONOMY,AVAILABLE,0
SEC_STD01_C_R44_S04,SEC_STD01_C,44,R44-S04,ECONOMY,AVAILABLE,0
SEC_STD01_C_R44_S05,SEC_STD01_C,44,R44-S05,ECONOMY,AVAILABLE,0
SEC_STD01_C_R44_S06,SEC_STD01_C,44,R44-S06,ECONOMY,AVAILABLE,0
SEC_STD01_C_R44_S07,SEC_STD01_C,44,R44-S07,ECONOMY,AVAILABLE,0
SEC_STD01_C_R44_S08,SEC_STD01_C,44,R44-S08,ECONOMY,AVAILABLE,0
SEC_STD01_C_R44_S09,SEC_STD01_C,44,R44-S09,ECONOMY,AVAILABLE,0
SEC_STD01_C_R44_S10,SEC_STD01_C,44,R44-S10,ECONOMY,AVAILABLE,0
SEC_STD01_C_R44_S11,SEC_STD01_C,44,R44-S11,ECONOMY,AVAILABLE,0
SEC_STD01_C_R44_S12,SEC_STD01_C,44,R44-S12,ECONOMY,AVAILABLE,0
SEC_STD01_C_R44_S13,SEC_STD01_C,44,R44-S13,ECONOMY,AVAILABLE,0
SEC_STD01_C_R44_S14,SEC_STD01_C,44,R44-S14,ECONOMY,AVAILABLE,0
SEC_STD01_C_R44_S15,SEC_STD01_C,44,R44-S15,ECONOMY,AVAILABLE,0
SEC_STD01_C_R44_S16,SEC_STD01_C,44,R44-S16,ECONOMY,AVAILABLE,0
SEC_STD01_C_R44_S17,SEC_STD01_C,44,R44-S17,ECONOMY,AVAILABLE,0
SEC_STD01_C_R44_S18,SEC_STD01_C,44,R44-S18,ECONOMY,AVAILABLE,0
SEC_STD01_C_R44_S19,SEC_STD01_C,44,R44-S19,ECONOMY,AVAILABLE,0
SEC_STD01_C_R44_S20,SEC_STD01_C,44,R44-S20,ECONOMY,AVAILABLE,0
SEC_STD01_C_R44_S21,SEC_STD01_C,44,R44-S21,ECONOMY,AVAILABLE,0
SEC_STD01_C_R44_S22,SEC_STD01_C,44,R44-S22,ECONOMY,AVAILABLE,0
SEC_STD01_C_R44_S23,SEC_STD01_C,44,R44-S23,ECONOMY,AVAILABLE,0
SEC_STD01_C_R44_S24,SEC_STD01_C,44,R44-S24,ECONOMY,AVAILABLE,0
SEC_STD01_C_R44_S25,SEC_STD01_C,44,R44-S25,ECONOMY,AVAILABLE,0
SEC_STD01_C_R44_S26,SEC_STD01_C,44,R44-S26,ECONOMY,AVAILABLE,0
SEC_STD01_C_R44_S27,SEC_STD01_C,44,R44-S27,ECONOMY,AVAILABLE,0
SEC_STD01_C_R44_S28,SEC_STD01_C,44,R44-S28,ECONOMY,AVAILABLE,0
SEC_STD01_C_R44_S29,SEC_STD01_C,44,R44-S29,ECONOMY,AVAILABLE,0
SEC_STD01_C_R44_S30,SEC_STD01_C,44,R44-S30,ECONOMY,AVAILABLE,0
SEC_STD01_C_R44_S31,SEC_STD01_C,44,R44-S31,ECONOMY,AVAILABLE,0
SEC_STD01_C_R44_S32,SEC_STD01_C,44,R44-S32,ECONOMY,AVAILABLE,0
SEC_STD01_C_R44_S33,SEC_STD01_C,44,R44-S33,ECONOMY,AVAILABLE,0
SEC_STD01_C_R44_S34,SEC_STD01_C,44,R44-S34,ECONOMY,AVAILABLE,0
SEC_STD01_C_R44_S35,SEC_STD01_C,44,R44-S35,ECONOMY,AVAILABLE,0
SEC_STD01_C_R44_S36,SEC_STD01_C,44,R44-S36,ECONOMY,AVAILABLE,0
SEC_STD01_C_R44_S37,SEC_STD01_C,44,R44-S37,ECONOMY,AVAILABLE,0
SEC_STD01_C_R44_S38,SEC_STD01_C,44,R44-S38,ECONOMY,AVAILABLE,0
SEC_STD01_C_R44_S39,SEC_STD01_C,44,R44-S39,ECONOMY,AVAILABLE,0
SEC_STD01_C_R44_S40,SEC_STD01_C,44,R44-S40,ECONOMY,AVAILABLE,0
SEC_STD01_C_R44_S41,SEC_STD01_C,44,R44-S41,ECONOMY,AVAILABLE,0
SEC_STD01_C_R44_S42,SEC_STD01_C,44,R44-S42,ECONOMY,AVAILABLE,0
SEC_STD01_C_R44_S43,SEC_STD01_C,44,R44-S43,ECONOMY,AVAILABLE,0
SEC_STD01_C_R44_S44,SEC_STD01_C,44,R44-S44,ECONOMY,AVAILABLE,0
SEC_STD01_C_R44_S45,SEC_STD01_C,44,R44-S45,ECONOMY,AVAILABLE,0
SEC_STD01_C_R44_S46,SEC_STD01_C,44,R44-S46,ECONOMY,AVAILABLE,0
SEC_STD01_C_R44_S47,SEC_STD01_C,44,R44-S47,ECONOMY,AVAILABLE,0
SEC_STD01_C_R44_S48,SEC_STD01_C,44,R44-S48,ECONOMY,AVAILABLE,0
SEC_STD01_C_R44_S49,SEC_STD01_C,44,R44-S49,ECONOMY,AVAILABLE,0
SEC_STD01_C_R44_S50,SEC_STD01_C,44,R44-S50,ECONOMY,AVAILABLE,0
SEC_STD01_C_R45_S01,SEC_STD01_C,45,R45-S01,ECONOMY,AVAILABLE,0
SEC_STD01_C_R45_S02,SEC_STD01_C,45,R45-S02,ECONOMY,AVAILABLE,0
SEC_STD01_C_R45_S03,SEC_STD01_C,45,R45-S03,ECONOMY,AVAILABLE,0
SEC_STD01_C_R45_S04,SEC_STD01_C,45,R45-S04,ECONOMY,AVAILABLE,0
SEC_STD01_C_R45_S05,SEC_STD01_C,45,R45-S05,ECONOMY,AVAILABLE,0
SEC_STD01_C_R45_S06,SEC_STD01_C,45,R45-S06,ECONOMY,AVAILABLE,0
SEC_STD01_C_R45_S07,SEC_STD01_C,45,R45-S07,ECONOMY,AVAILABLE,0
SEC_STD01_C_R45_S08,SEC_STD01_C,45,R45-S08,ECONOMY,AVAILABLE,0
SEC_STD01_C_R45_S09,SEC_STD01_C,45,R45-S09,ECONOMY,AVAILABLE,0
SEC_STD01_C_R45_S10,SEC_STD01_C,45,R45-S10,ECONOMY,AVAILABLE,0
SEC_STD01_C_R45_S11,SEC_STD01_C,45,R45-S11,ECONOMY,AVAILABLE,0
SEC_STD01_C_R45_S12,SEC_STD01_C,45,R45-S12,ECONOMY,AVAILABLE,0
SEC_STD01_C_R45_S13,SEC_STD01_C,45,R45-S13,ECONOMY,AVAILABLE,0
SEC_STD01_C_R45_S14,SEC_STD01_C,45,R45-S14,ECONOMY,AVAILABLE,0
SEC_STD01_C_R45_S15,SEC_STD01_C,45,R45-S15,ECONOMY,AVAILABLE,0
SEC_STD01_C_R45_S16,SEC_STD01_C,45,R45-S16,ECONOMY,AVAILABLE,0
SEC_STD01_C_R45_S17,SEC_STD01_C,45,R45-S17,ECONOMY,AVAILABLE,0
SEC_STD01_C_R45_S18,SEC_STD01_C,45,R45-S18,ECONOMY,AVAILABLE,0
SEC_STD01_C_R45_S19,SEC_STD01_C,45,R45-S19,ECONOMY,AVAILABLE,0
SEC_STD01_C_R45_S20,SEC_STD01_C,45,R45-S20,ECONOMY,AVAILABLE,0
SEC_STD01_C_R45_S21,SEC_STD01_C,45,R45-S21,ECONOMY,AVAILABLE,0
SEC_STD01_C_R45_S22,SEC_STD01_C,45,R45-S22,ECONOMY,AVAILABLE,0
SEC_STD01_C_R45_S23,SEC_STD01_C,45,R45-S23,ECONOMY,AVAILABLE,0
SEC_STD01_C_R45_S24,SEC_STD01_C,45,R45-S24,ECONOMY,AVAILABLE,0
SEC_STD01_C_R45_S25,SEC_STD01_C,45,R45-S25,ECONOMY,AVAILABLE,0
SEC_STD01_C_R45_S26,SEC_STD01_C,45,R45-S26,ECONOMY,AVAILABLE,0
SEC_STD01_C_R45_S27,SEC_STD01_C,45,R45-S27,ECONOMY,AVAILABLE,0
SEC_STD01_C_R45_S28,SEC_STD01_C,45,R45-S28,ECONOMY,AVAILABLE,0
SEC_STD01_C_R45_S29,SEC_STD01_C,45,R45-S29,ECONOMY,AVAILABLE,0
SEC_STD01_C_R45_S30,SEC_STD01_C,45,R45-S30,ECONOMY,AVAILABLE,0
SEC_STD01_C_R45_S31,SEC_STD01_C,45,R45-S31,ECONOMY,AVAILABLE,0
SEC_STD01_C_R45_S32,SEC_STD01_C,45,R45-S32,ECONOMY,AVAILABLE,0
SEC_STD01_C_R45_S33,SEC_STD01_C,45,R45-S33,ECONOMY,AVAILABLE,0
SEC_STD01_C_R45_S34,SEC_STD01_C,45,R45-S34,ECONOMY,AVAILABLE,0
SEC_STD01_C_R45_S35,SEC_STD01_C,45,R45-S35,ECONOMY,AVAILABLE,0
SEC_STD01_C_R45_S36,SEC_STD01_C,45,R45-S36,ECONOMY,AVAILABLE,0
SEC_STD01_C_R45_S37,SEC_STD01_C,45,R45-S37,ECONOMY,AVAILABLE,0
SEC_STD01_C_R45_S38,SEC_STD01_C,45,R45-S38,ECONOMY,AVAILABLE,0
SEC_STD01_C_R45_S39,SEC_STD01_C,45,R45-S39,ECONOMY,AVAILABLE,0
SEC_STD01_C_R45_S40,SEC_STD01_C,45,R45-S40,ECONOMY,AVAILABLE,0
SEC_STD01_C_R45_S41,SEC_STD01_C,45,R45-S41,ECONOMY,AVAILABLE,0
SEC_STD01_C_R45_S42,SEC_STD01_C,45,R45-S42,ECONOMY,AVAILABLE,0
SEC_STD01_C_R45_S43,SEC_STD01_C,45,R45-S43,ECONOMY,AVAILABLE,0
SEC_STD01_C_R45_S44,SEC_STD01_C,45,R45-S44,ECONOMY,AVAILABLE,0
SEC_STD01_C_R45_S45,SEC_STD01_C,45,R45-S45,ECONOMY,AVAILABLE,0
SEC_STD01_C_R45_S46,SEC_STD01_C,45,R45-S46,ECONOMY,AVAILABLE,0
SEC_STD01_C_R45_S47,SEC_STD01_C,45,R45-S47,ECONOMY,AVAILABLE,0
SEC_STD01_C_R45_S48,SEC_STD01_C,45,R45-S48,ECONOMY,AVAILABLE,0
SEC_STD01_C_R45_S49,SEC_STD01_C,45,R45-S49,ECONOMY,AVAILABLE,0
SEC_STD01_C_R45_S50,SEC_STD01_C,45,R45-S50,ECONOMY,AVAILABLE,0
SEC_STD01_C_R46_S01,SEC_STD01_C,46,R46-S01,ECONOMY,AVAILABLE,0
SEC_STD01_C_R46_S02,SEC_STD01_C,46,R46-S02,ECONOMY,AVAILABLE,0
SEC_STD01_C_R46_S03,SEC_STD01_C,46,R46-S03,ECONOMY,AVAILABLE,0
SEC_STD01_C_R46_S04,SEC_STD01_C,46,R46-S04,ECONOMY,AVAILABLE,0
SEC_STD01_C_R46_S05,SEC_STD01_C,46,R46-S05,ECONOMY,AVAILABLE,0
SEC_STD01_C_R46_S06,SEC_STD01_C,46,R46-S06,ECONOMY,AVAILABLE,0
SEC_STD01_C_R46_S07,SEC_STD01_C,46,R46-S07,ECONOMY,AVAILABLE,0
SEC_STD01_C_R46_S08,SEC_STD01_C,46,R46-S08,ECONOMY,AVAILABLE,0
SEC_STD01_C_R46_S09,SEC_STD01_C,46,R46-S09,ECONOMY,AVAILABLE,0
SEC_STD01_C_R46_S10,SEC_STD01_C,46,R46-S10,ECONOMY,AVAILABLE,0
SEC_STD01_C_R46_S11,SEC_STD01_C,46,R46-S11,ECONOMY,AVAILABLE,0
SEC_STD01_C_R46_S12,SEC_STD01_C,46,R46-S12,ECONOMY,AVAILABLE,0
SEC_STD01_C_R46_S13,SEC_STD01_C,46,R46-S13,ECONOMY,AVAILABLE,0
SEC_STD01_C_R46_S14,SEC_STD01_C,46,R46-S14,ECONOMY,AVAILABLE,0
SEC_STD01_C_R46_S15,SEC_STD01_C,46,R46-S15,ECONOMY,AVAILABLE,0
SEC_STD01_C_R46_S16,SEC_STD01_C,46,R46-S16,ECONOMY,AVAILABLE,0
SEC_STD01_C_R46_S17,SEC_STD01_C,46,R46-S17,ECONOMY,AVAILABLE,0
SEC_STD01_C_R46_S18,SEC_STD01_C,46,R46-S18,ECONOMY,AVAILABLE,0
SEC_STD01_C_R46_S19,SEC_STD01_C,46,R46-S19,ECONOMY,AVAILABLE,0
SEC_STD01_C_R46_S20,SEC_STD01_C,46,R46-S20,ECONOMY,AVAILABLE,0
SEC_STD01_C_R46_S21,SEC_STD01_C,46,R46-S21,ECONOMY,AVAILABLE,0
SEC_STD01_C_R46_S22,SEC_STD01_C,46,R46-S22,ECONOMY,AVAILABLE,0
SEC_STD01_C_R46_S23,SEC_STD01_C,46,R46-S23,ECONOMY,AVAILABLE,0
SEC_STD01_C_R46_S24,SEC_STD01_C,46,R46-S24,ECONOMY,AVAILABLE,0
SEC_STD01_C_R46_S25,SEC_STD01_C,46,R46-S25,ECONOMY,AVAILABLE,0
SEC_STD01_C_R46_S26,SEC_STD01_C,46,R46-S26,ECONOMY,AVAILABLE,0
SEC_STD01_C_R46_S27,SEC_STD01_C,46,R46-S27,ECONOMY,AVAILABLE,0
SEC_STD01_C_R46_S28,SEC_STD01_C,46,R46-S28,ECONOMY,AVAILABLE,0
SEC_STD01_C_R46_S29,SEC_STD01_C,46,R46-S29,ECONOMY,AVAILABLE,0
SEC_STD01_C_R46_S30,SEC_STD01_C,46,R46-S30,ECONOMY,AVAILABLE,0
SEC_STD01_C_R46_S31,SEC_STD01_C,46,R46-S31,ECONOMY,AVAILABLE,0
SEC_STD01_C_R46_S32,SEC_STD01_C,46,R46-S32,ECONOMY,AVAILABLE,0
SEC_STD01_C_R46_S33,SEC_STD01_C,46,R46-S33,ECONOMY,AVAILABLE,0
SEC_STD01_C_R46_S34,SEC_STD01_C,46,R46-S34,ECONOMY,AVAILABLE,0
SEC_STD01_C_R46_S35,SEC_STD01_C,46,R46-S35,ECONOMY,AVAILABLE,0
SEC_STD01_C_R46_S36,SEC_STD01_C,46,R46-S36,ECONOMY,AVAILABLE,0
SEC_STD01_C_R46_S37,SEC_STD01_C,46,R46-S37,ECONOMY,AVAILABLE,0
SEC_STD01_C_R46_S38,SEC_STD01_C,46,R46-S38,ECONOMY,AVAILABLE,0
SEC_STD01_C_R46_S39,SEC_STD01_C,46,R46-S39,ECONOMY,AVAILABLE,0
SEC_STD01_C_R46_S40,SEC_STD01_C,46,R46-S40,ECONOMY,AVAILABLE,0
SEC_STD01_C_R46_S41,SEC_STD01_C,46,R46-S41,ECONOMY,AVAILABLE,0
SEC_STD01_C_R46_S42,SEC_STD01_C,46,R46-S42,ECONOMY,AVAILABLE,0
SEC_STD01_C_R46_S43,SEC_STD01_C,46,R46-S43,ECONOMY,AVAILABLE,0
SEC_STD01_C_R46_S44,SEC_STD01_C,46,R46-S44,ECONOMY,AVAILABLE,0
SEC_STD01_C_R46_S45,SEC_STD01_C,46,R46-S45,ECONOMY,AVAILABLE,0
SEC_STD01_C_R46_S46,SEC_STD01_C,46,R46-S46,ECONOMY,AVAILABLE,0
SEC_STD01_C_R46_S47,SEC_STD01_C,46,R46-S47,ECONOMY,AVAILABLE,0
SEC_STD01_C_R46_S48,SEC_STD01_C,46,R46-S48,ECONOMY,AVAILABLE,0
SEC_STD01_C_R46_S49,SEC_STD01_C,46,R46-S49,ECONOMY,AVAILABLE,0
SEC_STD01_C_R46_S50,SEC_STD01_C,46,R46-S50,ECONOMY,AVAILABLE,0
SEC_STD01_C_R47_S01,SEC_STD01_C,47,R47-S01,ECONOMY,AVAILABLE,0
SEC_STD01_C_R47_S02,SEC_STD01_C,47,R47-S02,ECONOMY,AVAILABLE,0
SEC_STD01_C_R47_S03,SEC_STD01_C,47,R47-S03,ECONOMY,AVAILABLE,0
SEC_STD01_C_R47_S04,SEC_STD01_C,47,R47-S04,ECONOMY,AVAILABLE,0
SEC_STD01_C_R47_S05,SEC_STD01_C,47,R47-S05,ECONOMY,AVAILABLE,0
SEC_STD01_C_R47_S06,SEC_STD01_C,47,R47-S06,ECONOMY,AVAILABLE,0
SEC_STD01_C_R47_S07,SEC_STD01_C,47,R47-S07,ECONOMY,AVAILABLE,0
SEC_STD01_C_R47_S08,SEC_STD01_C,47,R47-S08,ECONOMY,AVAILABLE,0
SEC_STD01_C_R47_S09,SEC_STD01_C,47,R47-S09,ECONOMY,AVAILABLE,0
SEC_STD01_C_R47_S10,SEC_STD01_C,47,R47-S10,ECONOMY,AVAILABLE,0
SEC_STD01_C_R47_S11,SEC_STD01_C,47,R47-S11,ECONOMY,AVAILABLE,0
SEC_STD01_C_R47_S12,SEC_STD01_C,47,R47-S12,ECONOMY,AVAILABLE,0
SEC_STD01_C_R47_S13,SEC_STD01_C,47,R47-S13,ECONOMY,AVAILABLE,0
SEC_STD01_C_R47_S14,SEC_STD01_C,47,R47-S14,ECONOMY,AVAILABLE,0
SEC_STD01_C_R47_S15,SEC_STD01_C,47,R47-S15,ECONOMY,AVAILABLE,0
SEC_STD01_C_R47_S16,SEC_STD01_C,47,R47-S16,ECONOMY,AVAILABLE,0
SEC_STD01_C_R47_S17,SEC_STD01_C,47,R47-S17,ECONOMY,AVAILABLE,0
SEC_STD01_C_R47_S18,SEC_STD01_C,47,R47-S18,ECONOMY,AVAILABLE,0
SEC_STD01_C_R47_S19,SEC_STD01_C,47,R47-S19,ECONOMY,AVAILABLE,0
SEC_STD01_C_R47_S20,SEC_STD01_C,47,R47-S20,ECONOMY,AVAILABLE,0
SEC_STD01_C_R47_S21,SEC_STD01_C,47,R47-S21,ECONOMY,AVAILABLE,0
SEC_STD01_C_R47_S22,SEC_STD01_C,47,R47-S22,ECONOMY,AVAILABLE,0
SEC_STD01_C_R47_S23,SEC_STD01_C,47,R47-S23,ECONOMY,AVAILABLE,0
SEC_STD01_C_R47_S24,SEC_STD01_C,47,R47-S24,ECONOMY,AVAILABLE,0
SEC_STD01_C_R47_S25,SEC_STD01_C,47,R47-S25,ECONOMY,AVAILABLE,0
SEC_STD01_C_R47_S26,SEC_STD01_C,47,R47-S26,ECONOMY,AVAILABLE,0
SEC_STD01_C_R47_S27,SEC_STD01_C,47,R47-S27,ECONOMY,AVAILABLE,0
SEC_STD01_C_R47_S28,SEC_STD01_C,47,R47-S28,ECONOMY,AVAILABLE,0
SEC_STD01_C_R47_S29,SEC_STD01_C,47,R47-S29,ECONOMY,AVAILABLE,0
SEC_STD01_C_R47_S30,SEC_STD01_C,47,R47-S30,ECONOMY,AVAILABLE,0
SEC_STD01_C_R47_S31,SEC_STD01_C,47,R47-S31,ECONOMY,AVAILABLE,0
SEC_STD01_C_R47_S32,SEC_STD01_C,47,R47-S32,ECONOMY,AVAILABLE,0
SEC_STD01_C_R47_S33,SEC_STD01_C,47,R47-S33,ECONOMY,AVAILABLE,0
SEC_STD01_C_R47_S34,SEC_STD01_C,47,R47-S34,ECONOMY,AVAILABLE,0
SEC_STD01_C_R47_S35,SEC_STD01_C,47,R47-S35,ECONOMY,AVAILABLE,0
SEC_STD01_C_R47_S36,SEC_STD01_C,47,R47-S36,ECONOMY,AVAILABLE,0
SEC_STD01_C_R47_S37,SEC_STD01_C,47,R47-S37,ECONOMY,AVAILABLE,0
SEC_STD01_C_R47_S38,SEC_STD01_C,47,R47-S38,ECONOMY,AVAILABLE,0
SEC_STD01_C_R47_S39,SEC_STD01_C,47,R47-S39,ECONOMY,AVAILABLE,0
SEC_STD01_C_R47_S40,SEC_STD01_C,47,R47-S40,ECONOMY,AVAILABLE,0
SEC_STD01_C_R47_S41,SEC_STD01_C,47,R47-S41,ECONOMY,AVAILABLE,0
SEC_STD01_C_R47_S42,SEC_STD01_C,47,R47-S42,ECONOMY,AVAILABLE,0
SEC_STD01_C_R47_S43,SEC_STD01_C,47,R47-S43,ECONOMY,AVAILABLE,0
SEC_STD01_C_R47_S44,SEC_STD01_C,47,R47-S44,ECONOMY,AVAILABLE,0
SEC_STD01_C_R47_S45,SEC_STD01_C,47,R47-S45,ECONOMY,AVAILABLE,0
SEC_STD01_C_R47_S46,SEC_STD01_C,47,R47-S46,ECONOMY,AVAILABLE,0
SEC_STD01_C_R47_S47,SEC_STD01_C,47,R47-S47,ECONOMY,AVAILABLE,0
SEC_STD01_C_R47_S48,SEC_STD01_C,47,R47-S48,ECONOMY,AVAILABLE,0
SEC_STD01_C_R47_S49,SEC_STD01_C,47,R47-S49,ECONOMY,AVAILABLE,0
SEC_STD01_C_R47_S50,SEC_STD01_C,47,R47-S50,ECONOMY,AVAILABLE,0
SEC_STD01_C_R48_S01,SEC_STD01_C,48,R48-S01,ECONOMY,AVAILABLE,0
SEC_STD01_C_R48_S02,SEC_STD01_C,48,R48-S02,ECONOMY,AVAILABLE,0
SEC_STD01_C_R48_S03,SEC_STD01_C,48,R48-S03,ECONOMY,AVAILABLE,0
SEC_STD01_C_R48_S04,SEC_STD01_C,48,R48-S04,ECONOMY,AVAILABLE,0
SEC_STD01_C_R48_S05,SEC_STD01_C,48,R48-S05,ECONOMY,AVAILABLE,0
SEC_STD01_C_R48_S06,SEC_STD01_C,48,R48-S06,ECONOMY,AVAILABLE,0
SEC_STD01_C_R48_S07,SEC_STD01_C,48,R48-S07,ECONOMY,AVAILABLE,0
SEC_STD01_C_R48_S08,SEC_STD01_C,48,R48-S08,ECONOMY,AVAILABLE,0
SEC_STD01_C_R48_S09,SEC_STD01_C,48,R48-S09,ECONOMY,AVAILABLE,0
SEC_STD01_C_R48_S10,SEC_STD01_C,48,R48-S10,ECONOMY,AVAILABLE,0
SEC_STD01_C_R48_S11,SEC_STD01_C,48,R48-S11,ECONOMY,AVAILABLE,0
SEC_STD01_C_R48_S12,SEC_STD01_C,48,R48-S12,ECONOMY,AVAILABLE,0
SEC_STD01_C_R48_S13,SEC_STD01_C,48,R48-S13,ECONOMY,AVAILABLE,0
SEC_STD01_C_R48_S14,SEC_STD01_C,48,R48-S14,ECONOMY,AVAILABLE,0
SEC_STD01_C_R48_S15,SEC_STD01_C,48,R48-S15,ECONOMY,AVAILABLE,0
SEC_STD01_C_R48_S16,SEC_STD01_C,48,R48-S16,ECONOMY,AVAILABLE,0
SEC_STD01_C_R48_S17,SEC_STD01_C,48,R48-S17,ECONOMY,AVAILABLE,0
SEC_STD01_C_R48_S18,SEC_STD01_C,48,R48-S18,ECONOMY,AVAILABLE,0
SEC_STD01_C_R48_S19,SEC_STD01_C,48,R48-S19,ECONOMY,AVAILABLE,0
SEC_STD01_C_R48_S20,SEC_STD01_C,48,R48-S20,ECONOMY,AVAILABLE,0
SEC_STD01_C_R48_S21,SEC_STD01_C,48,R48-S21,ECONOMY,AVAILABLE,0
SEC_STD01_C_R48_S22,SEC_STD01_C,48,R48-S22,ECONOMY,AVAILABLE,0
SEC_STD01_C_R48_S23,SEC_STD01_C,48,R48-S23,ECONOMY,AVAILABLE,0
SEC_STD01_C_R48_S24,SEC_STD01_C,48,R48-S24,ECONOMY,AVAILABLE,0
SEC_STD01_C_R48_S25,SEC_STD01_C,48,R48-S25,ECONOMY,AVAILABLE,0
SEC_STD01_C_R48_S26,SEC_STD01_C,48,R48-S26,ECONOMY,AVAILABLE,0
SEC_STD01_C_R48_S27,SEC_STD01_C,48,R48-S27,ECONOMY,AVAILABLE,0
SEC_STD01_C_R48_S28,SEC_STD01_C,48,R48-S28,ECONOMY,AVAILABLE,0
SEC_STD01_C_R48_S29,SEC_STD01_C,48,R48-S29,ECONOMY,AVAILABLE,0
SEC_STD01_C_R48_S30,SEC_STD01_C,48,R48-S30,ECONOMY,AVAILABLE,0
SEC_STD01_C_R48_S31,SEC_STD01_C,48,R48-S31,ECONOMY,AVAILABLE,0
SEC_STD01_C_R48_S32,SEC_STD01_C,48,R48-S32,ECONOMY,AVAILABLE,0
SEC_STD01_C_R48_S33,SEC_STD01_C,48,R48-S33,ECONOMY,AVAILABLE,0
SEC_STD01_C_R48_S34,SEC_STD01_C,48,R48-S34,ECONOMY,AVAILABLE,0
SEC_STD01_C_R48_S35,SEC_STD01_C,48,R48-S35,ECONOMY,AVAILABLE,0
SEC_STD01_C_R48_S36,SEC_STD01_C,48,R48-S36,ECONOMY,AVAILABLE,0
SEC_STD01_C_R48_S37,SEC_STD01_C,48,R48-S37,ECONOMY,AVAILABLE,0
SEC_STD01_C_R48_S38,SEC_STD01_C,48,R48-S38,ECONOMY,AVAILABLE,0
SEC_STD01_C_R48_S39,SEC_STD01_C,48,R48-S39,ECONOMY,AVAILABLE,0
SEC_STD01_C_R48_S40,SEC_STD01_C,48,R48-S40,ECONOMY,AVAILABLE,0
SEC_STD01_C_R48_S41,SEC_STD01_C,48,R48-S41,ECONOMY,AVAILABLE,0
SEC_STD01_C_R48_S42,SEC_STD01_C,48,R48-S42,ECONOMY,AVAILABLE,0
SEC_STD01_C_R48_S43,SEC_STD01_C,48,R48-S43,ECONOMY,AVAILABLE,0
SEC_STD01_C_R48_S44,SEC_STD01_C,48,R48-S44,ECONOMY,AVAILABLE,0
SEC_STD01_C_R48_S45,SEC_STD01_C,48,R48-S45,ECONOMY,AVAILABLE,0
SEC_STD01_C_R48_S46,SEC_STD01_C,48,R48-S46,ECONOMY,AVAILABLE,0
SEC_STD01_C_R48_S47,SEC_STD01_C,48,R48-S47,ECONOMY,AVAILABLE,0
SEC_STD01_C_R48_S48,SEC_STD01_C,48,R48-S48,ECONOMY,AVAILABLE,0
SEC_STD01_C_R48_S49,SEC_STD01_C,48,R48-S49,ECONOMY,AVAILABLE,0
SEC_STD01_C_R48_S50,SEC_STD01_C,48,R48-S50,ECONOMY,AVAILABLE,0
SEC_STD01_C_R49_S01,SEC_STD01_C,49,R49-S01,ECONOMY,AVAILABLE,0
SEC_STD01_C_R49_S02,SEC_STD01_C,49,R49-S02,ECONOMY,AVAILABLE,0
SEC_STD01_C_R49_S03,SEC_STD01_C,49,R49-S03,ECONOMY,AVAILABLE,0
SEC_STD01_C_R49_S04,SEC_STD01_C,49,R49-S04,ECONOMY,AVAILABLE,0
SEC_STD01_C_R49_S05,SEC_STD01_C,49,R49-S05,ECONOMY,AVAILABLE,0
SEC_STD01_C_R49_S06,SEC_STD01_C,49,R49-S06,ECONOMY,AVAILABLE,0
SEC_STD01_C_R49_S07,SEC_STD01_C,49,R49-S07,ECONOMY,AVAILABLE,0
SEC_STD01_C_R49_S08,SEC_STD01_C,49,R49-S08,ECONOMY,AVAILABLE,0
SEC_STD01_C_R49_S09,SEC_STD01_C,49,R49-S09,ECONOMY,AVAILABLE,0
SEC_STD01_C_R49_S10,SEC_STD01_C,49,R49-S10,ECONOMY,AVAILABLE,0
SEC_STD01_C_R49_S11,SEC_STD01_C,49,R49-S11,ECONOMY,AVAILABLE,0
SEC_STD01_C_R49_S12,SEC_STD01_C,49,R49-S12,ECONOMY,AVAILABLE,0
SEC_STD01_C_R49_S13,SEC_STD01_C,49,R49-S13,ECONOMY,AVAILABLE,0
SEC_STD01_C_R49_S14,SEC_STD01_C,49,R49-S14,ECONOMY,AVAILABLE,0
SEC_STD01_C_R49_S15,SEC_STD01_C,49,R49-S15,ECONOMY,AVAILABLE,0
SEC_STD01_C_R49_S16,SEC_STD01_C,49,R49-S16,ECONOMY,AVAILABLE,0
SEC_STD01_C_R49_S17,SEC_STD01_C,49,R49-S17,ECONOMY,AVAILABLE,0
SEC_STD01_C_R49_S18,SEC_STD01_C,49,R49-S18,ECONOMY,AVAILABLE,0
SEC_STD01_C_R49_S19,SEC_STD01_C,49,R49-S19,ECONOMY,AVAILABLE,0
SEC_STD01_C_R49_S20,SEC_STD01_C,49,R49-S20,ECONOMY,AVAILABLE,0
SEC_STD01_C_R49_S21,SEC_STD01_C,49,R49-S21,ECONOMY,AVAILABLE,0
SEC_STD01_C_R49_S22,SEC_STD01_C,49,R49-S22,ECONOMY,AVAILABLE,0
SEC_STD01_C_R49_S23,SEC_STD01_C,49,R49-S23,ECONOMY,AVAILABLE,0
SEC_STD01_C_R49_S24,SEC_STD01_C,49,R49-S24,ECONOMY,AVAILABLE,0
SEC_STD01_C_R49_S25,SEC_STD01_C,49,R49-S25,ECONOMY,AVAILABLE,0
SEC_STD01_C_R49_S26,SEC_STD01_C,49,R49-S26,ECONOMY,AVAILABLE,0
SEC_STD01_C_R49_S27,SEC_STD01_C,49,R49-S27,ECONOMY,AVAILABLE,0
SEC_STD01_C_R49_S28,SEC_STD01_C,49,R49-S28,ECONOMY,AVAILABLE,0
SEC_STD01_C_R49_S29,SEC_STD01_C,49,R49-S29,ECONOMY,AVAILABLE,0
SEC_STD01_C_R49_S30,SEC_STD01_C,49,R49-S30,ECONOMY,AVAILABLE,0
SEC_STD01_C_R49_S31,SEC_STD01_C,49,R49-S31,ECONOMY,AVAILABLE,0
SEC_STD01_C_R49_S32,SEC_STD01_C,49,R49-S32,ECONOMY,AVAILABLE,0
SEC_STD01_C_R49_S33,SEC_STD01_C,49,R49-S33,ECONOMY,AVAILABLE,0
SEC_STD01_C_R49_S34,SEC_STD01_C,49,R49-S34,ECONOMY,AVAILABLE,0
SEC_STD01_C_R49_S35,SEC_STD01_C,49,R49-S35,ECONOMY,AVAILABLE,0
SEC_STD01_C_R49_S36,SEC_STD01_C,49,R49-S36,ECONOMY,AVAILABLE,0
SEC_STD01_C_R49_S37,SEC_STD01_C,49,R49-S37,ECONOMY,AVAILABLE,0
SEC_STD01_C_R49_S38,SEC_STD01_C,49,R49-S38,ECONOMY,AVAILABLE,0
SEC_STD01_C_R49_S39,SEC_STD01_C,49,R49-S39,ECONOMY,AVAILABLE,0
SEC_STD01_C_R49_S40,SEC_STD01_C,49,R49-S40,ECONOMY,AVAILABLE,0
SEC_STD01_C_R49_S41,SEC_STD01_C,49,R49-S41,ECONOMY,AVAILABLE,0
SEC_STD01_C_R49_S42,SEC_STD01_C,49,R49-S42,ECONOMY,AVAILABLE,0
SEC_STD01_C_R49_S43,SEC_STD01_C,49,R49-S43,ECONOMY,AVAILABLE,0
SEC_STD01_C_R49_S44,SEC_STD01_C,49,R49-S44,ECONOMY,AVAILABLE,0
SEC_STD01_C_R49_S45,SEC_STD01_C,49,R49-S45,ECONOMY,AVAILABLE,0
SEC_STD01_C_R49_S46,SEC_STD01_C,49,R49-S46,ECONOMY,AVAILABLE,0
SEC_STD01_C_R49_S47,SEC_STD01_C,49,R49-S47,ECONOMY,AVAILABLE,0
SEC_STD01_C_R49_S48,SEC_STD01_C,49,R49-S48,ECONOMY,AVAILABLE,0
SEC_STD01_C_R49_S49,SEC_STD01_C,49,R49-S49,ECONOMY,AVAILABLE,0
SEC_STD01_C_R49_S50,SEC_STD01_C,49,R49-S50,ECONOMY,AVAILABLE,0
SEC_STD01_C_R50_S01,SEC_STD01_C,50,R50-S01,ECONOMY,AVAILABLE,0
SEC_STD01_C_R50_S02,SEC_STD01_C,50,R50-S02,ECONOMY,AVAILABLE,0
SEC_STD01_C_R50_S03,SEC_STD01_C,50,R50-S03,ECONOMY,AVAILABLE,0
SEC_STD01_C_R50_S04,SEC_STD01_C,50,R50-S04,ECONOMY,AVAILABLE,0
SEC_STD01_C_R50_S05,SEC_STD01_C,50,R50-S05,ECONOMY,AVAILABLE,0
SEC_STD01_C_R50_S06,SEC_STD01_C,50,R50-S06,ECONOMY,AVAILABLE,0
SEC_STD01_C_R50_S07,SEC_STD01_C,50,R50-S07,ECONOMY,AVAILABLE,0
SEC_STD01_C_R50_S08,SEC_STD01_C,50,R50-S08,ECONOMY,AVAILABLE,0
SEC_STD01_C_R50_S09,SEC_STD01_C,50,R50-S09,ECONOMY,AVAILABLE,0
SEC_STD01_C_R50_S10,SEC_STD01_C,50,R50-S10,ECONOMY,AVAILABLE,0
SEC_STD01_C_R50_S11,SEC_STD01_C,50,R50-S11,ECONOMY,AVAILABLE,0
SEC_STD01_C_R50_S12,SEC_STD01_C,50,R50-S12,ECONOMY,AVAILABLE,0
SEC_STD01_C_R50_S13,SEC_STD01_C,50,R50-S13,ECONOMY,AVAILABLE,0
SEC_STD01_C_R50_S14,SEC_STD01_C,50,R50-S14,ECONOMY,AVAILABLE,0
SEC_STD01_C_R50_S15,SEC_STD01_C,50,R50-S15,ECONOMY,AVAILABLE,0
SEC_STD01_C_R50_S16,SEC_STD01_C,50,R50-S16,ECONOMY,AVAILABLE,0
SEC_STD01_C_R50_S17,SEC_STD01_C,50,R50-S17,ECONOMY,AVAILABLE,0
SEC_STD01_C_R50_S18,SEC_STD01_C,50,R50-S18,ECONOMY,AVAILABLE,0
SEC_STD01_C_R50_S19,SEC_STD01_C,50,R50-S19,ECONOMY,AVAILABLE,0
SEC_STD01_C_R50_S20,SEC_STD01_C,50,R50-S20,ECONOMY,AVAILABLE,0
SEC_STD01_C_R50_S21,SEC_STD01_C,50,R50-S21,ECONOMY,AVAILABLE,0
SEC_STD01_C_R50_S22,SEC_STD01_C,50,R50-S22,ECONOMY,AVAILABLE,0
SEC_STD01_C_R50_S23,SEC_STD01_C,50,R50-S23,ECONOMY,AVAILABLE,0
SEC_STD01_C_R50_S24,SEC_STD01_C,50,R50-S24,ECONOMY,AVAILABLE,0
SEC_STD01_C_R50_S25,SEC_STD01_C,50,R50-S25,ECONOMY,AVAILABLE,0
SEC_STD01_C_R50_S26,SEC_STD01_C,50,R50-S26,ECONOMY,AVAILABLE,0
SEC_STD01_C_R50_S27,SEC_STD01_C,50,R50-S27,ECONOMY,AVAILABLE,0
SEC_STD01_C_R50_S28,SEC_STD01_C,50,R50-S28,ECONOMY,AVAILABLE,0
SEC_STD01_C_R50_S29,SEC_STD01_C,50,R50-S29,ECONOMY,AVAILABLE,0
SEC_STD01_C_R50_S30,SEC_STD01_C,50,R50-S30,ECONOMY,AVAILABLE,0
SEC_STD01_C_R50_S31,SEC_STD01_C,50,R50-S31,ECONOMY,AVAILABLE,0
SEC_STD01_C_R50_S32,SEC_STD01_C,50,R50-S32,ECONOMY,AVAILABLE,0
SEC_STD01_C_R50_S33,SEC_STD01_C,50,R50-S33,ECONOMY,AVAILABLE,0
SEC_STD01_C_R50_S34,SEC_STD01_C,50,R50-S34,ECONOMY,AVAILABLE,0
SEC_STD01_C_R50_S35,SEC_STD01_C,50,R50-S35,ECONOMY,AVAILABLE,0
SEC_STD01_C_R50_S36,SEC_STD01_C,50,R50-S36,ECONOMY,AVAILABLE,0
SEC_STD01_C_R50_S37,SEC_STD01_C,50,R50-S37,ECONOMY,AVAILABLE,0
SEC_STD01_C_R50_S38,SEC_STD01_C,50,R50-S38,ECONOMY,AVAILABLE,0
SEC_STD01_C_R50_S39,SEC_STD01_C,50,R50-S39,ECONOMY,AVAILABLE,0
SEC_STD01_C_R50_S40,SEC_STD01_C,50,R50-S40,ECONOMY,AVAILABLE,0
SEC_STD01_C_R50_S41,SEC_STD01_C,50,R50-S41,ECONOMY,AVAILABLE,0
SEC_STD01_C_R50_S42,SEC_STD01_C,50,R50-S42,ECONOMY,AVAILABLE,0
SEC_STD01_C_R50_S43,SEC_STD01_C,50,R50-S43,ECONOMY,AVAILABLE,0
SEC_STD01_C_R50_S44,SEC_STD01_C,50,R50-S44,ECONOMY,AVAILABLE,0
SEC_STD01_C_R50_S45,SEC_STD01_C,50,R50-S45,ECONOMY,AVAILABLE,0
SEC_STD01_C_R50_S46,SEC_STD01_C,50,R50-S46,ECONOMY,AVAILABLE,0
SEC_STD01_C_R50_S47,SEC_STD01_C,50,R50-S47,ECONOMY,AVAILABLE,0
SEC_STD01_C_R50_S48,SEC_STD01_C,50,R50-S48,ECONOMY,AVAILABLE,0
SEC_STD01_C_R50_S49,SEC_STD01_C,50,R50-S49,ECONOMY,AVAILABLE,0
SEC_STD01_C_R50_S50,SEC_STD01_C,50,R50-S50,ECONOMY,AVAILABLE,0
SEC_STD01_D_R01_S01,SEC_STD01_D,1,R01-S01,STANDING,AVAILABLE,0
SEC_STD01_D_R01_S02,SEC_STD01_D,1,R01-S02,STANDING,AVAILABLE,0
SEC_STD01_D_R01_S03,SEC_STD01_D,1,R01-S03,STANDING,AVAILABLE,0
SEC_STD01_D_R01_S04,SEC_STD01_D,1,R01-S04,STANDING,AVAILABLE,0
SEC_STD01_D_R01_S05,SEC_STD01_D,1,R01-S05,STANDING,AVAILABLE,0
SEC_STD01_D_R01_S06,SEC_STD01_D,1,R01-S06,STANDING,AVAILABLE,0
SEC_STD01_D_R01_S07,SEC_STD01_D,1,R01-S07,STANDING,AVAILABLE,0
SEC_STD01_D_R01_S08,SEC_STD01_D,1,R01-S08,STANDING,AVAILABLE,0
SEC_STD01_D_R01_S09,SEC_STD01_D,1,R01-S09,STANDING,AVAILABLE,0
SEC_STD01_D_R01_S10,SEC_STD01_D,1,R01-S10,STANDING,AVAILABLE,0
SEC_STD01_D_R01_S11,SEC_STD01_D,1,R01-S11,STANDING,AVAILABLE,0
SEC_STD01_D_R01_S12,SEC_STD01_D,1,R01-S12,STANDING,AVAILABLE,0
SEC_STD01_D_R01_S13,SEC_STD01_D,1,R01-S13,STANDING,AVAILABLE,0
SEC_STD01_D_R01_S14,SEC_STD01_D,1,R01-S14,STANDING,AVAILABLE,0
SEC_STD01_D_R01_S15,SEC_STD01_D,1,R01-S15,STANDING,AVAILABLE,0
SEC_STD01_D_R01_S16,SEC_STD01_D,1,R01-S16,STANDING,AVAILABLE,0
SEC_STD01_D_R01_S17,SEC_STD01_D,1,R01-S17,STANDING,AVAILABLE,0
SEC_STD01_D_R01_S18,SEC_STD01_D,1,R01-S18,STANDING,AVAILABLE,0
SEC_STD01_D_R01_S19,SEC_STD01_D,1,R01-S19,STANDING,AVAILABLE,0
SEC_STD01_D_R01_S20,SEC_STD01_D,1,R01-S20,STANDING,AVAILABLE,0
SEC_STD01_D_R01_S21,SEC_STD01_D,1,R01-S21,STANDING,AVAILABLE,0
SEC_STD01_D_R01_S22,SEC_STD01_D,1,R01-S22,STANDING,AVAILABLE,0
SEC_STD01_D_R01_S23,SEC_STD01_D,1,R01-S23,STANDING,AVAILABLE,0
SEC_STD01_D_R01_S24,SEC_STD01_D,1,R01-S24,STANDING,AVAILABLE,0
SEC_STD01_D_R01_S25,SEC_STD01_D,1,R01-S25,STANDING,AVAILABLE,0
SEC_STD01_D_R01_S26,SEC_STD01_D,1,R01-S26,STANDING,AVAILABLE,0
SEC_STD01_D_R01_S27,SEC_STD01_D,1,R01-S27,STANDING,AVAILABLE,0
SEC_STD01_D_R01_S28,SEC_STD01_D,1,R01-S28,STANDING,AVAILABLE,0
SEC_STD01_D_R01_S29,SEC_STD01_D,1,R01-S29,STANDING,AVAILABLE,0
SEC_STD01_D_R01_S30,SEC_STD01_D,1,R01-S30,STANDING,AVAILABLE,0
SEC_STD01_D_R01_S31,SEC_STD01_D,1,R01-S31,STANDING,AVAILABLE,0
SEC_STD01_D_R01_S32,SEC_STD01_D,1,R01-S32,STANDING,AVAILABLE,0
SEC_STD01_D_R01_S33,SEC_STD01_D,1,R01-S33,STANDING,AVAILABLE,0
SEC_STD01_D_R01_S34,SEC_STD01_D,1,R01-S34,STANDING,AVAILABLE,0
SEC_STD01_D_R01_S35,SEC_STD01_D,1,R01-S35,STANDING,AVAILABLE,0
SEC_STD01_D_R01_S36,SEC_STD01_D,1,R01-S36,STANDING,AVAILABLE,0
SEC_STD01_D_R01_S37,SEC_STD01_D,1,R01-S37,STANDING,AVAILABLE,0
SEC_STD01_D_R01_S38,SEC_STD01_D,1,R01-S38,STANDING,AVAILABLE,0
SEC_STD01_D_R01_S39,SEC_STD01_D,1,R01-S39,STANDING,AVAILABLE,0
SEC_STD01_D_R01_S40,SEC_STD01_D,1,R01-S40,STANDING,AVAILABLE,0
SEC_STD01_D_R01_S41,SEC_STD01_D,1,R01-S41,STANDING,AVAILABLE,0
SEC_STD01_D_R01_S42,SEC_STD01_D,1,R01-S42,STANDING,AVAILABLE,0
SEC_STD01_D_R01_S43,SEC_STD01_D,1,R01-S43,STANDING,AVAILABLE,0
SEC_STD01_D_R01_S44,SEC_STD01_D,1,R01-S44,STANDING,AVAILABLE,0
SEC_STD01_D_R01_S45,SEC_STD01_D,1,R01-S45,STANDING,AVAILABLE,0
SEC_STD01_D_R01_S46,SEC_STD01_D,1,R01-S46,STANDING,AVAILABLE,0
SEC_STD01_D_R01_S47,SEC_STD01_D,1,R01-S47,STANDING,AVAILABLE,0
SEC_STD01_D_R01_S48,SEC_STD01_D,1,R01-S48,STANDING,AVAILABLE,0
SEC_STD01_D_R01_S49,SEC_STD01_D,1,R01-S49,STANDING,AVAILABLE,0
SEC_STD01_D_R01_S50,SEC_STD01_D,1,R01-S50,STANDING,AVAILABLE,0
SEC_STD01_D_R02_S01,SEC_STD01_D,2,R02-S01,STANDING,AVAILABLE,0
SEC_STD01_D_R02_S02,SEC_STD01_D,2,R02-S02,STANDING,AVAILABLE,0
SEC_STD01_D_R02_S03,SEC_STD01_D,2,R02-S03,STANDING,AVAILABLE,0
SEC_STD01_D_R02_S04,SEC_STD01_D,2,R02-S04,STANDING,AVAILABLE,0
SEC_STD01_D_R02_S05,SEC_STD01_D,2,R02-S05,STANDING,AVAILABLE,0
SEC_STD01_D_R02_S06,SEC_STD01_D,2,R02-S06,STANDING,AVAILABLE,0
SEC_STD01_D_R02_S07,SEC_STD01_D,2,R02-S07,STANDING,AVAILABLE,0
SEC_STD01_D_R02_S08,SEC_STD01_D,2,R02-S08,STANDING,AVAILABLE,0
SEC_STD01_D_R02_S09,SEC_STD01_D,2,R02-S09,STANDING,AVAILABLE,0
SEC_STD01_D_R02_S10,SEC_STD01_D,2,R02-S10,STANDING,AVAILABLE,0
SEC_STD01_D_R02_S11,SEC_STD01_D,2,R02-S11,STANDING,AVAILABLE,0
SEC_STD01_D_R02_S12,SEC_STD01_D,2,R02-S12,STANDING,AVAILABLE,0
SEC_STD01_D_R02_S13,SEC_STD01_D,2,R02-S13,STANDING,AVAILABLE,0
SEC_STD01_D_R02_S14,SEC_STD01_D,2,R02-S14,STANDING,AVAILABLE,0
SEC_STD01_D_R02_S15,SEC_STD01_D,2,R02-S15,STANDING,AVAILABLE,0
SEC_STD01_D_R02_S16,SEC_STD01_D,2,R02-S16,STANDING,AVAILABLE,0
SEC_STD01_D_R02_S17,SEC_STD01_D,2,R02-S17,STANDING,AVAILABLE,0
SEC_STD01_D_R02_S18,SEC_STD01_D,2,R02-S18,STANDING,AVAILABLE,0
SEC_STD01_D_R02_S19,SEC_STD01_D,2,R02-S19,STANDING,AVAILABLE,0
SEC_STD01_D_R02_S20,SEC_STD01_D,2,R02-S20,STANDING,AVAILABLE,0
SEC_STD01_D_R02_S21,SEC_STD01_D,2,R02-S21,STANDING,AVAILABLE,0
SEC_STD01_D_R02_S22,SEC_STD01_D,2,R02-S22,STANDING,AVAILABLE,0
SEC_STD01_D_R02_S23,SEC_STD01_D,2,R02-S23,STANDING,AVAILABLE,0
SEC_STD01_D_R02_S24,SEC_STD01_D,2,R02-S24,STANDING,AVAILABLE,0
SEC_STD01_D_R02_S25,SEC_STD01_D,2,R02-S25,STANDING,AVAILABLE,0
SEC_STD01_D_R02_S26,SEC_STD01_D,2,R02-S26,STANDING,AVAILABLE,0
SEC_STD01_D_R02_S27,SEC_STD01_D,2,R02-S27,STANDING,AVAILABLE,0
SEC_STD01_D_R02_S28,SEC_STD01_D,2,R02-S28,STANDING,AVAILABLE,0
SEC_STD01_D_R02_S29,SEC_STD01_D,2,R02-S29,STANDING,AVAILABLE,0
SEC_STD01_D_R02_S30,SEC_STD01_D,2,R02-S30,STANDING,AVAILABLE,0
SEC_STD01_D_R02_S31,SEC_STD01_D,2,R02-S31,STANDING,AVAILABLE,0
SEC_STD01_D_R02_S32,SEC_STD01_D,2,R02-S32,STANDING,AVAILABLE,0
SEC_STD01_D_R02_S33,SEC_STD01_D,2,R02-S33,STANDING,AVAILABLE,0
SEC_STD01_D_R02_S34,SEC_STD01_D,2,R02-S34,STANDING,AVAILABLE,0
SEC_STD01_D_R02_S35,SEC_STD01_D,2,R02-S35,STANDING,AVAILABLE,0
SEC_STD01_D_R02_S36,SEC_STD01_D,2,R02-S36,STANDING,AVAILABLE,0
SEC_STD01_D_R02_S37,SEC_STD01_D,2,R02-S37,STANDING,AVAILABLE,0
SEC_STD01_D_R02_S38,SEC_STD01_D,2,R02-S38,STANDING,AVAILABLE,0
SEC_STD01_D_R02_S39,SEC_STD01_D,2,R02-S39,STANDING,AVAILABLE,0
SEC_STD01_D_R02_S40,SEC_STD01_D,2,R02-S40,STANDING,AVAILABLE,0
SEC_STD01_D_R02_S41,SEC_STD01_D,2,R02-S41,STANDING,AVAILABLE,0
SEC_STD01_D_R02_S42,SEC_STD01_D,2,R02-S42,STANDING,AVAILABLE,0
SEC_STD01_D_R02_S43,SEC_STD01_D,2,R02-S43,STANDING,AVAILABLE,0
SEC_STD01_D_R02_S44,SEC_STD01_D,2,R02-S44,STANDING,AVAILABLE,0
SEC_STD01_D_R02_S45,SEC_STD01_D,2,R02-S45,STANDING,AVAILABLE,0
SEC_STD01_D_R02_S46,SEC_STD01_D,2,R02-S46,STANDING,AVAILABLE,0
SEC_STD01_D_R02_S47,SEC_STD01_D,2,R02-S47,STANDING,AVAILABLE,0
SEC_STD01_D_R02_S48,SEC_STD01_D,2,R02-S48,STANDING,AVAILABLE,0
SEC_STD01_D_R02_S49,SEC_STD01_D,2,R02-S49,STANDING,AVAILABLE,0
SEC_STD01_D_R02_S50,SEC_STD01_D,2,R02-S50,STANDING,AVAILABLE,0
SEC_STD01_D_R03_S01,SEC_STD01_D,3,R03-S01,STANDING,AVAILABLE,0
SEC_STD01_D_R03_S02,SEC_STD01_D,3,R03-S02,STANDING,AVAILABLE,0
SEC_STD01_D_R03_S03,SEC_STD01_D,3,R03-S03,STANDING,AVAILABLE,0
SEC_STD01_D_R03_S04,SEC_STD01_D,3,R03-S04,STANDING,AVAILABLE,0
SEC_STD01_D_R03_S05,SEC_STD01_D,3,R03-S05,STANDING,AVAILABLE,0
SEC_STD01_D_R03_S06,SEC_STD01_D,3,R03-S06,STANDING,AVAILABLE,0
SEC_STD01_D_R03_S07,SEC_STD01_D,3,R03-S07,STANDING,AVAILABLE,0
SEC_STD01_D_R03_S08,SEC_STD01_D,3,R03-S08,STANDING,AVAILABLE,0
SEC_STD01_D_R03_S09,SEC_STD01_D,3,R03-S09,STANDING,AVAILABLE,0
SEC_STD01_D_R03_S10,SEC_STD01_D,3,R03-S10,STANDING,AVAILABLE,0
SEC_STD01_D_R03_S11,SEC_STD01_D,3,R03-S11,STANDING,AVAILABLE,0
SEC_STD01_D_R03_S12,SEC_STD01_D,3,R03-S12,STANDING,AVAILABLE,0
SEC_STD01_D_R03_S13,SEC_STD01_D,3,R03-S13,STANDING,AVAILABLE,0
SEC_STD01_D_R03_S14,SEC_STD01_D,3,R03-S14,STANDING,AVAILABLE,0
SEC_STD01_D_R03_S15,SEC_STD01_D,3,R03-S15,STANDING,AVAILABLE,0
SEC_STD01_D_R03_S16,SEC_STD01_D,3,R03-S16,STANDING,AVAILABLE,0
SEC_STD01_D_R03_S17,SEC_STD01_D,3,R03-S17,STANDING,AVAILABLE,0
SEC_STD01_D_R03_S18,SEC_STD01_D,3,R03-S18,STANDING,AVAILABLE,0
SEC_STD01_D_R03_S19,SEC_STD01_D,3,R03-S19,STANDING,AVAILABLE,0
SEC_STD01_D_R03_S20,SEC_STD01_D,3,R03-S20,STANDING,AVAILABLE,0
SEC_STD01_D_R03_S21,SEC_STD01_D,3,R03-S21,STANDING,AVAILABLE,0
SEC_STD01_D_R03_S22,SEC_STD01_D,3,R03-S22,STANDING,AVAILABLE,0
SEC_STD01_D_R03_S23,SEC_STD01_D,3,R03-S23,STANDING,AVAILABLE,0
SEC_STD01_D_R03_S24,SEC_STD01_D,3,R03-S24,STANDING,AVAILABLE,0
SEC_STD01_D_R03_S25,SEC_STD01_D,3,R03-S25,STANDING,AVAILABLE,0
SEC_STD01_D_R03_S26,SEC_STD01_D,3,R03-S26,STANDING,AVAILABLE,0
SEC_STD01_D_R03_S27,SEC_STD01_D,3,R03-S27,STANDING,AVAILABLE,0
SEC_STD01_D_R03_S28,SEC_STD01_D,3,R03-S28,STANDING,AVAILABLE,0
SEC_STD01_D_R03_S29,SEC_STD01_D,3,R03-S29,STANDING,AVAILABLE,0
SEC_STD01_D_R03_S30,SEC_STD01_D,3,R03-S30,STANDING,AVAILABLE,0
SEC_STD01_D_R03_S31,SEC_STD01_D,3,R03-S31,STANDING,AVAILABLE,0
SEC_STD01_D_R03_S32,SEC_STD01_D,3,R03-S32,STANDING,AVAILABLE,0
SEC_STD01_D_R03_S33,SEC_STD01_D,3,R03-S33,STANDING,AVAILABLE,0
SEC_STD01_D_R03_S34,SEC_STD01_D,3,R03-S34,STANDING,AVAILABLE,0
SEC_STD01_D_R03_S35,SEC_STD01_D,3,R03-S35,STANDING,AVAILABLE,0
SEC_STD01_D_R03_S36,SEC_STD01_D,3,R03-S36,STANDING,AVAILABLE,0
SEC_STD01_D_R03_S37,SEC_STD01_D,3,R03-S37,STANDING,AVAILABLE,0
SEC_STD01_D_R03_S38,SEC_STD01_D,3,R03-S38,STANDING,AVAILABLE,0
SEC_STD01_D_R03_S39,SEC_STD01_D,3,R03-S39,STANDING,AVAILABLE,0
SEC_STD01_D_R03_S40,SEC_STD01_D,3,R03-S40,STANDING,AVAILABLE,0
SEC_STD01_D_R03_S41,SEC_STD01_D,3,R03-S41,STANDING,AVAILABLE,0
SEC_STD01_D_R03_S42,SEC_STD01_D,3,R03-S42,STANDING,AVAILABLE,0
SEC_STD01_D_R03_S43,SEC_STD01_D,3,R03-S43,STANDING,AVAILABLE,0
SEC_STD01_D_R03_S44,SEC_STD01_D,3,R03-S44,STANDING,AVAILABLE,0
SEC_STD01_D_R03_S45,SEC_STD01_D,3,R03-S45,STANDING,AVAILABLE,0
SEC_STD01_D_R03_S46,SEC_STD01_D,3,R03-S46,STANDING,AVAILABLE,0
SEC_STD01_D_R03_S47,SEC_STD01_D,3,R03-S47,STANDING,AVAILABLE,0
SEC_STD01_D_R03_S48,SEC_STD01_D,3,R03-S48,STANDING,AVAILABLE,0
SEC_STD01_D_R03_S49,SEC_STD01_D,3,R03-S49,STANDING,AVAILABLE,0
SEC_STD01_D_R03_S50,SEC_STD01_D,3,R03-S50,STANDING,AVAILABLE,0
SEC_STD01_D_R04_S01,SEC_STD01_D,4,R04-S01,STANDING,AVAILABLE,0
SEC_STD01_D_R04_S02,SEC_STD01_D,4,R04-S02,STANDING,AVAILABLE,0
SEC_STD01_D_R04_S03,SEC_STD01_D,4,R04-S03,STANDING,AVAILABLE,0
SEC_STD01_D_R04_S04,SEC_STD01_D,4,R04-S04,STANDING,AVAILABLE,0
SEC_STD01_D_R04_S05,SEC_STD01_D,4,R04-S05,STANDING,AVAILABLE,0
SEC_STD01_D_R04_S06,SEC_STD01_D,4,R04-S06,STANDING,AVAILABLE,0
SEC_STD01_D_R04_S07,SEC_STD01_D,4,R04-S07,STANDING,AVAILABLE,0
SEC_STD01_D_R04_S08,SEC_STD01_D,4,R04-S08,STANDING,AVAILABLE,0
SEC_STD01_D_R04_S09,SEC_STD01_D,4,R04-S09,STANDING,AVAILABLE,0
SEC_STD01_D_R04_S10,SEC_STD01_D,4,R04-S10,STANDING,AVAILABLE,0
SEC_STD01_D_R04_S11,SEC_STD01_D,4,R04-S11,STANDING,AVAILABLE,0
SEC_STD01_D_R04_S12,SEC_STD01_D,4,R04-S12,STANDING,AVAILABLE,0
SEC_STD01_D_R04_S13,SEC_STD01_D,4,R04-S13,STANDING,AVAILABLE,0
SEC_STD01_D_R04_S14,SEC_STD01_D,4,R04-S14,STANDING,AVAILABLE,0
SEC_STD01_D_R04_S15,SEC_STD01_D,4,R04-S15,STANDING,AVAILABLE,0
SEC_STD01_D_R04_S16,SEC_STD01_D,4,R04-S16,STANDING,AVAILABLE,0
SEC_STD01_D_R04_S17,SEC_STD01_D,4,R04-S17,STANDING,AVAILABLE,0
SEC_STD01_D_R04_S18,SEC_STD01_D,4,R04-S18,STANDING,AVAILABLE,0
SEC_STD01_D_R04_S19,SEC_STD01_D,4,R04-S19,STANDING,AVAILABLE,0
SEC_STD01_D_R04_S20,SEC_STD01_D,4,R04-S20,STANDING,AVAILABLE,0
SEC_STD01_D_R04_S21,SEC_STD01_D,4,R04-S21,STANDING,AVAILABLE,0
SEC_STD01_D_R04_S22,SEC_STD01_D,4,R04-S22,STANDING,AVAILABLE,0
SEC_STD01_D_R04_S23,SEC_STD01_D,4,R04-S23,STANDING,AVAILABLE,0
SEC_STD01_D_R04_S24,SEC_STD01_D,4,R04-S24,STANDING,AVAILABLE,0
SEC_STD01_D_R04_S25,SEC_STD01_D,4,R04-S25,STANDING,AVAILABLE,0
SEC_STD01_D_R04_S26,SEC_STD01_D,4,R04-S26,STANDING,AVAILABLE,0
SEC_STD01_D_R04_S27,SEC_STD01_D,4,R04-S27,STANDING,AVAILABLE,0
SEC_STD01_D_R04_S28,SEC_STD01_D,4,R04-S28,STANDING,AVAILABLE,0
SEC_STD01_D_R04_S29,SEC_STD01_D,4,R04-S29,STANDING,AVAILABLE,0
SEC_STD01_D_R04_S30,SEC_STD01_D,4,R04-S30,STANDING,AVAILABLE,0
SEC_STD01_D_R04_S31,SEC_STD01_D,4,R04-S31,STANDING,AVAILABLE,0
SEC_STD01_D_R04_S32,SEC_STD01_D,4,R04-S32,STANDING,AVAILABLE,0
SEC_STD01_D_R04_S33,SEC_STD01_D,4,R04-S33,STANDING,AVAILABLE,0
SEC_STD01_D_R04_S34,SEC_STD01_D,4,R04-S34,STANDING,AVAILABLE,0
SEC_STD01_D_R04_S35,SEC_STD01_D,4,R04-S35,STANDING,AVAILABLE,0
SEC_STD01_D_R04_S36,SEC_STD01_D,4,R04-S36,STANDING,AVAILABLE,0
SEC_STD01_D_R04_S37,SEC_STD01_D,4,R04-S37,STANDING,AVAILABLE,0
SEC_STD01_D_R04_S38,SEC_STD01_D,4,R04-S38,STANDING,AVAILABLE,0
SEC_STD01_D_R04_S39,SEC_STD01_D,4,R04-S39,STANDING,AVAILABLE,0
SEC_STD01_D_R04_S40,SEC_STD01_D,4,R04-S40,STANDING,AVAILABLE,0
SEC_STD01_D_R04_S41,SEC_STD01_D,4,R04-S41,STANDING,AVAILABLE,0
SEC_STD01_D_R04_S42,SEC_STD01_D,4,R04-S42,STANDING,AVAILABLE,0
SEC_STD01_D_R04_S43,SEC_STD01_D,4,R04-S43,STANDING,AVAILABLE,0
SEC_STD01_D_R04_S44,SEC_STD01_D,4,R04-S44,STANDING,AVAILABLE,0
SEC_STD01_D_R04_S45,SEC_STD01_D,4,R04-S45,STANDING,AVAILABLE,0
SEC_STD01_D_R04_S46,SEC_STD01_D,4,R04-S46,STANDING,AVAILABLE,0
SEC_STD01_D_R04_S47,SEC_STD01_D,4,R04-S47,STANDING,AVAILABLE,0
SEC_STD01_D_R04_S48,SEC_STD01_D,4,R04-S48,STANDING,AVAILABLE,0
SEC_STD01_D_R04_S49,SEC_STD01_D,4,R04-S49,STANDING,AVAILABLE,0
SEC_STD01_D_R04_S50,SEC_STD01_D,4,R04-S50,STANDING,AVAILABLE,0
SEC_STD01_D_R05_S01,SEC_STD01_D,5,R05-S01,STANDING,AVAILABLE,0
SEC_STD01_D_R05_S02,SEC_STD01_D,5,R05-S02,STANDING,AVAILABLE,0
SEC_STD01_D_R05_S03,SEC_STD01_D,5,R05-S03,STANDING,AVAILABLE,0
SEC_STD01_D_R05_S04,SEC_STD01_D,5,R05-S04,STANDING,AVAILABLE,0
SEC_STD01_D_R05_S05,SEC_STD01_D,5,R05-S05,STANDING,AVAILABLE,0
SEC_STD01_D_R05_S06,SEC_STD01_D,5,R05-S06,STANDING,AVAILABLE,0
SEC_STD01_D_R05_S07,SEC_STD01_D,5,R05-S07,STANDING,AVAILABLE,0
SEC_STD01_D_R05_S08,SEC_STD01_D,5,R05-S08,STANDING,AVAILABLE,0
SEC_STD01_D_R05_S09,SEC_STD01_D,5,R05-S09,STANDING,AVAILABLE,0
SEC_STD01_D_R05_S10,SEC_STD01_D,5,R05-S10,STANDING,AVAILABLE,0
SEC_STD01_D_R05_S11,SEC_STD01_D,5,R05-S11,STANDING,AVAILABLE,0
SEC_STD01_D_R05_S12,SEC_STD01_D,5,R05-S12,STANDING,AVAILABLE,0
SEC_STD01_D_R05_S13,SEC_STD01_D,5,R05-S13,STANDING,AVAILABLE,0
SEC_STD01_D_R05_S14,SEC_STD01_D,5,R05-S14,STANDING,AVAILABLE,0
SEC_STD01_D_R05_S15,SEC_STD01_D,5,R05-S15,STANDING,AVAILABLE,0
SEC_STD01_D_R05_S16,SEC_STD01_D,5,R05-S16,STANDING,AVAILABLE,0
SEC_STD01_D_R05_S17,SEC_STD01_D,5,R05-S17,STANDING,AVAILABLE,0
SEC_STD01_D_R05_S18,SEC_STD01_D,5,R05-S18,STANDING,AVAILABLE,0
SEC_STD01_D_R05_S19,SEC_STD01_D,5,R05-S19,STANDING,AVAILABLE,0
SEC_STD01_D_R05_S20,SEC_STD01_D,5,R05-S20,STANDING,AVAILABLE,0
SEC_STD01_D_R05_S21,SEC_STD01_D,5,R05-S21,STANDING,AVAILABLE,0
SEC_STD01_D_R05_S22,SEC_STD01_D,5,R05-S22,STANDING,AVAILABLE,0
SEC_STD01_D_R05_S23,SEC_STD01_D,5,R05-S23,STANDING,AVAILABLE,0
SEC_STD01_D_R05_S24,SEC_STD01_D,5,R05-S24,STANDING,AVAILABLE,0
SEC_STD01_D_R05_S25,SEC_STD01_D,5,R05-S25,STANDING,AVAILABLE,0
SEC_STD01_D_R05_S26,SEC_STD01_D,5,R05-S26,STANDING,AVAILABLE,0
SEC_STD01_D_R05_S27,SEC_STD01_D,5,R05-S27,STANDING,AVAILABLE,0
SEC_STD01_D_R05_S28,SEC_STD01_D,5,R05-S28,STANDING,AVAILABLE,0
SEC_STD01_D_R05_S29,SEC_STD01_D,5,R05-S29,STANDING,AVAILABLE,0
SEC_STD01_D_R05_S30,SEC_STD01_D,5,R05-S30,STANDING,AVAILABLE,0
SEC_STD01_D_R05_S31,SEC_STD01_D,5,R05-S31,STANDING,AVAILABLE,0
SEC_STD01_D_R05_S32,SEC_STD01_D,5,R05-S32,STANDING,AVAILABLE,0
SEC_STD01_D_R05_S33,SEC_STD01_D,5,R05-S33,STANDING,AVAILABLE,0
SEC_STD01_D_R05_S34,SEC_STD01_D,5,R05-S34,STANDING,AVAILABLE,0
SEC_STD01_D_R05_S35,SEC_STD01_D,5,R05-S35,STANDING,AVAILABLE,0
SEC_STD01_D_R05_S36,SEC_STD01_D,5,R05-S36,STANDING,AVAILABLE,0
SEC_STD01_D_R05_S37,SEC_STD01_D,5,R05-S37,STANDING,AVAILABLE,0
SEC_STD01_D_R05_S38,SEC_STD01_D,5,R05-S38,STANDING,AVAILABLE,0
SEC_STD01_D_R05_S39,SEC_STD01_D,5,R05-S39,STANDING,AVAILABLE,0
SEC_STD01_D_R05_S40,SEC_STD01_D,5,R05-S40,STANDING,AVAILABLE,0
SEC_STD01_D_R05_S41,SEC_STD01_D,5,R05-S41,STANDING,AVAILABLE,0
SEC_STD01_D_R05_S42,SEC_STD01_D,5,R05-S42,STANDING,AVAILABLE,0
SEC_STD01_D_R05_S43,SEC_STD01_D,5,R05-S43,STANDING,AVAILABLE,0
SEC_STD01_D_R05_S44,SEC_STD01_D,5,R05-S44,STANDING,AVAILABLE,0
SEC_STD01_D_R05_S45,SEC_STD01_D,5,R05-S45,STANDING,AVAILABLE,0
SEC_STD01_D_R05_S46,SEC_STD01_D,5,R05-S46,STANDING,AVAILABLE,0
SEC_STD01_D_R05_S47,SEC_STD01_D,5,R05-S47,STANDING,AVAILABLE,0
SEC_STD01_D_R05_S48,SEC_STD01_D,5,R05-S48,STANDING,AVAILABLE,0
SEC_STD01_D_R05_S49,SEC_STD01_D,5,R05-S49,STANDING,AVAILABLE,0
SEC_STD01_D_R05_S50,SEC_STD01_D,5,R05-S50,STANDING,AVAILABLE,0
SEC_STD01_D_R06_S01,SEC_STD01_D,6,R06-S01,STANDING,AVAILABLE,0
SEC_STD01_D_R06_S02,SEC_STD01_D,6,R06-S02,STANDING,AVAILABLE,0
SEC_STD01_D_R06_S03,SEC_STD01_D,6,R06-S03,STANDING,AVAILABLE,0
SEC_STD01_D_R06_S04,SEC_STD01_D,6,R06-S04,STANDING,AVAILABLE,0
SEC_STD01_D_R06_S05,SEC_STD01_D,6,R06-S05,STANDING,AVAILABLE,0
SEC_STD01_D_R06_S06,SEC_STD01_D,6,R06-S06,STANDING,AVAILABLE,0
SEC_STD01_D_R06_S07,SEC_STD01_D,6,R06-S07,STANDING,AVAILABLE,0
SEC_STD01_D_R06_S08,SEC_STD01_D,6,R06-S08,STANDING,AVAILABLE,0
SEC_STD01_D_R06_S09,SEC_STD01_D,6,R06-S09,STANDING,AVAILABLE,0
SEC_STD01_D_R06_S10,SEC_STD01_D,6,R06-S10,STANDING,AVAILABLE,0
SEC_STD01_D_R06_S11,SEC_STD01_D,6,R06-S11,STANDING,AVAILABLE,0
SEC_STD01_D_R06_S12,SEC_STD01_D,6,R06-S12,STANDING,AVAILABLE,0
SEC_STD01_D_R06_S13,SEC_STD01_D,6,R06-S13,STANDING,AVAILABLE,0
SEC_STD01_D_R06_S14,SEC_STD01_D,6,R06-S14,STANDING,AVAILABLE,0
SEC_STD01_D_R06_S15,SEC_STD01_D,6,R06-S15,STANDING,AVAILABLE,0
SEC_STD01_D_R06_S16,SEC_STD01_D,6,R06-S16,STANDING,AVAILABLE,0
SEC_STD01_D_R06_S17,SEC_STD01_D,6,R06-S17,STANDING,AVAILABLE,0
SEC_STD01_D_R06_S18,SEC_STD01_D,6,R06-S18,STANDING,AVAILABLE,0
SEC_STD01_D_R06_S19,SEC_STD01_D,6,R06-S19,STANDING,AVAILABLE,0
SEC_STD01_D_R06_S20,SEC_STD01_D,6,R06-S20,STANDING,AVAILABLE,0
SEC_STD01_D_R06_S21,SEC_STD01_D,6,R06-S21,STANDING,AVAILABLE,0
SEC_STD01_D_R06_S22,SEC_STD01_D,6,R06-S22,STANDING,AVAILABLE,0
SEC_STD01_D_R06_S23,SEC_STD01_D,6,R06-S23,STANDING,AVAILABLE,0
SEC_STD01_D_R06_S24,SEC_STD01_D,6,R06-S24,STANDING,AVAILABLE,0
SEC_STD01_D_R06_S25,SEC_STD01_D,6,R06-S25,STANDING,AVAILABLE,0
SEC_STD01_D_R06_S26,SEC_STD01_D,6,R06-S26,STANDING,AVAILABLE,0
SEC_STD01_D_R06_S27,SEC_STD01_D,6,R06-S27,STANDING,AVAILABLE,0
SEC_STD01_D_R06_S28,SEC_STD01_D,6,R06-S28,STANDING,AVAILABLE,0
SEC_STD01_D_R06_S29,SEC_STD01_D,6,R06-S29,STANDING,AVAILABLE,0
SEC_STD01_D_R06_S30,SEC_STD01_D,6,R06-S30,STANDING,AVAILABLE,0
SEC_STD01_D_R06_S31,SEC_STD01_D,6,R06-S31,STANDING,AVAILABLE,0
SEC_STD01_D_R06_S32,SEC_STD01_D,6,R06-S32,STANDING,AVAILABLE,0
SEC_STD01_D_R06_S33,SEC_STD01_D,6,R06-S33,STANDING,AVAILABLE,0
SEC_STD01_D_R06_S34,SEC_STD01_D,6,R06-S34,STANDING,AVAILABLE,0
SEC_STD01_D_R06_S35,SEC_STD01_D,6,R06-S35,STANDING,AVAILABLE,0
SEC_STD01_D_R06_S36,SEC_STD01_D,6,R06-S36,STANDING,AVAILABLE,0
SEC_STD01_D_R06_S37,SEC_STD01_D,6,R06-S37,STANDING,AVAILABLE,0
SEC_STD01_D_R06_S38,SEC_STD01_D,6,R06-S38,STANDING,AVAILABLE,0
SEC_STD01_D_R06_S39,SEC_STD01_D,6,R06-S39,STANDING,AVAILABLE,0
SEC_STD01_D_R06_S40,SEC_STD01_D,6,R06-S40,STANDING,AVAILABLE,0
SEC_STD01_D_R06_S41,SEC_STD01_D,6,R06-S41,STANDING,AVAILABLE,0
SEC_STD01_D_R06_S42,SEC_STD01_D,6,R06-S42,STANDING,AVAILABLE,0
SEC_STD01_D_R06_S43,SEC_STD01_D,6,R06-S43,STANDING,AVAILABLE,0
SEC_STD01_D_R06_S44,SEC_STD01_D,6,R06-S44,STANDING,AVAILABLE,0
SEC_STD01_D_R06_S45,SEC_STD01_D,6,R06-S45,STANDING,AVAILABLE,0
SEC_STD01_D_R06_S46,SEC_STD01_D,6,R06-S46,STANDING,AVAILABLE,0
SEC_STD01_D_R06_S47,SEC_STD01_D,6,R06-S47,STANDING,AVAILABLE,0
SEC_STD01_D_R06_S48,SEC_STD01_D,6,R06-S48,STANDING,AVAILABLE,0
SEC_STD01_D_R06_S49,SEC_STD01_D,6,R06-S49,STANDING,AVAILABLE,0
SEC_STD01_D_R06_S50,SEC_STD01_D,6,R06-S50,STANDING,AVAILABLE,0
SEC_STD01_D_R07_S01,SEC_STD01_D,7,R07-S01,STANDING,AVAILABLE,0
SEC_STD01_D_R07_S02,SEC_STD01_D,7,R07-S02,STANDING,AVAILABLE,0
SEC_STD01_D_R07_S03,SEC_STD01_D,7,R07-S03,STANDING,AVAILABLE,0
SEC_STD01_D_R07_S04,SEC_STD01_D,7,R07-S04,STANDING,AVAILABLE,0
SEC_STD01_D_R07_S05,SEC_STD01_D,7,R07-S05,STANDING,AVAILABLE,0
SEC_STD01_D_R07_S06,SEC_STD01_D,7,R07-S06,STANDING,AVAILABLE,0
SEC_STD01_D_R07_S07,SEC_STD01_D,7,R07-S07,STANDING,AVAILABLE,0
SEC_STD01_D_R07_S08,SEC_STD01_D,7,R07-S08,STANDING,AVAILABLE,0
SEC_STD01_D_R07_S09,SEC_STD01_D,7,R07-S09,STANDING,AVAILABLE,0
SEC_STD01_D_R07_S10,SEC_STD01_D,7,R07-S10,STANDING,AVAILABLE,0
SEC_STD01_D_R07_S11,SEC_STD01_D,7,R07-S11,STANDING,AVAILABLE,0
SEC_STD01_D_R07_S12,SEC_STD01_D,7,R07-S12,STANDING,AVAILABLE,0
SEC_STD01_D_R07_S13,SEC_STD01_D,7,R07-S13,STANDING,AVAILABLE,0
SEC_STD01_D_R07_S14,SEC_STD01_D,7,R07-S14,STANDING,AVAILABLE,0
SEC_STD01_D_R07_S15,SEC_STD01_D,7,R07-S15,STANDING,AVAILABLE,0
SEC_STD01_D_R07_S16,SEC_STD01_D,7,R07-S16,STANDING,AVAILABLE,0
SEC_STD01_D_R07_S17,SEC_STD01_D,7,R07-S17,STANDING,AVAILABLE,0
SEC_STD01_D_R07_S18,SEC_STD01_D,7,R07-S18,STANDING,AVAILABLE,0
SEC_STD01_D_R07_S19,SEC_STD01_D,7,R07-S19,STANDING,AVAILABLE,0
SEC_STD01_D_R07_S20,SEC_STD01_D,7,R07-S20,STANDING,AVAILABLE,0
SEC_STD01_D_R07_S21,SEC_STD01_D,7,R07-S21,STANDING,AVAILABLE,0
SEC_STD01_D_R07_S22,SEC_STD01_D,7,R07-S22,STANDING,AVAILABLE,0
SEC_STD01_D_R07_S23,SEC_STD01_D,7,R07-S23,STANDING,AVAILABLE,0
SEC_STD01_D_R07_S24,SEC_STD01_D,7,R07-S24,STANDING,AVAILABLE,0
SEC_STD01_D_R07_S25,SEC_STD01_D,7,R07-S25,STANDING,AVAILABLE,0
SEC_STD01_D_R07_S26,SEC_STD01_D,7,R07-S26,STANDING,AVAILABLE,0
SEC_STD01_D_R07_S27,SEC_STD01_D,7,R07-S27,STANDING,AVAILABLE,0
SEC_STD01_D_R07_S28,SEC_STD01_D,7,R07-S28,STANDING,AVAILABLE,0
SEC_STD01_D_R07_S29,SEC_STD01_D,7,R07-S29,STANDING,AVAILABLE,0
SEC_STD01_D_R07_S30,SEC_STD01_D,7,R07-S30,STANDING,AVAILABLE,0
SEC_STD01_D_R07_S31,SEC_STD01_D,7,R07-S31,STANDING,AVAILABLE,0
SEC_STD01_D_R07_S32,SEC_STD01_D,7,R07-S32,STANDING,AVAILABLE,0
SEC_STD01_D_R07_S33,SEC_STD01_D,7,R07-S33,STANDING,AVAILABLE,0
SEC_STD01_D_R07_S34,SEC_STD01_D,7,R07-S34,STANDING,AVAILABLE,0
SEC_STD01_D_R07_S35,SEC_STD01_D,7,R07-S35,STANDING,AVAILABLE,0
SEC_STD01_D_R07_S36,SEC_STD01_D,7,R07-S36,STANDING,AVAILABLE,0
SEC_STD01_D_R07_S37,SEC_STD01_D,7,R07-S37,STANDING,AVAILABLE,0
SEC_STD01_D_R07_S38,SEC_STD01_D,7,R07-S38,STANDING,AVAILABLE,0
SEC_STD01_D_R07_S39,SEC_STD01_D,7,R07-S39,STANDING,AVAILABLE,0
SEC_STD01_D_R07_S40,SEC_STD01_D,7,R07-S40,STANDING,AVAILABLE,0
SEC_STD01_D_R07_S41,SEC_STD01_D,7,R07-S41,STANDING,AVAILABLE,0
SEC_STD01_D_R07_S42,SEC_STD01_D,7,R07-S42,STANDING,AVAILABLE,0
SEC_STD01_D_R07_S43,SEC_STD01_D,7,R07-S43,STANDING,AVAILABLE,0
SEC_STD01_D_R07_S44,SEC_STD01_D,7,R07-S44,STANDING,AVAILABLE,0
SEC_STD01_D_R07_S45,SEC_STD01_D,7,R07-S45,STANDING,AVAILABLE,0
SEC_STD01_D_R07_S46,SEC_STD01_D,7,R07-S46,STANDING,AVAILABLE,0
SEC_STD01_D_R07_S47,SEC_STD01_D,7,R07-S47,STANDING,AVAILABLE,0
SEC_STD01_D_R07_S48,SEC_STD01_D,7,R07-S48,STANDING,AVAILABLE,0
SEC_STD01_D_R07_S49,SEC_STD01_D,7,R07-S49,STANDING,AVAILABLE,0
SEC_STD01_D_R07_S50,SEC_STD01_D,7,R07-S50,STANDING,AVAILABLE,0
SEC_STD01_D_R08_S01,SEC_STD01_D,8,R08-S01,STANDING,AVAILABLE,0
SEC_STD01_D_R08_S02,SEC_STD01_D,8,R08-S02,STANDING,AVAILABLE,0
SEC_STD01_D_R08_S03,SEC_STD01_D,8,R08-S03,STANDING,AVAILABLE,0
SEC_STD01_D_R08_S04,SEC_STD01_D,8,R08-S04,STANDING,AVAILABLE,0
SEC_STD01_D_R08_S05,SEC_STD01_D,8,R08-S05,STANDING,AVAILABLE,0
SEC_STD01_D_R08_S06,SEC_STD01_D,8,R08-S06,STANDING,AVAILABLE,0
SEC_STD01_D_R08_S07,SEC_STD01_D,8,R08-S07,STANDING,AVAILABLE,0
SEC_STD01_D_R08_S08,SEC_STD01_D,8,R08-S08,STANDING,AVAILABLE,0
SEC_STD01_D_R08_S09,SEC_STD01_D,8,R08-S09,STANDING,AVAILABLE,0
SEC_STD01_D_R08_S10,SEC_STD01_D,8,R08-S10,STANDING,AVAILABLE,0
SEC_STD01_D_R08_S11,SEC_STD01_D,8,R08-S11,STANDING,AVAILABLE,0
SEC_STD01_D_R08_S12,SEC_STD01_D,8,R08-S12,STANDING,AVAILABLE,0
SEC_STD01_D_R08_S13,SEC_STD01_D,8,R08-S13,STANDING,AVAILABLE,0
SEC_STD01_D_R08_S14,SEC_STD01_D,8,R08-S14,STANDING,AVAILABLE,0
SEC_STD01_D_R08_S15,SEC_STD01_D,8,R08-S15,STANDING,AVAILABLE,0
SEC_STD01_D_R08_S16,SEC_STD01_D,8,R08-S16,STANDING,AVAILABLE,0
SEC_STD01_D_R08_S17,SEC_STD01_D,8,R08-S17,STANDING,AVAILABLE,0
SEC_STD01_D_R08_S18,SEC_STD01_D,8,R08-S18,STANDING,AVAILABLE,0
SEC_STD01_D_R08_S19,SEC_STD01_D,8,R08-S19,STANDING,AVAILABLE,0
SEC_STD01_D_R08_S20,SEC_STD01_D,8,R08-S20,STANDING,AVAILABLE,0
SEC_STD01_D_R08_S21,SEC_STD01_D,8,R08-S21,STANDING,AVAILABLE,0
SEC_STD01_D_R08_S22,SEC_STD01_D,8,R08-S22,STANDING,AVAILABLE,0
SEC_STD01_D_R08_S23,SEC_STD01_D,8,R08-S23,STANDING,AVAILABLE,0
SEC_STD01_D_R08_S24,SEC_STD01_D,8,R08-S24,STANDING,AVAILABLE,0
SEC_STD01_D_R08_S25,SEC_STD01_D,8,R08-S25,STANDING,AVAILABLE,0
SEC_STD01_D_R08_S26,SEC_STD01_D,8,R08-S26,STANDING,AVAILABLE,0
SEC_STD01_D_R08_S27,SEC_STD01_D,8,R08-S27,STANDING,AVAILABLE,0
SEC_STD01_D_R08_S28,SEC_STD01_D,8,R08-S28,STANDING,AVAILABLE,0
SEC_STD01_D_R08_S29,SEC_STD01_D,8,R08-S29,STANDING,AVAILABLE,0
SEC_STD01_D_R08_S30,SEC_STD01_D,8,R08-S30,STANDING,AVAILABLE,0
SEC_STD01_D_R08_S31,SEC_STD01_D,8,R08-S31,STANDING,AVAILABLE,0
SEC_STD01_D_R08_S32,SEC_STD01_D,8,R08-S32,STANDING,AVAILABLE,0
SEC_STD01_D_R08_S33,SEC_STD01_D,8,R08-S33,STANDING,AVAILABLE,0
SEC_STD01_D_R08_S34,SEC_STD01_D,8,R08-S34,STANDING,AVAILABLE,0
SEC_STD01_D_R08_S35,SEC_STD01_D,8,R08-S35,STANDING,AVAILABLE,0
SEC_STD01_D_R08_S36,SEC_STD01_D,8,R08-S36,STANDING,AVAILABLE,0
SEC_STD01_D_R08_S37,SEC_STD01_D,8,R08-S37,STANDING,AVAILABLE,0
SEC_STD01_D_R08_S38,SEC_STD01_D,8,R08-S38,STANDING,AVAILABLE,0
SEC_STD01_D_R08_S39,SEC_STD01_D,8,R08-S39,STANDING,AVAILABLE,0
SEC_STD01_D_R08_S40,SEC_STD01_D,8,R08-S40,STANDING,AVAILABLE,0
SEC_STD01_D_R08_S41,SEC_STD01_D,8,R08-S41,STANDING,AVAILABLE,0
SEC_STD01_D_R08_S42,SEC_STD01_D,8,R08-S42,STANDING,AVAILABLE,0
SEC_STD01_D_R08_S43,SEC_STD01_D,8,R08-S43,STANDING,AVAILABLE,0
SEC_STD01_D_R08_S44,SEC_STD01_D,8,R08-S44,STANDING,AVAILABLE,0
SEC_STD01_D_R08_S45,SEC_STD01_D,8,R08-S45,STANDING,AVAILABLE,0
SEC_STD01_D_R08_S46,SEC_STD01_D,8,R08-S46,STANDING,AVAILABLE,0
SEC_STD01_D_R08_S47,SEC_STD01_D,8,R08-S47,STANDING,AVAILABLE,0
SEC_STD01_D_R08_S48,SEC_STD01_D,8,R08-S48,STANDING,AVAILABLE,0
SEC_STD01_D_R08_S49,SEC_STD01_D,8,R08-S49,STANDING,AVAILABLE,0
SEC_STD01_D_R08_S50,SEC_STD01_D,8,R08-S50,STANDING,AVAILABLE,0
SEC_STD01_D_R09_S01,SEC_STD01_D,9,R09-S01,STANDING,AVAILABLE,0
SEC_STD01_D_R09_S02,SEC_STD01_D,9,R09-S02,STANDING,AVAILABLE,0
SEC_STD01_D_R09_S03,SEC_STD01_D,9,R09-S03,STANDING,AVAILABLE,0
SEC_STD01_D_R09_S04,SEC_STD01_D,9,R09-S04,STANDING,AVAILABLE,0
SEC_STD01_D_R09_S05,SEC_STD01_D,9,R09-S05,STANDING,AVAILABLE,0
SEC_STD01_D_R09_S06,SEC_STD01_D,9,R09-S06,STANDING,AVAILABLE,0
SEC_STD01_D_R09_S07,SEC_STD01_D,9,R09-S07,STANDING,AVAILABLE,0
SEC_STD01_D_R09_S08,SEC_STD01_D,9,R09-S08,STANDING,AVAILABLE,0
SEC_STD01_D_R09_S09,SEC_STD01_D,9,R09-S09,STANDING,AVAILABLE,0
SEC_STD01_D_R09_S10,SEC_STD01_D,9,R09-S10,STANDING,AVAILABLE,0
SEC_STD01_D_R09_S11,SEC_STD01_D,9,R09-S11,STANDING,AVAILABLE,0
SEC_STD01_D_R09_S12,SEC_STD01_D,9,R09-S12,STANDING,AVAILABLE,0
SEC_STD01_D_R09_S13,SEC_STD01_D,9,R09-S13,STANDING,AVAILABLE,0
SEC_STD01_D_R09_S14,SEC_STD01_D,9,R09-S14,STANDING,AVAILABLE,0
SEC_STD01_D_R09_S15,SEC_STD01_D,9,R09-S15,STANDING,AVAILABLE,0
SEC_STD01_D_R09_S16,SEC_STD01_D,9,R09-S16,STANDING,AVAILABLE,0
SEC_STD01_D_R09_S17,SEC_STD01_D,9,R09-S17,STANDING,AVAILABLE,0
SEC_STD01_D_R09_S18,SEC_STD01_D,9,R09-S18,STANDING,AVAILABLE,0
SEC_STD01_D_R09_S19,SEC_STD01_D,9,R09-S19,STANDING,AVAILABLE,0
SEC_STD01_D_R09_S20,SEC_STD01_D,9,R09-S20,STANDING,AVAILABLE,0
SEC_STD01_D_R09_S21,SEC_STD01_D,9,R09-S21,STANDING,AVAILABLE,0
SEC_STD01_D_R09_S22,SEC_STD01_D,9,R09-S22,STANDING,AVAILABLE,0
SEC_STD01_D_R09_S23,SEC_STD01_D,9,R09-S23,STANDING,AVAILABLE,0
SEC_STD01_D_R09_S24,SEC_STD01_D,9,R09-S24,STANDING,AVAILABLE,0
SEC_STD01_D_R09_S25,SEC_STD01_D,9,R09-S25,STANDING,AVAILABLE,0
SEC_STD01_D_R09_S26,SEC_STD01_D,9,R09-S26,STANDING,AVAILABLE,0
SEC_STD01_D_R09_S27,SEC_STD01_D,9,R09-S27,STANDING,AVAILABLE,0
SEC_STD01_D_R09_S28,SEC_STD01_D,9,R09-S28,STANDING,AVAILABLE,0
SEC_STD01_D_R09_S29,SEC_STD01_D,9,R09-S29,STANDING,AVAILABLE,0
SEC_STD01_D_R09_S30,SEC_STD01_D,9,R09-S30,STANDING,AVAILABLE,0
SEC_STD01_D_R09_S31,SEC_STD01_D,9,R09-S31,STANDING,AVAILABLE,0
SEC_STD01_D_R09_S32,SEC_STD01_D,9,R09-S32,STANDING,AVAILABLE,0
SEC_STD01_D_R09_S33,SEC_STD01_D,9,R09-S33,STANDING,AVAILABLE,0
SEC_STD01_D_R09_S34,SEC_STD01_D,9,R09-S34,STANDING,AVAILABLE,0
SEC_STD01_D_R09_S35,SEC_STD01_D,9,R09-S35,STANDING,AVAILABLE,0
SEC_STD01_D_R09_S36,SEC_STD01_D,9,R09-S36,STANDING,AVAILABLE,0
SEC_STD01_D_R09_S37,SEC_STD01_D,9,R09-S37,STANDING,AVAILABLE,0
SEC_STD01_D_R09_S38,SEC_STD01_D,9,R09-S38,STANDING,AVAILABLE,0
SEC_STD01_D_R09_S39,SEC_STD01_D,9,R09-S39,STANDING,AVAILABLE,0
SEC_STD01_D_R09_S40,SEC_STD01_D,9,R09-S40,STANDING,AVAILABLE,0
SEC_STD01_D_R09_S41,SEC_STD01_D,9,R09-S41,STANDING,AVAILABLE,0
SEC_STD01_D_R09_S42,SEC_STD01_D,9,R09-S42,STANDING,AVAILABLE,0
SEC_STD01_D_R09_S43,SEC_STD01_D,9,R09-S43,STANDING,AVAILABLE,0
SEC_STD01_D_R09_S44,SEC_STD01_D,9,R09-S44,STANDING,AVAILABLE,0
SEC_STD01_D_R09_S45,SEC_STD01_D,9,R09-S45,STANDING,AVAILABLE,0
SEC_STD01_D_R09_S46,SEC_STD01_D,9,R09-S46,STANDING,AVAILABLE,0
SEC_STD01_D_R09_S47,SEC_STD01_D,9,R09-S47,STANDING,AVAILABLE,0
SEC_STD01_D_R09_S48,SEC_STD01_D,9,R09-S48,STANDING,AVAILABLE,0
SEC_STD01_D_R09_S49,SEC_STD01_D,9,R09-S49,STANDING,AVAILABLE,0
SEC_STD01_D_R09_S50,SEC_STD01_D,9,R09-S50,STANDING,AVAILABLE,0
SEC_STD01_D_R10_S01,SEC_STD01_D,10,R10-S01,STANDING,AVAILABLE,0
SEC_STD01_D_R10_S02,SEC_STD01_D,10,R10-S02,STANDING,AVAILABLE,0
SEC_STD01_D_R10_S03,SEC_STD01_D,10,R10-S03,STANDING,AVAILABLE,0
SEC_STD01_D_R10_S04,SEC_STD01_D,10,R10-S04,STANDING,AVAILABLE,0
SEC_STD01_D_R10_S05,SEC_STD01_D,10,R10-S05,STANDING,AVAILABLE,0
SEC_STD01_D_R10_S06,SEC_STD01_D,10,R10-S06,STANDING,AVAILABLE,0
SEC_STD01_D_R10_S07,SEC_STD01_D,10,R10-S07,STANDING,AVAILABLE,0
SEC_STD01_D_R10_S08,SEC_STD01_D,10,R10-S08,STANDING,AVAILABLE,0
SEC_STD01_D_R10_S09,SEC_STD01_D,10,R10-S09,STANDING,AVAILABLE,0
SEC_STD01_D_R10_S10,SEC_STD01_D,10,R10-S10,STANDING,AVAILABLE,0
SEC_STD01_D_R10_S11,SEC_STD01_D,10,R10-S11,STANDING,AVAILABLE,0
SEC_STD01_D_R10_S12,SEC_STD01_D,10,R10-S12,STANDING,AVAILABLE,0
SEC_STD01_D_R10_S13,SEC_STD01_D,10,R10-S13,STANDING,AVAILABLE,0
SEC_STD01_D_R10_S14,SEC_STD01_D,10,R10-S14,STANDING,AVAILABLE,0
SEC_STD01_D_R10_S15,SEC_STD01_D,10,R10-S15,STANDING,AVAILABLE,0
SEC_STD01_D_R10_S16,SEC_STD01_D,10,R10-S16,STANDING,AVAILABLE,0
SEC_STD01_D_R10_S17,SEC_STD01_D,10,R10-S17,STANDING,AVAILABLE,0
SEC_STD01_D_R10_S18,SEC_STD01_D,10,R10-S18,STANDING,AVAILABLE,0
SEC_STD01_D_R10_S19,SEC_STD01_D,10,R10-S19,STANDING,AVAILABLE,0
SEC_STD01_D_R10_S20,SEC_STD01_D,10,R10-S20,STANDING,AVAILABLE,0
SEC_STD01_D_R10_S21,SEC_STD01_D,10,R10-S21,STANDING,AVAILABLE,0
SEC_STD01_D_R10_S22,SEC_STD01_D,10,R10-S22,STANDING,AVAILABLE,0
SEC_STD01_D_R10_S23,SEC_STD01_D,10,R10-S23,STANDING,AVAILABLE,0
SEC_STD01_D_R10_S24,SEC_STD01_D,10,R10-S24,STANDING,AVAILABLE,0
SEC_STD01_D_R10_S25,SEC_STD01_D,10,R10-S25,STANDING,AVAILABLE,0
SEC_STD01_D_R10_S26,SEC_STD01_D,10,R10-S26,STANDING,AVAILABLE,0
SEC_STD01_D_R10_S27,SEC_STD01_D,10,R10-S27,STANDING,AVAILABLE,0
SEC_STD01_D_R10_S28,SEC_STD01_D,10,R10-S28,STANDING,AVAILABLE,0
SEC_STD01_D_R10_S29,SEC_STD01_D,10,R10-S29,STANDING,AVAILABLE,0
SEC_STD01_D_R10_S30,SEC_STD01_D,10,R10-S30,STANDING,AVAILABLE,0
SEC_STD01_D_R10_S31,SEC_STD01_D,10,R10-S31,STANDING,AVAILABLE,0
SEC_STD01_D_R10_S32,SEC_STD01_D,10,R10-S32,STANDING,AVAILABLE,0
SEC_STD01_D_R10_S33,SEC_STD01_D,10,R10-S33,STANDING,AVAILABLE,0
SEC_STD01_D_R10_S34,SEC_STD01_D,10,R10-S34,STANDING,AVAILABLE,0
SEC_STD01_D_R10_S35,SEC_STD01_D,10,R10-S35,STANDING,AVAILABLE,0
SEC_STD01_D_R10_S36,SEC_STD01_D,10,R10-S36,STANDING,AVAILABLE,0
SEC_STD01_D_R10_S37,SEC_STD01_D,10,R10-S37,STANDING,AVAILABLE,0
SEC_STD01_D_R10_S38,SEC_STD01_D,10,R10-S38,STANDING,AVAILABLE,0
SEC_STD01_D_R10_S39,SEC_STD01_D,10,R10-S39,STANDING,AVAILABLE,0
SEC_STD01_D_R10_S40,SEC_STD01_D,10,R10-S40,STANDING,AVAILABLE,0
SEC_STD01_D_R10_S41,SEC_STD01_D,10,R10-S41,STANDING,AVAILABLE,0
SEC_STD01_D_R10_S42,SEC_STD01_D,10,R10-S42,STANDING,AVAILABLE,0
SEC_STD01_D_R10_S43,SEC_STD01_D,10,R10-S43,STANDING,AVAILABLE,0
SEC_STD01_D_R10_S44,SEC_STD01_D,10,R10-S44,STANDING,AVAILABLE,0
SEC_STD01_D_R10_S45,SEC_STD01_D,10,R10-S45,STANDING,AVAILABLE,0
SEC_STD01_D_R10_S46,SEC_STD01_D,10,R10-S46,STANDING,AVAILABLE,0
SEC_STD01_D_R10_S47,SEC_STD01_D,10,R10-S47,STANDING,AVAILABLE,0
SEC_STD01_D_R10_S48,SEC_STD01_D,10,R10-S48,STANDING,AVAILABLE,0
SEC_STD01_D_R10_S49,SEC_STD01_D,10,R10-S49,STANDING,AVAILABLE,0
SEC_STD01_D_R10_S50,SEC_STD01_D,10,R10-S50,STANDING,AVAILABLE,0
SEC_STD01_D_R11_S01,SEC_STD01_D,11,R11-S01,STANDING,AVAILABLE,0
SEC_STD01_D_R11_S02,SEC_STD01_D,11,R11-S02,STANDING,AVAILABLE,0
SEC_STD01_D_R11_S03,SEC_STD01_D,11,R11-S03,STANDING,AVAILABLE,0
SEC_STD01_D_R11_S04,SEC_STD01_D,11,R11-S04,STANDING,AVAILABLE,0
SEC_STD01_D_R11_S05,SEC_STD01_D,11,R11-S05,STANDING,AVAILABLE,0
SEC_STD01_D_R11_S06,SEC_STD01_D,11,R11-S06,STANDING,AVAILABLE,0
SEC_STD01_D_R11_S07,SEC_STD01_D,11,R11-S07,STANDING,AVAILABLE,0
SEC_STD01_D_R11_S08,SEC_STD01_D,11,R11-S08,STANDING,AVAILABLE,0
SEC_STD01_D_R11_S09,SEC_STD01_D,11,R11-S09,STANDING,AVAILABLE,0
SEC_STD01_D_R11_S10,SEC_STD01_D,11,R11-S10,STANDING,AVAILABLE,0
SEC_STD01_D_R11_S11,SEC_STD01_D,11,R11-S11,STANDING,AVAILABLE,0
SEC_STD01_D_R11_S12,SEC_STD01_D,11,R11-S12,STANDING,AVAILABLE,0
SEC_STD01_D_R11_S13,SEC_STD01_D,11,R11-S13,STANDING,AVAILABLE,0
SEC_STD01_D_R11_S14,SEC_STD01_D,11,R11-S14,STANDING,AVAILABLE,0
SEC_STD01_D_R11_S15,SEC_STD01_D,11,R11-S15,STANDING,AVAILABLE,0
SEC_STD01_D_R11_S16,SEC_STD01_D,11,R11-S16,STANDING,AVAILABLE,0
SEC_STD01_D_R11_S17,SEC_STD01_D,11,R11-S17,STANDING,AVAILABLE,0
SEC_STD01_D_R11_S18,SEC_STD01_D,11,R11-S18,STANDING,AVAILABLE,0
SEC_STD01_D_R11_S19,SEC_STD01_D,11,R11-S19,STANDING,AVAILABLE,0
SEC_STD01_D_R11_S20,SEC_STD01_D,11,R11-S20,STANDING,AVAILABLE,0
SEC_STD01_D_R11_S21,SEC_STD01_D,11,R11-S21,STANDING,AVAILABLE,0
SEC_STD01_D_R11_S22,SEC_STD01_D,11,R11-S22,STANDING,AVAILABLE,0
SEC_STD01_D_R11_S23,SEC_STD01_D,11,R11-S23,STANDING,AVAILABLE,0
SEC_STD01_D_R11_S24,SEC_STD01_D,11,R11-S24,STANDING,AVAILABLE,0
SEC_STD01_D_R11_S25,SEC_STD01_D,11,R11-S25,STANDING,AVAILABLE,0
SEC_STD01_D_R11_S26,SEC_STD01_D,11,R11-S26,STANDING,AVAILABLE,0
SEC_STD01_D_R11_S27,SEC_STD01_D,11,R11-S27,STANDING,AVAILABLE,0
SEC_STD01_D_R11_S28,SEC_STD01_D,11,R11-S28,STANDING,AVAILABLE,0
SEC_STD01_D_R11_S29,SEC_STD01_D,11,R11-S29,STANDING,AVAILABLE,0
SEC_STD01_D_R11_S30,SEC_STD01_D,11,R11-S30,STANDING,AVAILABLE,0
SEC_STD01_D_R11_S31,SEC_STD01_D,11,R11-S31,STANDING,AVAILABLE,0
SEC_STD01_D_R11_S32,SEC_STD01_D,11,R11-S32,STANDING,AVAILABLE,0
SEC_STD01_D_R11_S33,SEC_STD01_D,11,R11-S33,STANDING,AVAILABLE,0
SEC_STD01_D_R11_S34,SEC_STD01_D,11,R11-S34,STANDING,AVAILABLE,0
SEC_STD01_D_R11_S35,SEC_STD01_D,11,R11-S35,STANDING,AVAILABLE,0
SEC_STD01_D_R11_S36,SEC_STD01_D,11,R11-S36,STANDING,AVAILABLE,0
SEC_STD01_D_R11_S37,SEC_STD01_D,11,R11-S37,STANDING,AVAILABLE,0
SEC_STD01_D_R11_S38,SEC_STD01_D,11,R11-S38,STANDING,AVAILABLE,0
SEC_STD01_D_R11_S39,SEC_STD01_D,11,R11-S39,STANDING,AVAILABLE,0
SEC_STD01_D_R11_S40,SEC_STD01_D,11,R11-S40,STANDING,AVAILABLE,0
SEC_STD01_D_R11_S41,SEC_STD01_D,11,R11-S41,STANDING,AVAILABLE,0
SEC_STD01_D_R11_S42,SEC_STD01_D,11,R11-S42,STANDING,AVAILABLE,0
SEC_STD01_D_R11_S43,SEC_STD01_D,11,R11-S43,STANDING,AVAILABLE,0
SEC_STD01_D_R11_S44,SEC_STD01_D,11,R11-S44,STANDING,AVAILABLE,0
SEC_STD01_D_R11_S45,SEC_STD01_D,11,R11-S45,STANDING,AVAILABLE,0
SEC_STD01_D_R11_S46,SEC_STD01_D,11,R11-S46,STANDING,AVAILABLE,0
SEC_STD01_D_R11_S47,SEC_STD01_D,11,R11-S47,STANDING,AVAILABLE,0
SEC_STD01_D_R11_S48,SEC_STD01_D,11,R11-S48,STANDING,AVAILABLE,0
SEC_STD01_D_R11_S49,SEC_STD01_D,11,R11-S49,STANDING,AVAILABLE,0
SEC_STD01_D_R11_S50,SEC_STD01_D,11,R11-S50,STANDING,AVAILABLE,0
SEC_STD01_D_R12_S01,SEC_STD01_D,12,R12-S01,STANDING,AVAILABLE,0
SEC_STD01_D_R12_S02,SEC_STD01_D,12,R12-S02,STANDING,AVAILABLE,0
SEC_STD01_D_R12_S03,SEC_STD01_D,12,R12-S03,STANDING,AVAILABLE,0
SEC_STD01_D_R12_S04,SEC_STD01_D,12,R12-S04,STANDING,AVAILABLE,0
SEC_STD01_D_R12_S05,SEC_STD01_D,12,R12-S05,STANDING,AVAILABLE,0
SEC_STD01_D_R12_S06,SEC_STD01_D,12,R12-S06,STANDING,AVAILABLE,0
SEC_STD01_D_R12_S07,SEC_STD01_D,12,R12-S07,STANDING,AVAILABLE,0
SEC_STD01_D_R12_S08,SEC_STD01_D,12,R12-S08,STANDING,AVAILABLE,0
SEC_STD01_D_R12_S09,SEC_STD01_D,12,R12-S09,STANDING,AVAILABLE,0
SEC_STD01_D_R12_S10,SEC_STD01_D,12,R12-S10,STANDING,AVAILABLE,0
SEC_STD01_D_R12_S11,SEC_STD01_D,12,R12-S11,STANDING,AVAILABLE,0
SEC_STD01_D_R12_S12,SEC_STD01_D,12,R12-S12,STANDING,AVAILABLE,0
SEC_STD01_D_R12_S13,SEC_STD01_D,12,R12-S13,STANDING,AVAILABLE,0
SEC_STD01_D_R12_S14,SEC_STD01_D,12,R12-S14,STANDING,AVAILABLE,0
SEC_STD01_D_R12_S15,SEC_STD01_D,12,R12-S15,STANDING,AVAILABLE,0
SEC_STD01_D_R12_S16,SEC_STD01_D,12,R12-S16,STANDING,AVAILABLE,0
SEC_STD01_D_R12_S17,SEC_STD01_D,12,R12-S17,STANDING,AVAILABLE,0
SEC_STD01_D_R12_S18,SEC_STD01_D,12,R12-S18,STANDING,AVAILABLE,0
SEC_STD01_D_R12_S19,SEC_STD01_D,12,R12-S19,STANDING,AVAILABLE,0
SEC_STD01_D_R12_S20,SEC_STD01_D,12,R12-S20,STANDING,AVAILABLE,0
SEC_STD01_D_R12_S21,SEC_STD01_D,12,R12-S21,STANDING,AVAILABLE,0
SEC_STD01_D_R12_S22,SEC_STD01_D,12,R12-S22,STANDING,AVAILABLE,0
SEC_STD01_D_R12_S23,SEC_STD01_D,12,R12-S23,STANDING,AVAILABLE,0
SEC_STD01_D_R12_S24,SEC_STD01_D,12,R12-S24,STANDING,AVAILABLE,0
SEC_STD01_D_R12_S25,SEC_STD01_D,12,R12-S25,STANDING,AVAILABLE,0
SEC_STD01_D_R12_S26,SEC_STD01_D,12,R12-S26,STANDING,AVAILABLE,0
SEC_STD01_D_R12_S27,SEC_STD01_D,12,R12-S27,STANDING,AVAILABLE,0
SEC_STD01_D_R12_S28,SEC_STD01_D,12,R12-S28,STANDING,AVAILABLE,0
SEC_STD01_D_R12_S29,SEC_STD01_D,12,R12-S29,STANDING,AVAILABLE,0
SEC_STD01_D_R12_S30,SEC_STD01_D,12,R12-S30,STANDING,AVAILABLE,0
SEC_STD01_D_R12_S31,SEC_STD01_D,12,R12-S31,STANDING,AVAILABLE,0
SEC_STD01_D_R12_S32,SEC_STD01_D,12,R12-S32,STANDING,AVAILABLE,0
SEC_STD01_D_R12_S33,SEC_STD01_D,12,R12-S33,STANDING,AVAILABLE,0
SEC_STD01_D_R12_S34,SEC_STD01_D,12,R12-S34,STANDING,AVAILABLE,0
SEC_STD01_D_R12_S35,SEC_STD01_D,12,R12-S35,STANDING,AVAILABLE,0
SEC_STD01_D_R12_S36,SEC_STD01_D,12,R12-S36,STANDING,AVAILABLE,0
SEC_STD01_D_R12_S37,SEC_STD01_D,12,R12-S37,STANDING,AVAILABLE,0
SEC_STD01_D_R12_S38,SEC_STD01_D,12,R12-S38,STANDING,AVAILABLE,0
SEC_STD01_D_R12_S39,SEC_STD01_D,12,R12-S39,STANDING,AVAILABLE,0
SEC_STD01_D_R12_S40,SEC_STD01_D,12,R12-S40,STANDING,AVAILABLE,0
SEC_STD01_D_R12_S41,SEC_STD01_D,12,R12-S41,STANDING,AVAILABLE,0
SEC_STD01_D_R12_S42,SEC_STD01_D,12,R12-S42,STANDING,AVAILABLE,0
SEC_STD01_D_R12_S43,SEC_STD01_D,12,R12-S43,STANDING,AVAILABLE,0
SEC_STD01_D_R12_S44,SEC_STD01_D,12,R12-S44,STANDING,AVAILABLE,0
SEC_STD01_D_R12_S45,SEC_STD01_D,12,R12-S45,STANDING,AVAILABLE,0
SEC_STD01_D_R12_S46,SEC_STD01_D,12,R12-S46,STANDING,AVAILABLE,0
SEC_STD01_D_R12_S47,SEC_STD01_D,12,R12-S47,STANDING,AVAILABLE,0
SEC_STD01_D_R12_S48,SEC_STD01_D,12,R12-S48,STANDING,AVAILABLE,0
SEC_STD01_D_R12_S49,SEC_STD01_D,12,R12-S49,STANDING,AVAILABLE,0
SEC_STD01_D_R12_S50,SEC_STD01_D,12,R12-S50,STANDING,AVAILABLE,0
SEC_STD01_D_R13_S01,SEC_STD01_D,13,R13-S01,STANDING,AVAILABLE,0
SEC_STD01_D_R13_S02,SEC_STD01_D,13,R13-S02,STANDING,AVAILABLE,0
SEC_STD01_D_R13_S03,SEC_STD01_D,13,R13-S03,STANDING,AVAILABLE,0
SEC_STD01_D_R13_S04,SEC_STD01_D,13,R13-S04,STANDING,AVAILABLE,0
SEC_STD01_D_R13_S05,SEC_STD01_D,13,R13-S05,STANDING,AVAILABLE,0
SEC_STD01_D_R13_S06,SEC_STD01_D,13,R13-S06,STANDING,AVAILABLE,0
SEC_STD01_D_R13_S07,SEC_STD01_D,13,R13-S07,STANDING,AVAILABLE,0
SEC_STD01_D_R13_S08,SEC_STD01_D,13,R13-S08,STANDING,AVAILABLE,0
SEC_STD01_D_R13_S09,SEC_STD01_D,13,R13-S09,STANDING,AVAILABLE,0
SEC_STD01_D_R13_S10,SEC_STD01_D,13,R13-S10,STANDING,AVAILABLE,0
SEC_STD01_D_R13_S11,SEC_STD01_D,13,R13-S11,STANDING,AVAILABLE,0
SEC_STD01_D_R13_S12,SEC_STD01_D,13,R13-S12,STANDING,AVAILABLE,0
SEC_STD01_D_R13_S13,SEC_STD01_D,13,R13-S13,STANDING,AVAILABLE,0
SEC_STD01_D_R13_S14,SEC_STD01_D,13,R13-S14,STANDING,AVAILABLE,0
SEC_STD01_D_R13_S15,SEC_STD01_D,13,R13-S15,STANDING,AVAILABLE,0
SEC_STD01_D_R13_S16,SEC_STD01_D,13,R13-S16,STANDING,AVAILABLE,0
SEC_STD01_D_R13_S17,SEC_STD01_D,13,R13-S17,STANDING,AVAILABLE,0
SEC_STD01_D_R13_S18,SEC_STD01_D,13,R13-S18,STANDING,AVAILABLE,0
SEC_STD01_D_R13_S19,SEC_STD01_D,13,R13-S19,STANDING,AVAILABLE,0
SEC_STD01_D_R13_S20,SEC_STD01_D,13,R13-S20,STANDING,AVAILABLE,0
SEC_STD01_D_R13_S21,SEC_STD01_D,13,R13-S21,STANDING,AVAILABLE,0
SEC_STD01_D_R13_S22,SEC_STD01_D,13,R13-S22,STANDING,AVAILABLE,0
SEC_STD01_D_R13_S23,SEC_STD01_D,13,R13-S23,STANDING,AVAILABLE,0
SEC_STD01_D_R13_S24,SEC_STD01_D,13,R13-S24,STANDING,AVAILABLE,0
SEC_STD01_D_R13_S25,SEC_STD01_D,13,R13-S25,STANDING,AVAILABLE,0
SEC_STD01_D_R13_S26,SEC_STD01_D,13,R13-S26,STANDING,AVAILABLE,0
SEC_STD01_D_R13_S27,SEC_STD01_D,13,R13-S27,STANDING,AVAILABLE,0
SEC_STD01_D_R13_S28,SEC_STD01_D,13,R13-S28,STANDING,AVAILABLE,0
SEC_STD01_D_R13_S29,SEC_STD01_D,13,R13-S29,STANDING,AVAILABLE,0
SEC_STD01_D_R13_S30,SEC_STD01_D,13,R13-S30,STANDING,AVAILABLE,0
SEC_STD01_D_R13_S31,SEC_STD01_D,13,R13-S31,STANDING,AVAILABLE,0
SEC_STD01_D_R13_S32,SEC_STD01_D,13,R13-S32,STANDING,AVAILABLE,0
SEC_STD01_D_R13_S33,SEC_STD01_D,13,R13-S33,STANDING,AVAILABLE,0
SEC_STD01_D_R13_S34,SEC_STD01_D,13,R13-S34,STANDING,AVAILABLE,0
SEC_STD01_D_R13_S35,SEC_STD01_D,13,R13-S35,STANDING,AVAILABLE,0
SEC_STD01_D_R13_S36,SEC_STD01_D,13,R13-S36,STANDING,AVAILABLE,0
SEC_STD01_D_R13_S37,SEC_STD01_D,13,R13-S37,STANDING,AVAILABLE,0
SEC_STD01_D_R13_S38,SEC_STD01_D,13,R13-S38,STANDING,AVAILABLE,0
SEC_STD01_D_R13_S39,SEC_STD01_D,13,R13-S39,STANDING,AVAILABLE,0
SEC_STD01_D_R13_S40,SEC_STD01_D,13,R13-S40,STANDING,AVAILABLE,0
SEC_STD01_D_R13_S41,SEC_STD01_D,13,R13-S41,STANDING,AVAILABLE,0
SEC_STD01_D_R13_S42,SEC_STD01_D,13,R13-S42,STANDING,AVAILABLE,0
SEC_STD01_D_R13_S43,SEC_STD01_D,13,R13-S43,STANDING,AVAILABLE,0
SEC_STD01_D_R13_S44,SEC_STD01_D,13,R13-S44,STANDING,AVAILABLE,0
SEC_STD01_D_R13_S45,SEC_STD01_D,13,R13-S45,STANDING,AVAILABLE,0
SEC_STD01_D_R13_S46,SEC_STD01_D,13,R13-S46,STANDING,AVAILABLE,0
SEC_STD01_D_R13_S47,SEC_STD01_D,13,R13-S47,STANDING,AVAILABLE,0
SEC_STD01_D_R13_S48,SEC_STD01_D,13,R13-S48,STANDING,AVAILABLE,0
SEC_STD01_D_R13_S49,SEC_STD01_D,13,R13-S49,STANDING,AVAILABLE,0
SEC_STD01_D_R13_S50,SEC_STD01_D,13,R13-S50,STANDING,AVAILABLE,0
SEC_STD01_D_R14_S01,SEC_STD01_D,14,R14-S01,STANDING,AVAILABLE,0
SEC_STD01_D_R14_S02,SEC_STD01_D,14,R14-S02,STANDING,AVAILABLE,0
SEC_STD01_D_R14_S03,SEC_STD01_D,14,R14-S03,STANDING,AVAILABLE,0
SEC_STD01_D_R14_S04,SEC_STD01_D,14,R14-S04,STANDING,AVAILABLE,0
SEC_STD01_D_R14_S05,SEC_STD01_D,14,R14-S05,STANDING,AVAILABLE,0
SEC_STD01_D_R14_S06,SEC_STD01_D,14,R14-S06,STANDING,AVAILABLE,0
SEC_STD01_D_R14_S07,SEC_STD01_D,14,R14-S07,STANDING,AVAILABLE,0
SEC_STD01_D_R14_S08,SEC_STD01_D,14,R14-S08,STANDING,AVAILABLE,0
SEC_STD01_D_R14_S09,SEC_STD01_D,14,R14-S09,STANDING,AVAILABLE,0
SEC_STD01_D_R14_S10,SEC_STD01_D,14,R14-S10,STANDING,AVAILABLE,0
SEC_STD01_D_R14_S11,SEC_STD01_D,14,R14-S11,STANDING,AVAILABLE,0
SEC_STD01_D_R14_S12,SEC_STD01_D,14,R14-S12,STANDING,AVAILABLE,0
SEC_STD01_D_R14_S13,SEC_STD01_D,14,R14-S13,STANDING,AVAILABLE,0
SEC_STD01_D_R14_S14,SEC_STD01_D,14,R14-S14,STANDING,AVAILABLE,0
SEC_STD01_D_R14_S15,SEC_STD01_D,14,R14-S15,STANDING,AVAILABLE,0
SEC_STD01_D_R14_S16,SEC_STD01_D,14,R14-S16,STANDING,AVAILABLE,0
SEC_STD01_D_R14_S17,SEC_STD01_D,14,R14-S17,STANDING,AVAILABLE,0
SEC_STD01_D_R14_S18,SEC_STD01_D,14,R14-S18,STANDING,AVAILABLE,0
SEC_STD01_D_R14_S19,SEC_STD01_D,14,R14-S19,STANDING,AVAILABLE,0
SEC_STD01_D_R14_S20,SEC_STD01_D,14,R14-S20,STANDING,AVAILABLE,0
SEC_STD01_D_R14_S21,SEC_STD01_D,14,R14-S21,STANDING,AVAILABLE,0
SEC_STD01_D_R14_S22,SEC_STD01_D,14,R14-S22,STANDING,AVAILABLE,0
SEC_STD01_D_R14_S23,SEC_STD01_D,14,R14-S23,STANDING,AVAILABLE,0
SEC_STD01_D_R14_S24,SEC_STD01_D,14,R14-S24,STANDING,AVAILABLE,0
SEC_STD01_D_R14_S25,SEC_STD01_D,14,R14-S25,STANDING,AVAILABLE,0
SEC_STD01_D_R14_S26,SEC_STD01_D,14,R14-S26,STANDING,AVAILABLE,0
SEC_STD01_D_R14_S27,SEC_STD01_D,14,R14-S27,STANDING,AVAILABLE,0
SEC_STD01_D_R14_S28,SEC_STD01_D,14,R14-S28,STANDING,AVAILABLE,0
SEC_STD01_D_R14_S29,SEC_STD01_D,14,R14-S29,STANDING,AVAILABLE,0
SEC_STD01_D_R14_S30,SEC_STD01_D,14,R14-S30,STANDING,AVAILABLE,0
SEC_STD01_D_R14_S31,SEC_STD01_D,14,R14-S31,STANDING,AVAILABLE,0
SEC_STD01_D_R14_S32,SEC_STD01_D,14,R14-S32,STANDING,AVAILABLE,0
SEC_STD01_D_R14_S33,SEC_STD01_D,14,R14-S33,STANDING,AVAILABLE,0
SEC_STD01_D_R14_S34,SEC_STD01_D,14,R14-S34,STANDING,AVAILABLE,0
SEC_STD01_D_R14_S35,SEC_STD01_D,14,R14-S35,STANDING,AVAILABLE,0
SEC_STD01_D_R14_S36,SEC_STD01_D,14,R14-S36,STANDING,AVAILABLE,0
SEC_STD01_D_R14_S37,SEC_STD01_D,14,R14-S37,STANDING,AVAILABLE,0
SEC_STD01_D_R14_S38,SEC_STD01_D,14,R14-S38,STANDING,AVAILABLE,0
SEC_STD01_D_R14_S39,SEC_STD01_D,14,R14-S39,STANDING,AVAILABLE,0
SEC_STD01_D_R14_S40,SEC_STD01_D,14,R14-S40,STANDING,AVAILABLE,0
SEC_STD01_D_R14_S41,SEC_STD01_D,14,R14-S41,STANDING,AVAILABLE,0
SEC_STD01_D_R14_S42,SEC_STD01_D,14,R14-S42,STANDING,AVAILABLE,0
SEC_STD01_D_R14_S43,SEC_STD01_D,14,R14-S43,STANDING,AVAILABLE,0
SEC_STD01_D_R14_S44,SEC_STD01_D,14,R14-S44,STANDING,AVAILABLE,0
SEC_STD01_D_R14_S45,SEC_STD01_D,14,R14-S45,STANDING,AVAILABLE,0
SEC_STD01_D_R14_S46,SEC_STD01_D,14,R14-S46,STANDING,AVAILABLE,0
SEC_STD01_D_R14_S47,SEC_STD01_D,14,R14-S47,STANDING,AVAILABLE,0
SEC_STD01_D_R14_S48,SEC_STD01_D,14,R14-S48,STANDING,AVAILABLE,0
SEC_STD01_D_R14_S49,SEC_STD01_D,14,R14-S49,STANDING,AVAILABLE,0
SEC_STD01_D_R14_S50,SEC_STD01_D,14,R14-S50,STANDING,AVAILABLE,0
SEC_STD01_D_R15_S01,SEC_STD01_D,15,R15-S01,STANDING,AVAILABLE,0
SEC_STD01_D_R15_S02,SEC_STD01_D,15,R15-S02,STANDING,AVAILABLE,0
SEC_STD01_D_R15_S03,SEC_STD01_D,15,R15-S03,STANDING,AVAILABLE,0
SEC_STD01_D_R15_S04,SEC_STD01_D,15,R15-S04,STANDING,AVAILABLE,0
SEC_STD01_D_R15_S05,SEC_STD01_D,15,R15-S05,STANDING,AVAILABLE,0
SEC_STD01_D_R15_S06,SEC_STD01_D,15,R15-S06,STANDING,AVAILABLE,0
SEC_STD01_D_R15_S07,SEC_STD01_D,15,R15-S07,STANDING,AVAILABLE,0
SEC_STD01_D_R15_S08,SEC_STD01_D,15,R15-S08,STANDING,AVAILABLE,0
SEC_STD01_D_R15_S09,SEC_STD01_D,15,R15-S09,STANDING,AVAILABLE,0
SEC_STD01_D_R15_S10,SEC_STD01_D,15,R15-S10,STANDING,AVAILABLE,0
SEC_STD01_D_R15_S11,SEC_STD01_D,15,R15-S11,STANDING,AVAILABLE,0
SEC_STD01_D_R15_S12,SEC_STD01_D,15,R15-S12,STANDING,AVAILABLE,0
SEC_STD01_D_R15_S13,SEC_STD01_D,15,R15-S13,STANDING,AVAILABLE,0
SEC_STD01_D_R15_S14,SEC_STD01_D,15,R15-S14,STANDING,AVAILABLE,0
SEC_STD01_D_R15_S15,SEC_STD01_D,15,R15-S15,STANDING,AVAILABLE,0
SEC_STD01_D_R15_S16,SEC_STD01_D,15,R15-S16,STANDING,AVAILABLE,0
SEC_STD01_D_R15_S17,SEC_STD01_D,15,R15-S17,STANDING,AVAILABLE,0
SEC_STD01_D_R15_S18,SEC_STD01_D,15,R15-S18,STANDING,AVAILABLE,0
SEC_STD01_D_R15_S19,SEC_STD01_D,15,R15-S19,STANDING,AVAILABLE,0
SEC_STD01_D_R15_S20,SEC_STD01_D,15,R15-S20,STANDING,AVAILABLE,0
SEC_STD01_D_R15_S21,SEC_STD01_D,15,R15-S21,STANDING,AVAILABLE,0
SEC_STD01_D_R15_S22,SEC_STD01_D,15,R15-S22,STANDING,AVAILABLE,0
SEC_STD01_D_R15_S23,SEC_STD01_D,15,R15-S23,STANDING,AVAILABLE,0
SEC_STD01_D_R15_S24,SEC_STD01_D,15,R15-S24,STANDING,AVAILABLE,0
SEC_STD01_D_R15_S25,SEC_STD01_D,15,R15-S25,STANDING,AVAILABLE,0
SEC_STD01_D_R15_S26,SEC_STD01_D,15,R15-S26,STANDING,AVAILABLE,0
SEC_STD01_D_R15_S27,SEC_STD01_D,15,R15-S27,STANDING,AVAILABLE,0
SEC_STD01_D_R15_S28,SEC_STD01_D,15,R15-S28,STANDING,AVAILABLE,0
SEC_STD01_D_R15_S29,SEC_STD01_D,15,R15-S29,STANDING,AVAILABLE,0
SEC_STD01_D_R15_S30,SEC_STD01_D,15,R15-S30,STANDING,AVAILABLE,0
SEC_STD01_D_R15_S31,SEC_STD01_D,15,R15-S31,STANDING,AVAILABLE,0
SEC_STD01_D_R15_S32,SEC_STD01_D,15,R15-S32,STANDING,AVAILABLE,0
SEC_STD01_D_R15_S33,SEC_STD01_D,15,R15-S33,STANDING,AVAILABLE,0
SEC_STD01_D_R15_S34,SEC_STD01_D,15,R15-S34,STANDING,AVAILABLE,0
SEC_STD01_D_R15_S35,SEC_STD01_D,15,R15-S35,STANDING,AVAILABLE,0
SEC_STD01_D_R15_S36,SEC_STD01_D,15,R15-S36,STANDING,AVAILABLE,0
SEC_STD01_D_R15_S37,SEC_STD01_D,15,R15-S37,STANDING,AVAILABLE,0
SEC_STD01_D_R15_S38,SEC_STD01_D,15,R15-S38,STANDING,AVAILABLE,0
SEC_STD01_D_R15_S39,SEC_STD01_D,15,R15-S39,STANDING,AVAILABLE,0
SEC_STD01_D_R15_S40,SEC_STD01_D,15,R15-S40,STANDING,AVAILABLE,0
SEC_STD01_D_R15_S41,SEC_STD01_D,15,R15-S41,STANDING,AVAILABLE,0
SEC_STD01_D_R15_S42,SEC_STD01_D,15,R15-S42,STANDING,AVAILABLE,0
SEC_STD01_D_R15_S43,SEC_STD01_D,15,R15-S43,STANDING,AVAILABLE,0
SEC_STD01_D_R15_S44,SEC_STD01_D,15,R15-S44,STANDING,AVAILABLE,0
SEC_STD01_D_R15_S45,SEC_STD01_D,15,R15-S45,STANDING,AVAILABLE,0
SEC_STD01_D_R15_S46,SEC_STD01_D,15,R15-S46,STANDING,AVAILABLE,0
SEC_STD01_D_R15_S47,SEC_STD01_D,15,R15-S47,STANDING,AVAILABLE,0
SEC_STD01_D_R15_S48,SEC_STD01_D,15,R15-S48,STANDING,AVAILABLE,0
SEC_STD01_D_R15_S49,SEC_STD01_D,15,R15-S49,STANDING,AVAILABLE,0
SEC_STD01_D_R15_S50,SEC_STD01_D,15,R15-S50,STANDING,AVAILABLE,0
SEC_STD01_D_R16_S01,SEC_STD01_D,16,R16-S01,STANDING,AVAILABLE,0
SEC_STD01_D_R16_S02,SEC_STD01_D,16,R16-S02,STANDING,AVAILABLE,0
SEC_STD01_D_R16_S03,SEC_STD01_D,16,R16-S03,STANDING,AVAILABLE,0
SEC_STD01_D_R16_S04,SEC_STD01_D,16,R16-S04,STANDING,AVAILABLE,0
SEC_STD01_D_R16_S05,SEC_STD01_D,16,R16-S05,STANDING,AVAILABLE,0
SEC_STD01_D_R16_S06,SEC_STD01_D,16,R16-S06,STANDING,AVAILABLE,0
SEC_STD01_D_R16_S07,SEC_STD01_D,16,R16-S07,STANDING,AVAILABLE,0
SEC_STD01_D_R16_S08,SEC_STD01_D,16,R16-S08,STANDING,AVAILABLE,0
SEC_STD01_D_R16_S09,SEC_STD01_D,16,R16-S09,STANDING,AVAILABLE,0
SEC_STD01_D_R16_S10,SEC_STD01_D,16,R16-S10,STANDING,AVAILABLE,0
SEC_STD01_D_R16_S11,SEC_STD01_D,16,R16-S11,STANDING,AVAILABLE,0
SEC_STD01_D_R16_S12,SEC_STD01_D,16,R16-S12,STANDING,AVAILABLE,0
SEC_STD01_D_R16_S13,SEC_STD01_D,16,R16-S13,STANDING,AVAILABLE,0
SEC_STD01_D_R16_S14,SEC_STD01_D,16,R16-S14,STANDING,AVAILABLE,0
SEC_STD01_D_R16_S15,SEC_STD01_D,16,R16-S15,STANDING,AVAILABLE,0
SEC_STD01_D_R16_S16,SEC_STD01_D,16,R16-S16,STANDING,AVAILABLE,0
SEC_STD01_D_R16_S17,SEC_STD01_D,16,R16-S17,STANDING,AVAILABLE,0
SEC_STD01_D_R16_S18,SEC_STD01_D,16,R16-S18,STANDING,AVAILABLE,0
SEC_STD01_D_R16_S19,SEC_STD01_D,16,R16-S19,STANDING,AVAILABLE,0
SEC_STD01_D_R16_S20,SEC_STD01_D,16,R16-S20,STANDING,AVAILABLE,0
SEC_STD01_D_R16_S21,SEC_STD01_D,16,R16-S21,STANDING,AVAILABLE,0
SEC_STD01_D_R16_S22,SEC_STD01_D,16,R16-S22,STANDING,AVAILABLE,0
SEC_STD01_D_R16_S23,SEC_STD01_D,16,R16-S23,STANDING,AVAILABLE,0
SEC_STD01_D_R16_S24,SEC_STD01_D,16,R16-S24,STANDING,AVAILABLE,0
SEC_STD01_D_R16_S25,SEC_STD01_D,16,R16-S25,STANDING,AVAILABLE,0
SEC_STD01_D_R16_S26,SEC_STD01_D,16,R16-S26,STANDING,AVAILABLE,0
SEC_STD01_D_R16_S27,SEC_STD01_D,16,R16-S27,STANDING,AVAILABLE,0
SEC_STD01_D_R16_S28,SEC_STD01_D,16,R16-S28,STANDING,AVAILABLE,0
SEC_STD01_D_R16_S29,SEC_STD01_D,16,R16-S29,STANDING,AVAILABLE,0
SEC_STD01_D_R16_S30,SEC_STD01_D,16,R16-S30,STANDING,AVAILABLE,0
SEC_STD01_D_R16_S31,SEC_STD01_D,16,R16-S31,STANDING,AVAILABLE,0
SEC_STD01_D_R16_S32,SEC_STD01_D,16,R16-S32,STANDING,AVAILABLE,0
SEC_STD01_D_R16_S33,SEC_STD01_D,16,R16-S33,STANDING,AVAILABLE,0
SEC_STD01_D_R16_S34,SEC_STD01_D,16,R16-S34,STANDING,AVAILABLE,0
SEC_STD01_D_R16_S35,SEC_STD01_D,16,R16-S35,STANDING,AVAILABLE,0
SEC_STD01_D_R16_S36,SEC_STD01_D,16,R16-S36,STANDING,AVAILABLE,0
SEC_STD01_D_R16_S37,SEC_STD01_D,16,R16-S37,STANDING,AVAILABLE,0
SEC_STD01_D_R16_S38,SEC_STD01_D,16,R16-S38,STANDING,AVAILABLE,0
SEC_STD01_D_R16_S39,SEC_STD01_D,16,R16-S39,STANDING,AVAILABLE,0
SEC_STD01_D_R16_S40,SEC_STD01_D,16,R16-S40,STANDING,AVAILABLE,0
SEC_STD01_D_R16_S41,SEC_STD01_D,16,R16-S41,STANDING,AVAILABLE,0
SEC_STD01_D_R16_S42,SEC_STD01_D,16,R16-S42,STANDING,AVAILABLE,0
SEC_STD01_D_R16_S43,SEC_STD01_D,16,R16-S43,STANDING,AVAILABLE,0
SEC_STD01_D_R16_S44,SEC_STD01_D,16,R16-S44,STANDING,AVAILABLE,0
SEC_STD01_D_R16_S45,SEC_STD01_D,16,R16-S45,STANDING,AVAILABLE,0
SEC_STD01_D_R16_S46,SEC_STD01_D,16,R16-S46,STANDING,AVAILABLE,0
SEC_STD01_D_R16_S47,SEC_STD01_D,16,R16-S47,STANDING,AVAILABLE,0
SEC_STD01_D_R16_S48,SEC_STD01_D,16,R16-S48,STANDING,AVAILABLE,0
SEC_STD01_D_R16_S49,SEC_STD01_D,16,R16-S49,STANDING,AVAILABLE,0
SEC_STD01_D_R16_S50,SEC_STD01_D,16,R16-S50,STANDING,AVAILABLE,0
SEC_STD01_D_R17_S01,SEC_STD01_D,17,R17-S01,STANDING,AVAILABLE,0
SEC_STD01_D_R17_S02,SEC_STD01_D,17,R17-S02,STANDING,AVAILABLE,0
SEC_STD01_D_R17_S03,SEC_STD01_D,17,R17-S03,STANDING,AVAILABLE,0
SEC_STD01_D_R17_S04,SEC_STD01_D,17,R17-S04,STANDING,AVAILABLE,0
SEC_STD01_D_R17_S05,SEC_STD01_D,17,R17-S05,STANDING,AVAILABLE,0
SEC_STD01_D_R17_S06,SEC_STD01_D,17,R17-S06,STANDING,AVAILABLE,0
SEC_STD01_D_R17_S07,SEC_STD01_D,17,R17-S07,STANDING,AVAILABLE,0
SEC_STD01_D_R17_S08,SEC_STD01_D,17,R17-S08,STANDING,AVAILABLE,0
SEC_STD01_D_R17_S09,SEC_STD01_D,17,R17-S09,STANDING,AVAILABLE,0
SEC_STD01_D_R17_S10,SEC_STD01_D,17,R17-S10,STANDING,AVAILABLE,0
SEC_STD01_D_R17_S11,SEC_STD01_D,17,R17-S11,STANDING,AVAILABLE,0
SEC_STD01_D_R17_S12,SEC_STD01_D,17,R17-S12,STANDING,AVAILABLE,0
SEC_STD01_D_R17_S13,SEC_STD01_D,17,R17-S13,STANDING,AVAILABLE,0
SEC_STD01_D_R17_S14,SEC_STD01_D,17,R17-S14,STANDING,AVAILABLE,0
SEC_STD01_D_R17_S15,SEC_STD01_D,17,R17-S15,STANDING,AVAILABLE,0
SEC_STD01_D_R17_S16,SEC_STD01_D,17,R17-S16,STANDING,AVAILABLE,0
SEC_STD01_D_R17_S17,SEC_STD01_D,17,R17-S17,STANDING,AVAILABLE,0
SEC_STD01_D_R17_S18,SEC_STD01_D,17,R17-S18,STANDING,AVAILABLE,0
SEC_STD01_D_R17_S19,SEC_STD01_D,17,R17-S19,STANDING,AVAILABLE,0
SEC_STD01_D_R17_S20,SEC_STD01_D,17,R17-S20,STANDING,AVAILABLE,0
SEC_STD01_D_R17_S21,SEC_STD01_D,17,R17-S21,STANDING,AVAILABLE,0
SEC_STD01_D_R17_S22,SEC_STD01_D,17,R17-S22,STANDING,AVAILABLE,0
SEC_STD01_D_R17_S23,SEC_STD01_D,17,R17-S23,STANDING,AVAILABLE,0
SEC_STD01_D_R17_S24,SEC_STD01_D,17,R17-S24,STANDING,AVAILABLE,0
SEC_STD01_D_R17_S25,SEC_STD01_D,17,R17-S25,STANDING,AVAILABLE,0
SEC_STD01_D_R17_S26,SEC_STD01_D,17,R17-S26,STANDING,AVAILABLE,0
SEC_STD01_D_R17_S27,SEC_STD01_D,17,R17-S27,STANDING,AVAILABLE,0
SEC_STD01_D_R17_S28,SEC_STD01_D,17,R17-S28,STANDING,AVAILABLE,0
SEC_STD01_D_R17_S29,SEC_STD01_D,17,R17-S29,STANDING,AVAILABLE,0
SEC_STD01_D_R17_S30,SEC_STD01_D,17,R17-S30,STANDING,AVAILABLE,0
SEC_STD01_D_R17_S31,SEC_STD01_D,17,R17-S31,STANDING,AVAILABLE,0
SEC_STD01_D_R17_S32,SEC_STD01_D,17,R17-S32,STANDING,AVAILABLE,0
SEC_STD01_D_R17_S33,SEC_STD01_D,17,R17-S33,STANDING,AVAILABLE,0
SEC_STD01_D_R17_S34,SEC_STD01_D,17,R17-S34,STANDING,AVAILABLE,0
SEC_STD01_D_R17_S35,SEC_STD01_D,17,R17-S35,STANDING,AVAILABLE,0
SEC_STD01_D_R17_S36,SEC_STD01_D,17,R17-S36,STANDING,AVAILABLE,0
SEC_STD01_D_R17_S37,SEC_STD01_D,17,R17-S37,STANDING,AVAILABLE,0
SEC_STD01_D_R17_S38,SEC_STD01_D,17,R17-S38,STANDING,AVAILABLE,0
SEC_STD01_D_R17_S39,SEC_STD01_D,17,R17-S39,STANDING,AVAILABLE,0
SEC_STD01_D_R17_S40,SEC_STD01_D,17,R17-S40,STANDING,AVAILABLE,0
SEC_STD01_D_R17_S41,SEC_STD01_D,17,R17-S41,STANDING,AVAILABLE,0
SEC_STD01_D_R17_S42,SEC_STD01_D,17,R17-S42,STANDING,AVAILABLE,0
SEC_STD01_D_R17_S43,SEC_STD01_D,17,R17-S43,STANDING,AVAILABLE,0
SEC_STD01_D_R17_S44,SEC_STD01_D,17,R17-S44,STANDING,AVAILABLE,0
SEC_STD01_D_R17_S45,SEC_STD01_D,17,R17-S45,STANDING,AVAILABLE,0
SEC_STD01_D_R17_S46,SEC_STD01_D,17,R17-S46,STANDING,AVAILABLE,0
SEC_STD01_D_R17_S47,SEC_STD01_D,17,R17-S47,STANDING,AVAILABLE,0
SEC_STD01_D_R17_S48,SEC_STD01_D,17,R17-S48,STANDING,AVAILABLE,0
SEC_STD01_D_R17_S49,SEC_STD01_D,17,R17-S49,STANDING,AVAILABLE,0
SEC_STD01_D_R17_S50,SEC_STD01_D,17,R17-S50,STANDING,AVAILABLE,0
SEC_STD01_D_R18_S01,SEC_STD01_D,18,R18-S01,STANDING,AVAILABLE,0
SEC_STD01_D_R18_S02,SEC_STD01_D,18,R18-S02,STANDING,AVAILABLE,0
SEC_STD01_D_R18_S03,SEC_STD01_D,18,R18-S03,STANDING,AVAILABLE,0
SEC_STD01_D_R18_S04,SEC_STD01_D,18,R18-S04,STANDING,AVAILABLE,0
SEC_STD01_D_R18_S05,SEC_STD01_D,18,R18-S05,STANDING,AVAILABLE,0
SEC_STD01_D_R18_S06,SEC_STD01_D,18,R18-S06,STANDING,AVAILABLE,0
SEC_STD01_D_R18_S07,SEC_STD01_D,18,R18-S07,STANDING,AVAILABLE,0
SEC_STD01_D_R18_S08,SEC_STD01_D,18,R18-S08,STANDING,AVAILABLE,0
SEC_STD01_D_R18_S09,SEC_STD01_D,18,R18-S09,STANDING,AVAILABLE,0
SEC_STD01_D_R18_S10,SEC_STD01_D,18,R18-S10,STANDING,AVAILABLE,0
SEC_STD01_D_R18_S11,SEC_STD01_D,18,R18-S11,STANDING,AVAILABLE,0
SEC_STD01_D_R18_S12,SEC_STD01_D,18,R18-S12,STANDING,AVAILABLE,0
SEC_STD01_D_R18_S13,SEC_STD01_D,18,R18-S13,STANDING,AVAILABLE,0
SEC_STD01_D_R18_S14,SEC_STD01_D,18,R18-S14,STANDING,AVAILABLE,0
SEC_STD01_D_R18_S15,SEC_STD01_D,18,R18-S15,STANDING,AVAILABLE,0
SEC_STD01_D_R18_S16,SEC_STD01_D,18,R18-S16,STANDING,AVAILABLE,0
SEC_STD01_D_R18_S17,SEC_STD01_D,18,R18-S17,STANDING,AVAILABLE,0
SEC_STD01_D_R18_S18,SEC_STD01_D,18,R18-S18,STANDING,AVAILABLE,0
SEC_STD01_D_R18_S19,SEC_STD01_D,18,R18-S19,STANDING,AVAILABLE,0
SEC_STD01_D_R18_S20,SEC_STD01_D,18,R18-S20,STANDING,AVAILABLE,0
SEC_STD01_D_R18_S21,SEC_STD01_D,18,R18-S21,STANDING,AVAILABLE,0
SEC_STD01_D_R18_S22,SEC_STD01_D,18,R18-S22,STANDING,AVAILABLE,0
SEC_STD01_D_R18_S23,SEC_STD01_D,18,R18-S23,STANDING,AVAILABLE,0
SEC_STD01_D_R18_S24,SEC_STD01_D,18,R18-S24,STANDING,AVAILABLE,0
SEC_STD01_D_R18_S25,SEC_STD01_D,18,R18-S25,STANDING,AVAILABLE,0
SEC_STD01_D_R18_S26,SEC_STD01_D,18,R18-S26,STANDING,AVAILABLE,0
SEC_STD01_D_R18_S27,SEC_STD01_D,18,R18-S27,STANDING,AVAILABLE,0
SEC_STD01_D_R18_S28,SEC_STD01_D,18,R18-S28,STANDING,AVAILABLE,0
SEC_STD01_D_R18_S29,SEC_STD01_D,18,R18-S29,STANDING,AVAILABLE,0
SEC_STD01_D_R18_S30,SEC_STD01_D,18,R18-S30,STANDING,AVAILABLE,0
SEC_STD01_D_R18_S31,SEC_STD01_D,18,R18-S31,STANDING,AVAILABLE,0
SEC_STD01_D_R18_S32,SEC_STD01_D,18,R18-S32,STANDING,AVAILABLE,0
SEC_STD01_D_R18_S33,SEC_STD01_D,18,R18-S33,STANDING,AVAILABLE,0
SEC_STD01_D_R18_S34,SEC_STD01_D,18,R18-S34,STANDING,AVAILABLE,0
SEC_STD01_D_R18_S35,SEC_STD01_D,18,R18-S35,STANDING,AVAILABLE,0
SEC_STD01_D_R18_S36,SEC_STD01_D,18,R18-S36,STANDING,AVAILABLE,0
SEC_STD01_D_R18_S37,SEC_STD01_D,18,R18-S37,STANDING,AVAILABLE,0
SEC_STD01_D_R18_S38,SEC_STD01_D,18,R18-S38,STANDING,AVAILABLE,0
SEC_STD01_D_R18_S39,SEC_STD01_D,18,R18-S39,STANDING,AVAILABLE,0
SEC_STD01_D_R18_S40,SEC_STD01_D,18,R18-S40,STANDING,AVAILABLE,0
SEC_STD01_D_R18_S41,SEC_STD01_D,18,R18-S41,STANDING,AVAILABLE,0
SEC_STD01_D_R18_S42,SEC_STD01_D,18,R18-S42,STANDING,AVAILABLE,0
SEC_STD01_D_R18_S43,SEC_STD01_D,18,R18-S43,STANDING,AVAILABLE,0
SEC_STD01_D_R18_S44,SEC_STD01_D,18,R18-S44,STANDING,AVAILABLE,0
SEC_STD01_D_R18_S45,SEC_STD01_D,18,R18-S45,STANDING,AVAILABLE,0
SEC_STD01_D_R18_S46,SEC_STD01_D,18,R18-S46,STANDING,AVAILABLE,0
SEC_STD01_D_R18_S47,SEC_STD01_D,18,R18-S47,STANDING,AVAILABLE,0
SEC_STD01_D_R18_S48,SEC_STD01_D,18,R18-S48,STANDING,AVAILABLE,0
SEC_STD01_D_R18_S49,SEC_STD01_D,18,R18-S49,STANDING,AVAILABLE,0
SEC_STD01_D_R18_S50,SEC_STD01_D,18,R18-S50,STANDING,AVAILABLE,0
SEC_STD01_D_R19_S01,SEC_STD01_D,19,R19-S01,STANDING,AVAILABLE,0
SEC_STD01_D_R19_S02,SEC_STD01_D,19,R19-S02,STANDING,AVAILABLE,0
SEC_STD01_D_R19_S03,SEC_STD01_D,19,R19-S03,STANDING,AVAILABLE,0
SEC_STD01_D_R19_S04,SEC_STD01_D,19,R19-S04,STANDING,AVAILABLE,0
SEC_STD01_D_R19_S05,SEC_STD01_D,19,R19-S05,STANDING,AVAILABLE,0
SEC_STD01_D_R19_S06,SEC_STD01_D,19,R19-S06,STANDING,AVAILABLE,0
SEC_STD01_D_R19_S07,SEC_STD01_D,19,R19-S07,STANDING,AVAILABLE,0
SEC_STD01_D_R19_S08,SEC_STD01_D,19,R19-S08,STANDING,AVAILABLE,0
SEC_STD01_D_R19_S09,SEC_STD01_D,19,R19-S09,STANDING,AVAILABLE,0
SEC_STD01_D_R19_S10,SEC_STD01_D,19,R19-S10,STANDING,AVAILABLE,0
SEC_STD01_D_R19_S11,SEC_STD01_D,19,R19-S11,STANDING,AVAILABLE,0
SEC_STD01_D_R19_S12,SEC_STD01_D,19,R19-S12,STANDING,AVAILABLE,0
SEC_STD01_D_R19_S13,SEC_STD01_D,19,R19-S13,STANDING,AVAILABLE,0
SEC_STD01_D_R19_S14,SEC_STD01_D,19,R19-S14,STANDING,AVAILABLE,0
SEC_STD01_D_R19_S15,SEC_STD01_D,19,R19-S15,STANDING,AVAILABLE,0
SEC_STD01_D_R19_S16,SEC_STD01_D,19,R19-S16,STANDING,AVAILABLE,0
SEC_STD01_D_R19_S17,SEC_STD01_D,19,R19-S17,STANDING,AVAILABLE,0
SEC_STD01_D_R19_S18,SEC_STD01_D,19,R19-S18,STANDING,AVAILABLE,0
SEC_STD01_D_R19_S19,SEC_STD01_D,19,R19-S19,STANDING,AVAILABLE,0
SEC_STD01_D_R19_S20,SEC_STD01_D,19,R19-S20,STANDING,AVAILABLE,0
SEC_STD01_D_R19_S21,SEC_STD01_D,19,R19-S21,STANDING,AVAILABLE,0
SEC_STD01_D_R19_S22,SEC_STD01_D,19,R19-S22,STANDING,AVAILABLE,0
SEC_STD01_D_R19_S23,SEC_STD01_D,19,R19-S23,STANDING,AVAILABLE,0
SEC_STD01_D_R19_S24,SEC_STD01_D,19,R19-S24,STANDING,AVAILABLE,0
SEC_STD01_D_R19_S25,SEC_STD01_D,19,R19-S25,STANDING,AVAILABLE,0
SEC_STD01_D_R19_S26,SEC_STD01_D,19,R19-S26,STANDING,AVAILABLE,0
SEC_STD01_D_R19_S27,SEC_STD01_D,19,R19-S27,STANDING,AVAILABLE,0
SEC_STD01_D_R19_S28,SEC_STD01_D,19,R19-S28,STANDING,AVAILABLE,0
SEC_STD01_D_R19_S29,SEC_STD01_D,19,R19-S29,STANDING,AVAILABLE,0
SEC_STD01_D_R19_S30,SEC_STD01_D,19,R19-S30,STANDING,AVAILABLE,0
SEC_STD01_D_R19_S31,SEC_STD01_D,19,R19-S31,STANDING,AVAILABLE,0
SEC_STD01_D_R19_S32,SEC_STD01_D,19,R19-S32,STANDING,AVAILABLE,0
SEC_STD01_D_R19_S33,SEC_STD01_D,19,R19-S33,STANDING,AVAILABLE,0
SEC_STD01_D_R19_S34,SEC_STD01_D,19,R19-S34,STANDING,AVAILABLE,0
SEC_STD01_D_R19_S35,SEC_STD01_D,19,R19-S35,STANDING,AVAILABLE,0
SEC_STD01_D_R19_S36,SEC_STD01_D,19,R19-S36,STANDING,AVAILABLE,0
SEC_STD01_D_R19_S37,SEC_STD01_D,19,R19-S37,STANDING,AVAILABLE,0
SEC_STD01_D_R19_S38,SEC_STD01_D,19,R19-S38,STANDING,AVAILABLE,0
SEC_STD01_D_R19_S39,SEC_STD01_D,19,R19-S39,STANDING,AVAILABLE,0
SEC_STD01_D_R19_S40,SEC_STD01_D,19,R19-S40,STANDING,AVAILABLE,0
SEC_STD01_D_R19_S41,SEC_STD01_D,19,R19-S41,STANDING,AVAILABLE,0
SEC_STD01_D_R19_S42,SEC_STD01_D,19,R19-S42,STANDING,AVAILABLE,0
SEC_STD01_D_R19_S43,SEC_STD01_D,19,R19-S43,STANDING,AVAILABLE,0
SEC_STD01_D_R19_S44,SEC_STD01_D,19,R19-S44,STANDING,AVAILABLE,0
SEC_STD01_D_R19_S45,SEC_STD01_D,19,R19-S45,STANDING,AVAILABLE,0
SEC_STD01_D_R19_S46,SEC_STD01_D,19,R19-S46,STANDING,AVAILABLE,0
SEC_STD01_D_R19_S47,SEC_STD01_D,19,R19-S47,STANDING,AVAILABLE,0
SEC_STD01_D_R19_S48,SEC_STD01_D,19,R19-S48,STANDING,AVAILABLE,0
SEC_STD01_D_R19_S49,SEC_STD01_D,19,R19-S49,STANDING,AVAILABLE,0
SEC_STD01_D_R19_S50,SEC_STD01_D,19,R19-S50,STANDING,AVAILABLE,0
SEC_STD01_D_R20_S01,SEC_STD01_D,20,R20-S01,STANDING,AVAILABLE,0
SEC_STD01_D_R20_S02,SEC_STD01_D,20,R20-S02,STANDING,AVAILABLE,0
SEC_STD01_D_R20_S03,SEC_STD01_D,20,R20-S03,STANDING,AVAILABLE,0
SEC_STD01_D_R20_S04,SEC_STD01_D,20,R20-S04,STANDING,AVAILABLE,0
SEC_STD01_D_R20_S05,SEC_STD01_D,20,R20-S05,STANDING,AVAILABLE,0
SEC_STD01_D_R20_S06,SEC_STD01_D,20,R20-S06,STANDING,AVAILABLE,0
SEC_STD01_D_R20_S07,SEC_STD01_D,20,R20-S07,STANDING,AVAILABLE,0
SEC_STD01_D_R20_S08,SEC_STD01_D,20,R20-S08,STANDING,AVAILABLE,0
SEC_STD01_D_R20_S09,SEC_STD01_D,20,R20-S09,STANDING,AVAILABLE,0
SEC_STD01_D_R20_S10,SEC_STD01_D,20,R20-S10,STANDING,AVAILABLE,0
SEC_STD01_D_R20_S11,SEC_STD01_D,20,R20-S11,STANDING,AVAILABLE,0
SEC_STD01_D_R20_S12,SEC_STD01_D,20,R20-S12,STANDING,AVAILABLE,0
SEC_STD01_D_R20_S13,SEC_STD01_D,20,R20-S13,STANDING,AVAILABLE,0
SEC_STD01_D_R20_S14,SEC_STD01_D,20,R20-S14,STANDING,AVAILABLE,0
SEC_STD01_D_R20_S15,SEC_STD01_D,20,R20-S15,STANDING,AVAILABLE,0
SEC_STD01_D_R20_S16,SEC_STD01_D,20,R20-S16,STANDING,AVAILABLE,0
SEC_STD01_D_R20_S17,SEC_STD01_D,20,R20-S17,STANDING,AVAILABLE,0
SEC_STD01_D_R20_S18,SEC_STD01_D,20,R20-S18,STANDING,AVAILABLE,0
SEC_STD01_D_R20_S19,SEC_STD01_D,20,R20-S19,STANDING,AVAILABLE,0
SEC_STD01_D_R20_S20,SEC_STD01_D,20,R20-S20,STANDING,AVAILABLE,0
SEC_STD01_D_R20_S21,SEC_STD01_D,20,R20-S21,STANDING,AVAILABLE,0
SEC_STD01_D_R20_S22,SEC_STD01_D,20,R20-S22,STANDING,AVAILABLE,0
SEC_STD01_D_R20_S23,SEC_STD01_D,20,R20-S23,STANDING,AVAILABLE,0
SEC_STD01_D_R20_S24,SEC_STD01_D,20,R20-S24,STANDING,AVAILABLE,0
SEC_STD01_D_R20_S25,SEC_STD01_D,20,R20-S25,STANDING,AVAILABLE,0
SEC_STD01_D_R20_S26,SEC_STD01_D,20,R20-S26,STANDING,AVAILABLE,0
SEC_STD01_D_R20_S27,SEC_STD01_D,20,R20-S27,STANDING,AVAILABLE,0
SEC_STD01_D_R20_S28,SEC_STD01_D,20,R20-S28,STANDING,AVAILABLE,0
SEC_STD01_D_R20_S29,SEC_STD01_D,20,R20-S29,STANDING,AVAILABLE,0
SEC_STD01_D_R20_S30,SEC_STD01_D,20,R20-S30,STANDING,AVAILABLE,0
SEC_STD01_D_R20_S31,SEC_STD01_D,20,R20-S31,STANDING,AVAILABLE,0
SEC_STD01_D_R20_S32,SEC_STD01_D,20,R20-S32,STANDING,AVAILABLE,0
SEC_STD01_D_R20_S33,SEC_STD01_D,20,R20-S33,STANDING,AVAILABLE,0
SEC_STD01_D_R20_S34,SEC_STD01_D,20,R20-S34,STANDING,AVAILABLE,0
SEC_STD01_D_R20_S35,SEC_STD01_D,20,R20-S35,STANDING,AVAILABLE,0
SEC_STD01_D_R20_S36,SEC_STD01_D,20,R20-S36,STANDING,AVAILABLE,0
SEC_STD01_D_R20_S37,SEC_STD01_D,20,R20-S37,STANDING,AVAILABLE,0
SEC_STD01_D_R20_S38,SEC_STD01_D,20,R20-S38,STANDING,AVAILABLE,0
SEC_STD01_D_R20_S39,SEC_STD01_D,20,R20-S39,STANDING,AVAILABLE,0
SEC_STD01_D_R20_S40,SEC_STD01_D,20,R20-S40,STANDING,AVAILABLE,0
SEC_STD01_D_R20_S41,SEC_STD01_D,20,R20-S41,STANDING,AVAILABLE,0
SEC_STD01_D_R20_S42,SEC_STD01_D,20,R20-S42,STANDING,AVAILABLE,0
SEC_STD01_D_R20_S43,SEC_STD01_D,20,R20-S43,STANDING,AVAILABLE,0
SEC_STD01_D_R20_S44,SEC_STD01_D,20,R20-S44,STANDING,AVAILABLE,0
SEC_STD01_D_R20_S45,SEC_STD01_D,20,R20-S45,STANDING,AVAILABLE,0
SEC_STD01_D_R20_S46,SEC_STD01_D,20,R20-S46,STANDING,AVAILABLE,0
SEC_STD01_D_R20_S47,SEC_STD01_D,20,R20-S47,STANDING,AVAILABLE,0
SEC_STD01_D_R20_S48,SEC_STD01_D,20,R20-S48,STANDING,AVAILABLE,0
SEC_STD01_D_R20_S49,SEC_STD01_D,20,R20-S49,STANDING,AVAILABLE,0
SEC_STD01_D_R20_S50,SEC_STD01_D,20,R20-S50,STANDING,AVAILABLE,0
SEC_STD01_D_R21_S01,SEC_STD01_D,21,R21-S01,STANDING,AVAILABLE,0
SEC_STD01_D_R21_S02,SEC_STD01_D,21,R21-S02,STANDING,AVAILABLE,0
SEC_STD01_D_R21_S03,SEC_STD01_D,21,R21-S03,STANDING,AVAILABLE,0
SEC_STD01_D_R21_S04,SEC_STD01_D,21,R21-S04,STANDING,AVAILABLE,0
SEC_STD01_D_R21_S05,SEC_STD01_D,21,R21-S05,STANDING,AVAILABLE,0
SEC_STD01_D_R21_S06,SEC_STD01_D,21,R21-S06,STANDING,AVAILABLE,0
SEC_STD01_D_R21_S07,SEC_STD01_D,21,R21-S07,STANDING,AVAILABLE,0
SEC_STD01_D_R21_S08,SEC_STD01_D,21,R21-S08,STANDING,AVAILABLE,0
SEC_STD01_D_R21_S09,SEC_STD01_D,21,R21-S09,STANDING,AVAILABLE,0
SEC_STD01_D_R21_S10,SEC_STD01_D,21,R21-S10,STANDING,AVAILABLE,0
SEC_STD01_D_R21_S11,SEC_STD01_D,21,R21-S11,STANDING,AVAILABLE,0
SEC_STD01_D_R21_S12,SEC_STD01_D,21,R21-S12,STANDING,AVAILABLE,0
SEC_STD01_D_R21_S13,SEC_STD01_D,21,R21-S13,STANDING,AVAILABLE,0
SEC_STD01_D_R21_S14,SEC_STD01_D,21,R21-S14,STANDING,AVAILABLE,0
SEC_STD01_D_R21_S15,SEC_STD01_D,21,R21-S15,STANDING,AVAILABLE,0
SEC_STD01_D_R21_S16,SEC_STD01_D,21,R21-S16,STANDING,AVAILABLE,0
SEC_STD01_D_R21_S17,SEC_STD01_D,21,R21-S17,STANDING,AVAILABLE,0
SEC_STD01_D_R21_S18,SEC_STD01_D,21,R21-S18,STANDING,AVAILABLE,0
SEC_STD01_D_R21_S19,SEC_STD01_D,21,R21-S19,STANDING,AVAILABLE,0
SEC_STD01_D_R21_S20,SEC_STD01_D,21,R21-S20,STANDING,AVAILABLE,0
SEC_STD01_D_R21_S21,SEC_STD01_D,21,R21-S21,STANDING,AVAILABLE,0
SEC_STD01_D_R21_S22,SEC_STD01_D,21,R21-S22,STANDING,AVAILABLE,0
SEC_STD01_D_R21_S23,SEC_STD01_D,21,R21-S23,STANDING,AVAILABLE,0
SEC_STD01_D_R21_S24,SEC_STD01_D,21,R21-S24,STANDING,AVAILABLE,0
SEC_STD01_D_R21_S25,SEC_STD01_D,21,R21-S25,STANDING,AVAILABLE,0
SEC_STD01_D_R21_S26,SEC_STD01_D,21,R21-S26,STANDING,AVAILABLE,0
SEC_STD01_D_R21_S27,SEC_STD01_D,21,R21-S27,STANDING,AVAILABLE,0
SEC_STD01_D_R21_S28,SEC_STD01_D,21,R21-S28,STANDING,AVAILABLE,0
SEC_STD01_D_R21_S29,SEC_STD01_D,21,R21-S29,STANDING,AVAILABLE,0
SEC_STD01_D_R21_S30,SEC_STD01_D,21,R21-S30,STANDING,AVAILABLE,0
SEC_STD01_D_R21_S31,SEC_STD01_D,21,R21-S31,STANDING,AVAILABLE,0
SEC_STD01_D_R21_S32,SEC_STD01_D,21,R21-S32,STANDING,AVAILABLE,0
SEC_STD01_D_R21_S33,SEC_STD01_D,21,R21-S33,STANDING,AVAILABLE,0
SEC_STD01_D_R21_S34,SEC_STD01_D,21,R21-S34,STANDING,AVAILABLE,0
SEC_STD01_D_R21_S35,SEC_STD01_D,21,R21-S35,STANDING,AVAILABLE,0
SEC_STD01_D_R21_S36,SEC_STD01_D,21,R21-S36,STANDING,AVAILABLE,0
SEC_STD01_D_R21_S37,SEC_STD01_D,21,R21-S37,STANDING,AVAILABLE,0
SEC_STD01_D_R21_S38,SEC_STD01_D,21,R21-S38,STANDING,AVAILABLE,0
SEC_STD01_D_R21_S39,SEC_STD01_D,21,R21-S39,STANDING,AVAILABLE,0
SEC_STD01_D_R21_S40,SEC_STD01_D,21,R21-S40,STANDING,AVAILABLE,0
SEC_STD01_D_R21_S41,SEC_STD01_D,21,R21-S41,STANDING,AVAILABLE,0
SEC_STD01_D_R21_S42,SEC_STD01_D,21,R21-S42,STANDING,AVAILABLE,0
SEC_STD01_D_R21_S43,SEC_STD01_D,21,R21-S43,STANDING,AVAILABLE,0
SEC_STD01_D_R21_S44,SEC_STD01_D,21,R21-S44,STANDING,AVAILABLE,0
SEC_STD01_D_R21_S45,SEC_STD01_D,21,R21-S45,STANDING,AVAILABLE,0
SEC_STD01_D_R21_S46,SEC_STD01_D,21,R21-S46,STANDING,AVAILABLE,0
SEC_STD01_D_R21_S47,SEC_STD01_D,21,R21-S47,STANDING,AVAILABLE,0
SEC_STD01_D_R21_S48,SEC_STD01_D,21,R21-S48,STANDING,AVAILABLE,0
SEC_STD01_D_R21_S49,SEC_STD01_D,21,R21-S49,STANDING,AVAILABLE,0
SEC_STD01_D_R21_S50,SEC_STD01_D,21,R21-S50,STANDING,AVAILABLE,0
SEC_STD01_D_R22_S01,SEC_STD01_D,22,R22-S01,STANDING,AVAILABLE,0
SEC_STD01_D_R22_S02,SEC_STD01_D,22,R22-S02,STANDING,AVAILABLE,0
SEC_STD01_D_R22_S03,SEC_STD01_D,22,R22-S03,STANDING,AVAILABLE,0
SEC_STD01_D_R22_S04,SEC_STD01_D,22,R22-S04,STANDING,AVAILABLE,0
SEC_STD01_D_R22_S05,SEC_STD01_D,22,R22-S05,STANDING,AVAILABLE,0
SEC_STD01_D_R22_S06,SEC_STD01_D,22,R22-S06,STANDING,AVAILABLE,0
SEC_STD01_D_R22_S07,SEC_STD01_D,22,R22-S07,STANDING,AVAILABLE,0
SEC_STD01_D_R22_S08,SEC_STD01_D,22,R22-S08,STANDING,AVAILABLE,0
SEC_STD01_D_R22_S09,SEC_STD01_D,22,R22-S09,STANDING,AVAILABLE,0
SEC_STD01_D_R22_S10,SEC_STD01_D,22,R22-S10,STANDING,AVAILABLE,0
SEC_STD01_D_R22_S11,SEC_STD01_D,22,R22-S11,STANDING,AVAILABLE,0
SEC_STD01_D_R22_S12,SEC_STD01_D,22,R22-S12,STANDING,AVAILABLE,0
SEC_STD01_D_R22_S13,SEC_STD01_D,22,R22-S13,STANDING,AVAILABLE,0
SEC_STD01_D_R22_S14,SEC_STD01_D,22,R22-S14,STANDING,AVAILABLE,0
SEC_STD01_D_R22_S15,SEC_STD01_D,22,R22-S15,STANDING,AVAILABLE,0
SEC_STD01_D_R22_S16,SEC_STD01_D,22,R22-S16,STANDING,AVAILABLE,0
SEC_STD01_D_R22_S17,SEC_STD01_D,22,R22-S17,STANDING,AVAILABLE,0
SEC_STD01_D_R22_S18,SEC_STD01_D,22,R22-S18,STANDING,AVAILABLE,0
SEC_STD01_D_R22_S19,SEC_STD01_D,22,R22-S19,STANDING,AVAILABLE,0
SEC_STD01_D_R22_S20,SEC_STD01_D,22,R22-S20,STANDING,AVAILABLE,0
SEC_STD01_D_R22_S21,SEC_STD01_D,22,R22-S21,STANDING,AVAILABLE,0
SEC_STD01_D_R22_S22,SEC_STD01_D,22,R22-S22,STANDING,AVAILABLE,0
SEC_STD01_D_R22_S23,SEC_STD01_D,22,R22-S23,STANDING,AVAILABLE,0
SEC_STD01_D_R22_S24,SEC_STD01_D,22,R22-S24,STANDING,AVAILABLE,0
SEC_STD01_D_R22_S25,SEC_STD01_D,22,R22-S25,STANDING,AVAILABLE,0
SEC_STD01_D_R22_S26,SEC_STD01_D,22,R22-S26,STANDING,AVAILABLE,0
SEC_STD01_D_R22_S27,SEC_STD01_D,22,R22-S27,STANDING,AVAILABLE,0
SEC_STD01_D_R22_S28,SEC_STD01_D,22,R22-S28,STANDING,AVAILABLE,0
SEC_STD01_D_R22_S29,SEC_STD01_D,22,R22-S29,STANDING,AVAILABLE,0
SEC_STD01_D_R22_S30,SEC_STD01_D,22,R22-S30,STANDING,AVAILABLE,0
SEC_STD01_D_R22_S31,SEC_STD01_D,22,R22-S31,STANDING,AVAILABLE,0
SEC_STD01_D_R22_S32,SEC_STD01_D,22,R22-S32,STANDING,AVAILABLE,0
SEC_STD01_D_R22_S33,SEC_STD01_D,22,R22-S33,STANDING,AVAILABLE,0
SEC_STD01_D_R22_S34,SEC_STD01_D,22,R22-S34,STANDING,AVAILABLE,0
SEC_STD01_D_R22_S35,SEC_STD01_D,22,R22-S35,STANDING,AVAILABLE,0
SEC_STD01_D_R22_S36,SEC_STD01_D,22,R22-S36,STANDING,AVAILABLE,0
SEC_STD01_D_R22_S37,SEC_STD01_D,22,R22-S37,STANDING,AVAILABLE,0
SEC_STD01_D_R22_S38,SEC_STD01_D,22,R22-S38,STANDING,AVAILABLE,0
SEC_STD01_D_R22_S39,SEC_STD01_D,22,R22-S39,STANDING,AVAILABLE,0
SEC_STD01_D_R22_S40,SEC_STD01_D,22,R22-S40,STANDING,AVAILABLE,0
SEC_STD01_D_R22_S41,SEC_STD01_D,22,R22-S41,STANDING,AVAILABLE,0
SEC_STD01_D_R22_S42,SEC_STD01_D,22,R22-S42,STANDING,AVAILABLE,0
SEC_STD01_D_R22_S43,SEC_STD01_D,22,R22-S43,STANDING,AVAILABLE,0
SEC_STD01_D_R22_S44,SEC_STD01_D,22,R22-S44,STANDING,AVAILABLE,0
SEC_STD01_D_R22_S45,SEC_STD01_D,22,R22-S45,STANDING,AVAILABLE,0
SEC_STD01_D_R22_S46,SEC_STD01_D,22,R22-S46,STANDING,AVAILABLE,0
SEC_STD01_D_R22_S47,SEC_STD01_D,22,R22-S47,STANDING,AVAILABLE,0
SEC_STD01_D_R22_S48,SEC_STD01_D,22,R22-S48,STANDING,AVAILABLE,0
SEC_STD01_D_R22_S49,SEC_STD01_D,22,R22-S49,STANDING,AVAILABLE,0
SEC_STD01_D_R22_S50,SEC_STD01_D,22,R22-S50,STANDING,AVAILABLE,0
SEC_STD01_D_R23_S01,SEC_STD01_D,23,R23-S01,STANDING,AVAILABLE,0
SEC_STD01_D_R23_S02,SEC_STD01_D,23,R23-S02,STANDING,AVAILABLE,0
SEC_STD01_D_R23_S03,SEC_STD01_D,23,R23-S03,STANDING,AVAILABLE,0
SEC_STD01_D_R23_S04,SEC_STD01_D,23,R23-S04,STANDING,AVAILABLE,0
SEC_STD01_D_R23_S05,SEC_STD01_D,23,R23-S05,STANDING,AVAILABLE,0
SEC_STD01_D_R23_S06,SEC_STD01_D,23,R23-S06,STANDING,AVAILABLE,0
SEC_STD01_D_R23_S07,SEC_STD01_D,23,R23-S07,STANDING,AVAILABLE,0
SEC_STD01_D_R23_S08,SEC_STD01_D,23,R23-S08,STANDING,AVAILABLE,0
SEC_STD01_D_R23_S09,SEC_STD01_D,23,R23-S09,STANDING,AVAILABLE,0
SEC_STD01_D_R23_S10,SEC_STD01_D,23,R23-S10,STANDING,AVAILABLE,0
SEC_STD01_D_R23_S11,SEC_STD01_D,23,R23-S11,STANDING,AVAILABLE,0
SEC_STD01_D_R23_S12,SEC_STD01_D,23,R23-S12,STANDING,AVAILABLE,0
SEC_STD01_D_R23_S13,SEC_STD01_D,23,R23-S13,STANDING,AVAILABLE,0
SEC_STD01_D_R23_S14,SEC_STD01_D,23,R23-S14,STANDING,AVAILABLE,0
SEC_STD01_D_R23_S15,SEC_STD01_D,23,R23-S15,STANDING,AVAILABLE,0
SEC_STD01_D_R23_S16,SEC_STD01_D,23,R23-S16,STANDING,AVAILABLE,0
SEC_STD01_D_R23_S17,SEC_STD01_D,23,R23-S17,STANDING,AVAILABLE,0
SEC_STD01_D_R23_S18,SEC_STD01_D,23,R23-S18,STANDING,AVAILABLE,0
SEC_STD01_D_R23_S19,SEC_STD01_D,23,R23-S19,STANDING,AVAILABLE,0
SEC_STD01_D_R23_S20,SEC_STD01_D,23,R23-S20,STANDING,AVAILABLE,0
SEC_STD01_D_R23_S21,SEC_STD01_D,23,R23-S21,STANDING,AVAILABLE,0
SEC_STD01_D_R23_S22,SEC_STD01_D,23,R23-S22,STANDING,AVAILABLE,0
SEC_STD01_D_R23_S23,SEC_STD01_D,23,R23-S23,STANDING,AVAILABLE,0
SEC_STD01_D_R23_S24,SEC_STD01_D,23,R23-S24,STANDING,AVAILABLE,0
SEC_STD01_D_R23_S25,SEC_STD01_D,23,R23-S25,STANDING,AVAILABLE,0
SEC_STD01_D_R23_S26,SEC_STD01_D,23,R23-S26,STANDING,AVAILABLE,0
SEC_STD01_D_R23_S27,SEC_STD01_D,23,R23-S27,STANDING,AVAILABLE,0
SEC_STD01_D_R23_S28,SEC_STD01_D,23,R23-S28,STANDING,AVAILABLE,0
SEC_STD01_D_R23_S29,SEC_STD01_D,23,R23-S29,STANDING,AVAILABLE,0
SEC_STD01_D_R23_S30,SEC_STD01_D,23,R23-S30,STANDING,AVAILABLE,0
SEC_STD01_D_R23_S31,SEC_STD01_D,23,R23-S31,STANDING,AVAILABLE,0
SEC_STD01_D_R23_S32,SEC_STD01_D,23,R23-S32,STANDING,AVAILABLE,0
SEC_STD01_D_R23_S33,SEC_STD01_D,23,R23-S33,STANDING,AVAILABLE,0
SEC_STD01_D_R23_S34,SEC_STD01_D,23,R23-S34,STANDING,AVAILABLE,0
SEC_STD01_D_R23_S35,SEC_STD01_D,23,R23-S35,STANDING,AVAILABLE,0
SEC_STD01_D_R23_S36,SEC_STD01_D,23,R23-S36,STANDING,AVAILABLE,0
SEC_STD01_D_R23_S37,SEC_STD01_D,23,R23-S37,STANDING,AVAILABLE,0
SEC_STD01_D_R23_S38,SEC_STD01_D,23,R23-S38,STANDING,AVAILABLE,0
SEC_STD01_D_R23_S39,SEC_STD01_D,23,R23-S39,STANDING,AVAILABLE,0
SEC_STD01_D_R23_S40,SEC_STD01_D,23,R23-S40,STANDING,AVAILABLE,0
SEC_STD01_D_R23_S41,SEC_STD01_D,23,R23-S41,STANDING,AVAILABLE,0
SEC_STD01_D_R23_S42,SEC_STD01_D,23,R23-S42,STANDING,AVAILABLE,0
SEC_STD01_D_R23_S43,SEC_STD01_D,23,R23-S43,STANDING,AVAILABLE,0
SEC_STD01_D_R23_S44,SEC_STD01_D,23,R23-S44,STANDING,AVAILABLE,0
SEC_STD01_D_R23_S45,SEC_STD01_D,23,R23-S45,STANDING,AVAILABLE,0
SEC_STD01_D_R23_S46,SEC_STD01_D,23,R23-S46,STANDING,AVAILABLE,0
SEC_STD01_D_R23_S47,SEC_STD01_D,23,R23-S47,STANDING,AVAILABLE,0
SEC_STD01_D_R23_S48,SEC_STD01_D,23,R23-S48,STANDING,AVAILABLE,0
SEC_STD01_D_R23_S49,SEC_STD01_D,23,R23-S49,STANDING,AVAILABLE,0
SEC_STD01_D_R23_S50,SEC_STD01_D,23,R23-S50,STANDING,AVAILABLE,0
SEC_STD01_D_R24_S01,SEC_STD01_D,24,R24-S01,STANDING,AVAILABLE,0
SEC_STD01_D_R24_S02,SEC_STD01_D,24,R24-S02,STANDING,AVAILABLE,0
SEC_STD01_D_R24_S03,SEC_STD01_D,24,R24-S03,STANDING,AVAILABLE,0
SEC_STD01_D_R24_S04,SEC_STD01_D,24,R24-S04,STANDING,AVAILABLE,0
SEC_STD01_D_R24_S05,SEC_STD01_D,24,R24-S05,STANDING,AVAILABLE,0
SEC_STD01_D_R24_S06,SEC_STD01_D,24,R24-S06,STANDING,AVAILABLE,0
SEC_STD01_D_R24_S07,SEC_STD01_D,24,R24-S07,STANDING,AVAILABLE,0
SEC_STD01_D_R24_S08,SEC_STD01_D,24,R24-S08,STANDING,AVAILABLE,0
SEC_STD01_D_R24_S09,SEC_STD01_D,24,R24-S09,STANDING,AVAILABLE,0
SEC_STD01_D_R24_S10,SEC_STD01_D,24,R24-S10,STANDING,AVAILABLE,0
SEC_STD01_D_R24_S11,SEC_STD01_D,24,R24-S11,STANDING,AVAILABLE,0
SEC_STD01_D_R24_S12,SEC_STD01_D,24,R24-S12,STANDING,AVAILABLE,0
SEC_STD01_D_R24_S13,SEC_STD01_D,24,R24-S13,STANDING,AVAILABLE,0
SEC_STD01_D_R24_S14,SEC_STD01_D,24,R24-S14,STANDING,AVAILABLE,0
SEC_STD01_D_R24_S15,SEC_STD01_D,24,R24-S15,STANDING,AVAILABLE,0
SEC_STD01_D_R24_S16,SEC_STD01_D,24,R24-S16,STANDING,AVAILABLE,0
SEC_STD01_D_R24_S17,SEC_STD01_D,24,R24-S17,STANDING,AVAILABLE,0
SEC_STD01_D_R24_S18,SEC_STD01_D,24,R24-S18,STANDING,AVAILABLE,0
SEC_STD01_D_R24_S19,SEC_STD01_D,24,R24-S19,STANDING,AVAILABLE,0
SEC_STD01_D_R24_S20,SEC_STD01_D,24,R24-S20,STANDING,AVAILABLE,0
SEC_STD01_D_R24_S21,SEC_STD01_D,24,R24-S21,STANDING,AVAILABLE,0
SEC_STD01_D_R24_S22,SEC_STD01_D,24,R24-S22,STANDING,AVAILABLE,0
SEC_STD01_D_R24_S23,SEC_STD01_D,24,R24-S23,STANDING,AVAILABLE,0
SEC_STD01_D_R24_S24,SEC_STD01_D,24,R24-S24,STANDING,AVAILABLE,0
SEC_STD01_D_R24_S25,SEC_STD01_D,24,R24-S25,STANDING,AVAILABLE,0
SEC_STD01_D_R24_S26,SEC_STD01_D,24,R24-S26,STANDING,AVAILABLE,0
SEC_STD01_D_R24_S27,SEC_STD01_D,24,R24-S27,STANDING,AVAILABLE,0
SEC_STD01_D_R24_S28,SEC_STD01_D,24,R24-S28,STANDING,AVAILABLE,0
SEC_STD01_D_R24_S29,SEC_STD01_D,24,R24-S29,STANDING,AVAILABLE,0
SEC_STD01_D_R24_S30,SEC_STD01_D,24,R24-S30,STANDING,AVAILABLE,0
SEC_STD01_D_R24_S31,SEC_STD01_D,24,R24-S31,STANDING,AVAILABLE,0
SEC_STD01_D_R24_S32,SEC_STD01_D,24,R24-S32,STANDING,AVAILABLE,0
SEC_STD01_D_R24_S33,SEC_STD01_D,24,R24-S33,STANDING,AVAILABLE,0
SEC_STD01_D_R24_S34,SEC_STD01_D,24,R24-S34,STANDING,AVAILABLE,0
SEC_STD01_D_R24_S35,SEC_STD01_D,24,R24-S35,STANDING,AVAILABLE,0
SEC_STD01_D_R24_S36,SEC_STD01_D,24,R24-S36,STANDING,AVAILABLE,0
SEC_STD01_D_R24_S37,SEC_STD01_D,24,R24-S37,STANDING,AVAILABLE,0
SEC_STD01_D_R24_S38,SEC_STD01_D,24,R24-S38,STANDING,AVAILABLE,0
SEC_STD01_D_R24_S39,SEC_STD01_D,24,R24-S39,STANDING,AVAILABLE,0
SEC_STD01_D_R24_S40,SEC_STD01_D,24,R24-S40,STANDING,AVAILABLE,0
SEC_STD01_D_R24_S41,SEC_STD01_D,24,R24-S41,STANDING,AVAILABLE,0
SEC_STD01_D_R24_S42,SEC_STD01_D,24,R24-S42,STANDING,AVAILABLE,0
SEC_STD01_D_R24_S43,SEC_STD01_D,24,R24-S43,STANDING,AVAILABLE,0
SEC_STD01_D_R24_S44,SEC_STD01_D,24,R24-S44,STANDING,AVAILABLE,0
SEC_STD01_D_R24_S45,SEC_STD01_D,24,R24-S45,STANDING,AVAILABLE,0
SEC_STD01_D_R24_S46,SEC_STD01_D,24,R24-S46,STANDING,AVAILABLE,0
SEC_STD01_D_R24_S47,SEC_STD01_D,24,R24-S47,STANDING,AVAILABLE,0
SEC_STD01_D_R24_S48,SEC_STD01_D,24,R24-S48,STANDING,AVAILABLE,0
SEC_STD01_D_R24_S49,SEC_STD01_D,24,R24-S49,STANDING,AVAILABLE,0
SEC_STD01_D_R24_S50,SEC_STD01_D,24,R24-S50,STANDING,AVAILABLE,0
SEC_STD01_D_R25_S01,SEC_STD01_D,25,R25-S01,STANDING,AVAILABLE,0
SEC_STD01_D_R25_S02,SEC_STD01_D,25,R25-S02,STANDING,AVAILABLE,0
SEC_STD01_D_R25_S03,SEC_STD01_D,25,R25-S03,STANDING,AVAILABLE,0
SEC_STD01_D_R25_S04,SEC_STD01_D,25,R25-S04,STANDING,AVAILABLE,0
SEC_STD01_D_R25_S05,SEC_STD01_D,25,R25-S05,STANDING,AVAILABLE,0
SEC_STD01_D_R25_S06,SEC_STD01_D,25,R25-S06,STANDING,AVAILABLE,0
SEC_STD01_D_R25_S07,SEC_STD01_D,25,R25-S07,STANDING,AVAILABLE,0
SEC_STD01_D_R25_S08,SEC_STD01_D,25,R25-S08,STANDING,AVAILABLE,0
SEC_STD01_D_R25_S09,SEC_STD01_D,25,R25-S09,STANDING,AVAILABLE,0
SEC_STD01_D_R25_S10,SEC_STD01_D,25,R25-S10,STANDING,AVAILABLE,0
SEC_STD01_D_R25_S11,SEC_STD01_D,25,R25-S11,STANDING,AVAILABLE,0
SEC_STD01_D_R25_S12,SEC_STD01_D,25,R25-S12,STANDING,AVAILABLE,0
SEC_STD01_D_R25_S13,SEC_STD01_D,25,R25-S13,STANDING,AVAILABLE,0
SEC_STD01_D_R25_S14,SEC_STD01_D,25,R25-S14,STANDING,AVAILABLE,0
SEC_STD01_D_R25_S15,SEC_STD01_D,25,R25-S15,STANDING,AVAILABLE,0
SEC_STD01_D_R25_S16,SEC_STD01_D,25,R25-S16,STANDING,AVAILABLE,0
SEC_STD01_D_R25_S17,SEC_STD01_D,25,R25-S17,STANDING,AVAILABLE,0
SEC_STD01_D_R25_S18,SEC_STD01_D,25,R25-S18,STANDING,AVAILABLE,0
SEC_STD01_D_R25_S19,SEC_STD01_D,25,R25-S19,STANDING,AVAILABLE,0
SEC_STD01_D_R25_S20,SEC_STD01_D,25,R25-S20,STANDING,AVAILABLE,0
SEC_STD01_D_R25_S21,SEC_STD01_D,25,R25-S21,STANDING,AVAILABLE,0
SEC_STD01_D_R25_S22,SEC_STD01_D,25,R25-S22,STANDING,AVAILABLE,0
SEC_STD01_D_R25_S23,SEC_STD01_D,25,R25-S23,STANDING,AVAILABLE,0
SEC_STD01_D_R25_S24,SEC_STD01_D,25,R25-S24,STANDING,AVAILABLE,0
SEC_STD01_D_R25_S25,SEC_STD01_D,25,R25-S25,STANDING,AVAILABLE,0
SEC_STD01_D_R25_S26,SEC_STD01_D,25,R25-S26,STANDING,AVAILABLE,0
SEC_STD01_D_R25_S27,SEC_STD01_D,25,R25-S27,STANDING,AVAILABLE,0
SEC_STD01_D_R25_S28,SEC_STD01_D,25,R25-S28,STANDING,AVAILABLE,0
SEC_STD01_D_R25_S29,SEC_STD01_D,25,R25-S29,STANDING,AVAILABLE,0
SEC_STD01_D_R25_S30,SEC_STD01_D,25,R25-S30,STANDING,AVAILABLE,0
SEC_STD01_D_R25_S31,SEC_STD01_D,25,R25-S31,STANDING,AVAILABLE,0
SEC_STD01_D_R25_S32,SEC_STD01_D,25,R25-S32,STANDING,AVAILABLE,0
SEC_STD01_D_R25_S33,SEC_STD01_D,25,R25-S33,STANDING,AVAILABLE,0
SEC_STD01_D_R25_S34,SEC_STD01_D,25,R25-S34,STANDING,AVAILABLE,0
SEC_STD01_D_R25_S35,SEC_STD01_D,25,R25-S35,STANDING,AVAILABLE,0
SEC_STD01_D_R25_S36,SEC_STD01_D,25,R25-S36,STANDING,AVAILABLE,0
SEC_STD01_D_R25_S37,SEC_STD01_D,25,R25-S37,STANDING,AVAILABLE,0
SEC_STD01_D_R25_S38,SEC_STD01_D,25,R25-S38,STANDING,AVAILABLE,0
SEC_STD01_D_R25_S39,SEC_STD01_D,25,R25-S39,STANDING,AVAILABLE,0
SEC_STD01_D_R25_S40,SEC_STD01_D,25,R25-S40,STANDING,AVAILABLE,0
SEC_STD01_D_R25_S41,SEC_STD01_D,25,R25-S41,STANDING,AVAILABLE,0
SEC_STD01_D_R25_S42,SEC_STD01_D,25,R25-S42,STANDING,AVAILABLE,0
SEC_STD01_D_R25_S43,SEC_STD01_D,25,R25-S43,STANDING,AVAILABLE,0
SEC_STD01_D_R25_S44,SEC_STD01_D,25,R25-S44,STANDING,AVAILABLE,0
SEC_STD01_D_R25_S45,SEC_STD01_D,25,R25-S45,STANDING,AVAILABLE,0
SEC_STD01_D_R25_S46,SEC_STD01_D,25,R25-S46,STANDING,AVAILABLE,0
SEC_STD01_D_R25_S47,SEC_STD01_D,25,R25-S47,STANDING,AVAILABLE,0
SEC_STD01_D_R25_S48,SEC_STD01_D,25,R25-S48,STANDING,AVAILABLE,0
SEC_STD01_D_R25_S49,SEC_STD01_D,25,R25-S49,STANDING,AVAILABLE,0
SEC_STD01_D_R25_S50,SEC_STD01_D,25,R25-S50,STANDING,AVAILABLE,0
SEC_STD01_D_R26_S01,SEC_STD01_D,26,R26-S01,STANDING,AVAILABLE,0
SEC_STD01_D_R26_S02,SEC_STD01_D,26,R26-S02,STANDING,AVAILABLE,0
SEC_STD01_D_R26_S03,SEC_STD01_D,26,R26-S03,STANDING,AVAILABLE,0
SEC_STD01_D_R26_S04,SEC_STD01_D,26,R26-S04,STANDING,AVAILABLE,0
SEC_STD01_D_R26_S05,SEC_STD01_D,26,R26-S05,STANDING,AVAILABLE,0
SEC_STD01_D_R26_S06,SEC_STD01_D,26,R26-S06,STANDING,AVAILABLE,0
SEC_STD01_D_R26_S07,SEC_STD01_D,26,R26-S07,STANDING,AVAILABLE,0
SEC_STD01_D_R26_S08,SEC_STD01_D,26,R26-S08,STANDING,AVAILABLE,0
SEC_STD01_D_R26_S09,SEC_STD01_D,26,R26-S09,STANDING,AVAILABLE,0
SEC_STD01_D_R26_S10,SEC_STD01_D,26,R26-S10,STANDING,AVAILABLE,0
SEC_STD01_D_R26_S11,SEC_STD01_D,26,R26-S11,STANDING,AVAILABLE,0
SEC_STD01_D_R26_S12,SEC_STD01_D,26,R26-S12,STANDING,AVAILABLE,0
SEC_STD01_D_R26_S13,SEC_STD01_D,26,R26-S13,STANDING,AVAILABLE,0
SEC_STD01_D_R26_S14,SEC_STD01_D,26,R26-S14,STANDING,AVAILABLE,0
SEC_STD01_D_R26_S15,SEC_STD01_D,26,R26-S15,STANDING,AVAILABLE,0
SEC_STD01_D_R26_S16,SEC_STD01_D,26,R26-S16,STANDING,AVAILABLE,0
SEC_STD01_D_R26_S17,SEC_STD01_D,26,R26-S17,STANDING,AVAILABLE,0
SEC_STD01_D_R26_S18,SEC_STD01_D,26,R26-S18,STANDING,AVAILABLE,0
SEC_STD01_D_R26_S19,SEC_STD01_D,26,R26-S19,STANDING,AVAILABLE,0
SEC_STD01_D_R26_S20,SEC_STD01_D,26,R26-S20,STANDING,AVAILABLE,0
SEC_STD01_D_R26_S21,SEC_STD01_D,26,R26-S21,STANDING,AVAILABLE,0
SEC_STD01_D_R26_S22,SEC_STD01_D,26,R26-S22,STANDING,AVAILABLE,0
SEC_STD01_D_R26_S23,SEC_STD01_D,26,R26-S23,STANDING,AVAILABLE,0
SEC_STD01_D_R26_S24,SEC_STD01_D,26,R26-S24,STANDING,AVAILABLE,0
SEC_STD01_D_R26_S25,SEC_STD01_D,26,R26-S25,STANDING,AVAILABLE,0
SEC_STD01_D_R26_S26,SEC_STD01_D,26,R26-S26,STANDING,AVAILABLE,0
SEC_STD01_D_R26_S27,SEC_STD01_D,26,R26-S27,STANDING,AVAILABLE,0
SEC_STD01_D_R26_S28,SEC_STD01_D,26,R26-S28,STANDING,AVAILABLE,0
SEC_STD01_D_R26_S29,SEC_STD01_D,26,R26-S29,STANDING,AVAILABLE,0
SEC_STD01_D_R26_S30,SEC_STD01_D,26,R26-S30,STANDING,AVAILABLE,0
SEC_STD01_D_R26_S31,SEC_STD01_D,26,R26-S31,STANDING,AVAILABLE,0
SEC_STD01_D_R26_S32,SEC_STD01_D,26,R26-S32,STANDING,AVAILABLE,0
SEC_STD01_D_R26_S33,SEC_STD01_D,26,R26-S33,STANDING,AVAILABLE,0
SEC_STD01_D_R26_S34,SEC_STD01_D,26,R26-S34,STANDING,AVAILABLE,0
SEC_STD01_D_R26_S35,SEC_STD01_D,26,R26-S35,STANDING,AVAILABLE,0
SEC_STD01_D_R26_S36,SEC_STD01_D,26,R26-S36,STANDING,AVAILABLE,0
SEC_STD01_D_R26_S37,SEC_STD01_D,26,R26-S37,STANDING,AVAILABLE,0
SEC_STD01_D_R26_S38,SEC_STD01_D,26,R26-S38,STANDING,AVAILABLE,0
SEC_STD01_D_R26_S39,SEC_STD01_D,26,R26-S39,STANDING,AVAILABLE,0
SEC_STD01_D_R26_S40,SEC_STD01_D,26,R26-S40,STANDING,AVAILABLE,0
SEC_STD01_D_R26_S41,SEC_STD01_D,26,R26-S41,STANDING,AVAILABLE,0
SEC_STD01_D_R26_S42,SEC_STD01_D,26,R26-S42,STANDING,AVAILABLE,0
SEC_STD01_D_R26_S43,SEC_STD01_D,26,R26-S43,STANDING,AVAILABLE,0
SEC_STD01_D_R26_S44,SEC_STD01_D,26,R26-S44,STANDING,AVAILABLE,0
SEC_STD01_D_R26_S45,SEC_STD01_D,26,R26-S45,STANDING,AVAILABLE,0
SEC_STD01_D_R26_S46,SEC_STD01_D,26,R26-S46,STANDING,AVAILABLE,0
SEC_STD01_D_R26_S47,SEC_STD01_D,26,R26-S47,STANDING,AVAILABLE,0
SEC_STD01_D_R26_S48,SEC_STD01_D,26,R26-S48,STANDING,AVAILABLE,0
SEC_STD01_D_R26_S49,SEC_STD01_D,26,R26-S49,STANDING,AVAILABLE,0
SEC_STD01_D_R26_S50,SEC_STD01_D,26,R26-S50,STANDING,AVAILABLE,0
SEC_STD01_D_R27_S01,SEC_STD01_D,27,R27-S01,STANDING,AVAILABLE,0
SEC_STD01_D_R27_S02,SEC_STD01_D,27,R27-S02,STANDING,AVAILABLE,0
SEC_STD01_D_R27_S03,SEC_STD01_D,27,R27-S03,STANDING,AVAILABLE,0
SEC_STD01_D_R27_S04,SEC_STD01_D,27,R27-S04,STANDING,AVAILABLE,0
SEC_STD01_D_R27_S05,SEC_STD01_D,27,R27-S05,STANDING,AVAILABLE,0
SEC_STD01_D_R27_S06,SEC_STD01_D,27,R27-S06,STANDING,AVAILABLE,0
SEC_STD01_D_R27_S07,SEC_STD01_D,27,R27-S07,STANDING,AVAILABLE,0
SEC_STD01_D_R27_S08,SEC_STD01_D,27,R27-S08,STANDING,AVAILABLE,0
SEC_STD01_D_R27_S09,SEC_STD01_D,27,R27-S09,STANDING,AVAILABLE,0
SEC_STD01_D_R27_S10,SEC_STD01_D,27,R27-S10,STANDING,AVAILABLE,0
SEC_STD01_D_R27_S11,SEC_STD01_D,27,R27-S11,STANDING,AVAILABLE,0
SEC_STD01_D_R27_S12,SEC_STD01_D,27,R27-S12,STANDING,AVAILABLE,0
SEC_STD01_D_R27_S13,SEC_STD01_D,27,R27-S13,STANDING,AVAILABLE,0
SEC_STD01_D_R27_S14,SEC_STD01_D,27,R27-S14,STANDING,AVAILABLE,0
SEC_STD01_D_R27_S15,SEC_STD01_D,27,R27-S15,STANDING,AVAILABLE,0
SEC_STD01_D_R27_S16,SEC_STD01_D,27,R27-S16,STANDING,AVAILABLE,0
SEC_STD01_D_R27_S17,SEC_STD01_D,27,R27-S17,STANDING,AVAILABLE,0
SEC_STD01_D_R27_S18,SEC_STD01_D,27,R27-S18,STANDING,AVAILABLE,0
SEC_STD01_D_R27_S19,SEC_STD01_D,27,R27-S19,STANDING,AVAILABLE,0
SEC_STD01_D_R27_S20,SEC_STD01_D,27,R27-S20,STANDING,AVAILABLE,0
SEC_STD01_D_R27_S21,SEC_STD01_D,27,R27-S21,STANDING,AVAILABLE,0
SEC_STD01_D_R27_S22,SEC_STD01_D,27,R27-S22,STANDING,AVAILABLE,0
SEC_STD01_D_R27_S23,SEC_STD01_D,27,R27-S23,STANDING,AVAILABLE,0
SEC_STD01_D_R27_S24,SEC_STD01_D,27,R27-S24,STANDING,AVAILABLE,0
SEC_STD01_D_R27_S25,SEC_STD01_D,27,R27-S25,STANDING,AVAILABLE,0
SEC_STD01_D_R27_S26,SEC_STD01_D,27,R27-S26,STANDING,AVAILABLE,0
SEC_STD01_D_R27_S27,SEC_STD01_D,27,R27-S27,STANDING,AVAILABLE,0
SEC_STD01_D_R27_S28,SEC_STD01_D,27,R27-S28,STANDING,AVAILABLE,0
SEC_STD01_D_R27_S29,SEC_STD01_D,27,R27-S29,STANDING,AVAILABLE,0
SEC_STD01_D_R27_S30,SEC_STD01_D,27,R27-S30,STANDING,AVAILABLE,0
SEC_STD01_D_R27_S31,SEC_STD01_D,27,R27-S31,STANDING,AVAILABLE,0
SEC_STD01_D_R27_S32,SEC_STD01_D,27,R27-S32,STANDING,AVAILABLE,0
SEC_STD01_D_R27_S33,SEC_STD01_D,27,R27-S33,STANDING,AVAILABLE,0
SEC_STD01_D_R27_S34,SEC_STD01_D,27,R27-S34,STANDING,AVAILABLE,0
SEC_STD01_D_R27_S35,SEC_STD01_D,27,R27-S35,STANDING,AVAILABLE,0
SEC_STD01_D_R27_S36,SEC_STD01_D,27,R27-S36,STANDING,AVAILABLE,0
SEC_STD01_D_R27_S37,SEC_STD01_D,27,R27-S37,STANDING,AVAILABLE,0
SEC_STD01_D_R27_S38,SEC_STD01_D,27,R27-S38,STANDING,AVAILABLE,0
SEC_STD01_D_R27_S39,SEC_STD01_D,27,R27-S39,STANDING,AVAILABLE,0
SEC_STD01_D_R27_S40,SEC_STD01_D,27,R27-S40,STANDING,AVAILABLE,0
SEC_STD01_D_R27_S41,SEC_STD01_D,27,R27-S41,STANDING,AVAILABLE,0
SEC_STD01_D_R27_S42,SEC_STD01_D,27,R27-S42,STANDING,AVAILABLE,0
SEC_STD01_D_R27_S43,SEC_STD01_D,27,R27-S43,STANDING,AVAILABLE,0
SEC_STD01_D_R27_S44,SEC_STD01_D,27,R27-S44,STANDING,AVAILABLE,0
SEC_STD01_D_R27_S45,SEC_STD01_D,27,R27-S45,STANDING,AVAILABLE,0
SEC_STD01_D_R27_S46,SEC_STD01_D,27,R27-S46,STANDING,AVAILABLE,0
SEC_STD01_D_R27_S47,SEC_STD01_D,27,R27-S47,STANDING,AVAILABLE,0
SEC_STD01_D_R27_S48,SEC_STD01_D,27,R27-S48,STANDING,AVAILABLE,0
SEC_STD01_D_R27_S49,SEC_STD01_D,27,R27-S49,STANDING,AVAILABLE,0
SEC_STD01_D_R27_S50,SEC_STD01_D,27,R27-S50,STANDING,AVAILABLE,0
SEC_STD01_D_R28_S01,SEC_STD01_D,28,R28-S01,STANDING,AVAILABLE,0
SEC_STD01_D_R28_S02,SEC_STD01_D,28,R28-S02,STANDING,AVAILABLE,0
SEC_STD01_D_R28_S03,SEC_STD01_D,28,R28-S03,STANDING,AVAILABLE,0
SEC_STD01_D_R28_S04,SEC_STD01_D,28,R28-S04,STANDING,AVAILABLE,0
SEC_STD01_D_R28_S05,SEC_STD01_D,28,R28-S05,STANDING,AVAILABLE,0
SEC_STD01_D_R28_S06,SEC_STD01_D,28,R28-S06,STANDING,AVAILABLE,0
SEC_STD01_D_R28_S07,SEC_STD01_D,28,R28-S07,STANDING,AVAILABLE,0
SEC_STD01_D_R28_S08,SEC_STD01_D,28,R28-S08,STANDING,AVAILABLE,0
SEC_STD01_D_R28_S09,SEC_STD01_D,28,R28-S09,STANDING,AVAILABLE,0
SEC_STD01_D_R28_S10,SEC_STD01_D,28,R28-S10,STANDING,AVAILABLE,0
SEC_STD01_D_R28_S11,SEC_STD01_D,28,R28-S11,STANDING,AVAILABLE,0
SEC_STD01_D_R28_S12,SEC_STD01_D,28,R28-S12,STANDING,AVAILABLE,0
SEC_STD01_D_R28_S13,SEC_STD01_D,28,R28-S13,STANDING,AVAILABLE,0
SEC_STD01_D_R28_S14,SEC_STD01_D,28,R28-S14,STANDING,AVAILABLE,0
SEC_STD01_D_R28_S15,SEC_STD01_D,28,R28-S15,STANDING,AVAILABLE,0
SEC_STD01_D_R28_S16,SEC_STD01_D,28,R28-S16,STANDING,AVAILABLE,0
SEC_STD01_D_R28_S17,SEC_STD01_D,28,R28-S17,STANDING,AVAILABLE,0
SEC_STD01_D_R28_S18,SEC_STD01_D,28,R28-S18,STANDING,AVAILABLE,0
SEC_STD01_D_R28_S19,SEC_STD01_D,28,R28-S19,STANDING,AVAILABLE,0
SEC_STD01_D_R28_S20,SEC_STD01_D,28,R28-S20,STANDING,AVAILABLE,0
SEC_STD01_D_R28_S21,SEC_STD01_D,28,R28-S21,STANDING,AVAILABLE,0
SEC_STD01_D_R28_S22,SEC_STD01_D,28,R28-S22,STANDING,AVAILABLE,0
SEC_STD01_D_R28_S23,SEC_STD01_D,28,R28-S23,STANDING,AVAILABLE,0
SEC_STD01_D_R28_S24,SEC_STD01_D,28,R28-S24,STANDING,AVAILABLE,0
SEC_STD01_D_R28_S25,SEC_STD01_D,28,R28-S25,STANDING,AVAILABLE,0
SEC_STD01_D_R28_S26,SEC_STD01_D,28,R28-S26,STANDING,AVAILABLE,0
SEC_STD01_D_R28_S27,SEC_STD01_D,28,R28-S27,STANDING,AVAILABLE,0
SEC_STD01_D_R28_S28,SEC_STD01_D,28,R28-S28,STANDING,AVAILABLE,0
SEC_STD01_D_R28_S29,SEC_STD01_D,28,R28-S29,STANDING,AVAILABLE,0
SEC_STD01_D_R28_S30,SEC_STD01_D,28,R28-S30,STANDING,AVAILABLE,0
SEC_STD01_D_R28_S31,SEC_STD01_D,28,R28-S31,STANDING,AVAILABLE,0
SEC_STD01_D_R28_S32,SEC_STD01_D,28,R28-S32,STANDING,AVAILABLE,0
SEC_STD01_D_R28_S33,SEC_STD01_D,28,R28-S33,STANDING,AVAILABLE,0
SEC_STD01_D_R28_S34,SEC_STD01_D,28,R28-S34,STANDING,AVAILABLE,0
SEC_STD01_D_R28_S35,SEC_STD01_D,28,R28-S35,STANDING,AVAILABLE,0
SEC_STD01_D_R28_S36,SEC_STD01_D,28,R28-S36,STANDING,AVAILABLE,0
SEC_STD01_D_R28_S37,SEC_STD01_D,28,R28-S37,STANDING,AVAILABLE,0
SEC_STD01_D_R28_S38,SEC_STD01_D,28,R28-S38,STANDING,AVAILABLE,0
SEC_STD01_D_R28_S39,SEC_STD01_D,28,R28-S39,STANDING,AVAILABLE,0
SEC_STD01_D_R28_S40,SEC_STD01_D,28,R28-S40,STANDING,AVAILABLE,0
SEC_STD01_D_R28_S41,SEC_STD01_D,28,R28-S41,STANDING,AVAILABLE,0
SEC_STD01_D_R28_S42,SEC_STD01_D,28,R28-S42,STANDING,AVAILABLE,0
SEC_STD01_D_R28_S43,SEC_STD01_D,28,R28-S43,STANDING,AVAILABLE,0
SEC_STD01_D_R28_S44,SEC_STD01_D,28,R28-S44,STANDING,AVAILABLE,0
SEC_STD01_D_R28_S45,SEC_STD01_D,28,R28-S45,STANDING,AVAILABLE,0
SEC_STD01_D_R28_S46,SEC_STD01_D,28,R28-S46,STANDING,AVAILABLE,0
SEC_STD01_D_R28_S47,SEC_STD01_D,28,R28-S47,STANDING,AVAILABLE,0
SEC_STD01_D_R28_S48,SEC_STD01_D,28,R28-S48,STANDING,AVAILABLE,0
SEC_STD01_D_R28_S49,SEC_STD01_D,28,R28-S49,STANDING,AVAILABLE,0
SEC_STD01_D_R28_S50,SEC_STD01_D,28,R28-S50,STANDING,AVAILABLE,0
SEC_STD01_D_R29_S01,SEC_STD01_D,29,R29-S01,STANDING,AVAILABLE,0
SEC_STD01_D_R29_S02,SEC_STD01_D,29,R29-S02,STANDING,AVAILABLE,0
SEC_STD01_D_R29_S03,SEC_STD01_D,29,R29-S03,STANDING,AVAILABLE,0
SEC_STD01_D_R29_S04,SEC_STD01_D,29,R29-S04,STANDING,AVAILABLE,0
SEC_STD01_D_R29_S05,SEC_STD01_D,29,R29-S05,STANDING,AVAILABLE,0
SEC_STD01_D_R29_S06,SEC_STD01_D,29,R29-S06,STANDING,AVAILABLE,0
SEC_STD01_D_R29_S07,SEC_STD01_D,29,R29-S07,STANDING,AVAILABLE,0
SEC_STD01_D_R29_S08,SEC_STD01_D,29,R29-S08,STANDING,AVAILABLE,0
SEC_STD01_D_R29_S09,SEC_STD01_D,29,R29-S09,STANDING,AVAILABLE,0
SEC_STD01_D_R29_S10,SEC_STD01_D,29,R29-S10,STANDING,AVAILABLE,0
SEC_STD01_D_R29_S11,SEC_STD01_D,29,R29-S11,STANDING,AVAILABLE,0
SEC_STD01_D_R29_S12,SEC_STD01_D,29,R29-S12,STANDING,AVAILABLE,0
SEC_STD01_D_R29_S13,SEC_STD01_D,29,R29-S13,STANDING,AVAILABLE,0
SEC_STD01_D_R29_S14,SEC_STD01_D,29,R29-S14,STANDING,AVAILABLE,0
SEC_STD01_D_R29_S15,SEC_STD01_D,29,R29-S15,STANDING,AVAILABLE,0
SEC_STD01_D_R29_S16,SEC_STD01_D,29,R29-S16,STANDING,AVAILABLE,0
SEC_STD01_D_R29_S17,SEC_STD01_D,29,R29-S17,STANDING,AVAILABLE,0
SEC_STD01_D_R29_S18,SEC_STD01_D,29,R29-S18,STANDING,AVAILABLE,0
SEC_STD01_D_R29_S19,SEC_STD01_D,29,R29-S19,STANDING,AVAILABLE,0
SEC_STD01_D_R29_S20,SEC_STD01_D,29,R29-S20,STANDING,AVAILABLE,0
SEC_STD01_D_R29_S21,SEC_STD01_D,29,R29-S21,STANDING,AVAILABLE,0
SEC_STD01_D_R29_S22,SEC_STD01_D,29,R29-S22,STANDING,AVAILABLE,0
SEC_STD01_D_R29_S23,SEC_STD01_D,29,R29-S23,STANDING,AVAILABLE,0
SEC_STD01_D_R29_S24,SEC_STD01_D,29,R29-S24,STANDING,AVAILABLE,0
SEC_STD01_D_R29_S25,SEC_STD01_D,29,R29-S25,STANDING,AVAILABLE,0
SEC_STD01_D_R29_S26,SEC_STD01_D,29,R29-S26,STANDING,AVAILABLE,0
SEC_STD01_D_R29_S27,SEC_STD01_D,29,R29-S27,STANDING,AVAILABLE,0
SEC_STD01_D_R29_S28,SEC_STD01_D,29,R29-S28,STANDING,AVAILABLE,0
SEC_STD01_D_R29_S29,SEC_STD01_D,29,R29-S29,STANDING,AVAILABLE,0
SEC_STD01_D_R29_S30,SEC_STD01_D,29,R29-S30,STANDING,AVAILABLE,0
SEC_STD01_D_R29_S31,SEC_STD01_D,29,R29-S31,STANDING,AVAILABLE,0
SEC_STD01_D_R29_S32,SEC_STD01_D,29,R29-S32,STANDING,AVAILABLE,0
SEC_STD01_D_R29_S33,SEC_STD01_D,29,R29-S33,STANDING,AVAILABLE,0
SEC_STD01_D_R29_S34,SEC_STD01_D,29,R29-S34,STANDING,AVAILABLE,0
SEC_STD01_D_R29_S35,SEC_STD01_D,29,R29-S35,STANDING,AVAILABLE,0
SEC_STD01_D_R29_S36,SEC_STD01_D,29,R29-S36,STANDING,AVAILABLE,0
SEC_STD01_D_R29_S37,SEC_STD01_D,29,R29-S37,STANDING,AVAILABLE,0
SEC_STD01_D_R29_S38,SEC_STD01_D,29,R29-S38,STANDING,AVAILABLE,0
SEC_STD01_D_R29_S39,SEC_STD01_D,29,R29-S39,STANDING,AVAILABLE,0
SEC_STD01_D_R29_S40,SEC_STD01_D,29,R29-S40,STANDING,AVAILABLE,0
SEC_STD01_D_R29_S41,SEC_STD01_D,29,R29-S41,STANDING,AVAILABLE,0
SEC_STD01_D_R29_S42,SEC_STD01_D,29,R29-S42,STANDING,AVAILABLE,0
SEC_STD01_D_R29_S43,SEC_STD01_D,29,R29-S43,STANDING,AVAILABLE,0
SEC_STD01_D_R29_S44,SEC_STD01_D,29,R29-S44,STANDING,AVAILABLE,0
SEC_STD01_D_R29_S45,SEC_STD01_D,29,R29-S45,STANDING,AVAILABLE,0
SEC_STD01_D_R29_S46,SEC_STD01_D,29,R29-S46,STANDING,AVAILABLE,0
SEC_STD01_D_R29_S47,SEC_STD01_D,29,R29-S47,STANDING,AVAILABLE,0
SEC_STD01_D_R29_S48,SEC_STD01_D,29,R29-S48,STANDING,AVAILABLE,0
SEC_STD01_D_R29_S49,SEC_STD01_D,29,R29-S49,STANDING,AVAILABLE,0
SEC_STD01_D_R29_S50,SEC_STD01_D,29,R29-S50,STANDING,AVAILABLE,0
SEC_STD01_D_R30_S01,SEC_STD01_D,30,R30-S01,STANDING,AVAILABLE,0
SEC_STD01_D_R30_S02,SEC_STD01_D,30,R30-S02,STANDING,AVAILABLE,0
SEC_STD01_D_R30_S03,SEC_STD01_D,30,R30-S03,STANDING,AVAILABLE,0
SEC_STD01_D_R30_S04,SEC_STD01_D,30,R30-S04,STANDING,AVAILABLE,0
SEC_STD01_D_R30_S05,SEC_STD01_D,30,R30-S05,STANDING,AVAILABLE,0
SEC_STD01_D_R30_S06,SEC_STD01_D,30,R30-S06,STANDING,AVAILABLE,0
SEC_STD01_D_R30_S07,SEC_STD01_D,30,R30-S07,STANDING,AVAILABLE,0
SEC_STD01_D_R30_S08,SEC_STD01_D,30,R30-S08,STANDING,AVAILABLE,0
SEC_STD01_D_R30_S09,SEC_STD01_D,30,R30-S09,STANDING,AVAILABLE,0
SEC_STD01_D_R30_S10,SEC_STD01_D,30,R30-S10,STANDING,AVAILABLE,0
SEC_STD01_D_R30_S11,SEC_STD01_D,30,R30-S11,STANDING,AVAILABLE,0
SEC_STD01_D_R30_S12,SEC_STD01_D,30,R30-S12,STANDING,AVAILABLE,0
SEC_STD01_D_R30_S13,SEC_STD01_D,30,R30-S13,STANDING,AVAILABLE,0
SEC_STD01_D_R30_S14,SEC_STD01_D,30,R30-S14,STANDING,AVAILABLE,0
SEC_STD01_D_R30_S15,SEC_STD01_D,30,R30-S15,STANDING,AVAILABLE,0
SEC_STD01_D_R30_S16,SEC_STD01_D,30,R30-S16,STANDING,AVAILABLE,0
SEC_STD01_D_R30_S17,SEC_STD01_D,30,R30-S17,STANDING,AVAILABLE,0
SEC_STD01_D_R30_S18,SEC_STD01_D,30,R30-S18,STANDING,AVAILABLE,0
SEC_STD01_D_R30_S19,SEC_STD01_D,30,R30-S19,STANDING,AVAILABLE,0
SEC_STD01_D_R30_S20,SEC_STD01_D,30,R30-S20,STANDING,AVAILABLE,0
SEC_STD01_D_R30_S21,SEC_STD01_D,30,R30-S21,STANDING,AVAILABLE,0
SEC_STD01_D_R30_S22,SEC_STD01_D,30,R30-S22,STANDING,AVAILABLE,0
SEC_STD01_D_R30_S23,SEC_STD01_D,30,R30-S23,STANDING,AVAILABLE,0
SEC_STD01_D_R30_S24,SEC_STD01_D,30,R30-S24,STANDING,AVAILABLE,0
SEC_STD01_D_R30_S25,SEC_STD01_D,30,R30-S25,STANDING,AVAILABLE,0
SEC_STD01_D_R30_S26,SEC_STD01_D,30,R30-S26,STANDING,AVAILABLE,0
SEC_STD01_D_R30_S27,SEC_STD01_D,30,R30-S27,STANDING,AVAILABLE,0
SEC_STD01_D_R30_S28,SEC_STD01_D,30,R30-S28,STANDING,AVAILABLE,0
SEC_STD01_D_R30_S29,SEC_STD01_D,30,R30-S29,STANDING,AVAILABLE,0
SEC_STD01_D_R30_S30,SEC_STD01_D,30,R30-S30,STANDING,AVAILABLE,0
SEC_STD01_D_R30_S31,SEC_STD01_D,30,R30-S31,STANDING,AVAILABLE,0
SEC_STD01_D_R30_S32,SEC_STD01_D,30,R30-S32,STANDING,AVAILABLE,0
SEC_STD01_D_R30_S33,SEC_STD01_D,30,R30-S33,STANDING,AVAILABLE,0
SEC_STD01_D_R30_S34,SEC_STD01_D,30,R30-S34,STANDING,AVAILABLE,0
SEC_STD01_D_R30_S35,SEC_STD01_D,30,R30-S35,STANDING,AVAILABLE,0
SEC_STD01_D_R30_S36,SEC_STD01_D,30,R30-S36,STANDING,AVAILABLE,0
SEC_STD01_D_R30_S37,SEC_STD01_D,30,R30-S37,STANDING,AVAILABLE,0
SEC_STD01_D_R30_S38,SEC_STD01_D,30,R30-S38,STANDING,AVAILABLE,0
SEC_STD01_D_R30_S39,SEC_STD01_D,30,R30-S39,STANDING,AVAILABLE,0
SEC_STD01_D_R30_S40,SEC_STD01_D,30,R30-S40,STANDING,AVAILABLE,0
SEC_STD01_D_R30_S41,SEC_STD01_D,30,R30-S41,STANDING,AVAILABLE,0
SEC_STD01_D_R30_S42,SEC_STD01_D,30,R30-S42,STANDING,AVAILABLE,0
SEC_STD01_D_R30_S43,SEC_STD01_D,30,R30-S43,STANDING,AVAILABLE,0
SEC_STD01_D_R30_S44,SEC_STD01_D,30,R30-S44,STANDING,AVAILABLE,0
SEC_STD01_D_R30_S45,SEC_STD01_D,30,R30-S45,STANDING,AVAILABLE,0
SEC_STD01_D_R30_S46,SEC_STD01_D,30,R30-S46,STANDING,AVAILABLE,0
SEC_STD01_D_R30_S47,SEC_STD01_D,30,R30-S47,STANDING,AVAILABLE,0
SEC_STD01_D_R30_S48,SEC_STD01_D,30,R30-S48,STANDING,AVAILABLE,0
SEC_STD01_D_R30_S49,SEC_STD01_D,30,R30-S49,STANDING,AVAILABLE,0
SEC_STD01_D_R30_S50,SEC_STD01_D,30,R30-S50,STANDING,AVAILABLE,0
SEC_STD01_D_R31_S01,SEC_STD01_D,31,R31-S01,STANDING,AVAILABLE,0
SEC_STD01_D_R31_S02,SEC_STD01_D,31,R31-S02,STANDING,AVAILABLE,0
SEC_STD01_D_R31_S03,SEC_STD01_D,31,R31-S03,STANDING,AVAILABLE,0
SEC_STD01_D_R31_S04,SEC_STD01_D,31,R31-S04,STANDING,AVAILABLE,0
SEC_STD01_D_R31_S05,SEC_STD01_D,31,R31-S05,STANDING,AVAILABLE,0
SEC_STD01_D_R31_S06,SEC_STD01_D,31,R31-S06,STANDING,AVAILABLE,0
SEC_STD01_D_R31_S07,SEC_STD01_D,31,R31-S07,STANDING,AVAILABLE,0
SEC_STD01_D_R31_S08,SEC_STD01_D,31,R31-S08,STANDING,AVAILABLE,0
SEC_STD01_D_R31_S09,SEC_STD01_D,31,R31-S09,STANDING,AVAILABLE,0
SEC_STD01_D_R31_S10,SEC_STD01_D,31,R31-S10,STANDING,AVAILABLE,0
SEC_STD01_D_R31_S11,SEC_STD01_D,31,R31-S11,STANDING,AVAILABLE,0
SEC_STD01_D_R31_S12,SEC_STD01_D,31,R31-S12,STANDING,AVAILABLE,0
SEC_STD01_D_R31_S13,SEC_STD01_D,31,R31-S13,STANDING,AVAILABLE,0
SEC_STD01_D_R31_S14,SEC_STD01_D,31,R31-S14,STANDING,AVAILABLE,0
SEC_STD01_D_R31_S15,SEC_STD01_D,31,R31-S15,STANDING,AVAILABLE,0
SEC_STD01_D_R31_S16,SEC_STD01_D,31,R31-S16,STANDING,AVAILABLE,0
SEC_STD01_D_R31_S17,SEC_STD01_D,31,R31-S17,STANDING,AVAILABLE,0
SEC_STD01_D_R31_S18,SEC_STD01_D,31,R31-S18,STANDING,AVAILABLE,0
SEC_STD01_D_R31_S19,SEC_STD01_D,31,R31-S19,STANDING,AVAILABLE,0
SEC_STD01_D_R31_S20,SEC_STD01_D,31,R31-S20,STANDING,AVAILABLE,0
SEC_STD01_D_R31_S21,SEC_STD01_D,31,R31-S21,STANDING,AVAILABLE,0
SEC_STD01_D_R31_S22,SEC_STD01_D,31,R31-S22,STANDING,AVAILABLE,0
SEC_STD01_D_R31_S23,SEC_STD01_D,31,R31-S23,STANDING,AVAILABLE,0
SEC_STD01_D_R31_S24,SEC_STD01_D,31,R31-S24,STANDING,AVAILABLE,0
SEC_STD01_D_R31_S25,SEC_STD01_D,31,R31-S25,STANDING,AVAILABLE,0
SEC_STD01_D_R31_S26,SEC_STD01_D,31,R31-S26,STANDING,AVAILABLE,0
SEC_STD01_D_R31_S27,SEC_STD01_D,31,R31-S27,STANDING,AVAILABLE,0
SEC_STD01_D_R31_S28,SEC_STD01_D,31,R31-S28,STANDING,AVAILABLE,0
SEC_STD01_D_R31_S29,SEC_STD01_D,31,R31-S29,STANDING,AVAILABLE,0
SEC_STD01_D_R31_S30,SEC_STD01_D,31,R31-S30,STANDING,AVAILABLE,0
SEC_STD01_D_R31_S31,SEC_STD01_D,31,R31-S31,STANDING,AVAILABLE,0
SEC_STD01_D_R31_S32,SEC_STD01_D,31,R31-S32,STANDING,AVAILABLE,0
SEC_STD01_D_R31_S33,SEC_STD01_D,31,R31-S33,STANDING,AVAILABLE,0
SEC_STD01_D_R31_S34,SEC_STD01_D,31,R31-S34,STANDING,AVAILABLE,0
SEC_STD01_D_R31_S35,SEC_STD01_D,31,R31-S35,STANDING,AVAILABLE,0
SEC_STD01_D_R31_S36,SEC_STD01_D,31,R31-S36,STANDING,AVAILABLE,0
SEC_STD01_D_R31_S37,SEC_STD01_D,31,R31-S37,STANDING,AVAILABLE,0
SEC_STD01_D_R31_S38,SEC_STD01_D,31,R31-S38,STANDING,AVAILABLE,0
SEC_STD01_D_R31_S39,SEC_STD01_D,31,R31-S39,STANDING,AVAILABLE,0
SEC_STD01_D_R31_S40,SEC_STD01_D,31,R31-S40,STANDING,AVAILABLE,0
SEC_STD01_D_R31_S41,SEC_STD01_D,31,R31-S41,STANDING,AVAILABLE,0
SEC_STD01_D_R31_S42,SEC_STD01_D,31,R31-S42,STANDING,AVAILABLE,0
SEC_STD01_D_R31_S43,SEC_STD01_D,31,R31-S43,STANDING,AVAILABLE,0
SEC_STD01_D_R31_S44,SEC_STD01_D,31,R31-S44,STANDING,AVAILABLE,0
SEC_STD01_D_R31_S45,SEC_STD01_D,31,R31-S45,STANDING,AVAILABLE,0
SEC_STD01_D_R31_S46,SEC_STD01_D,31,R31-S46,STANDING,AVAILABLE,0
SEC_STD01_D_R31_S47,SEC_STD01_D,31,R31-S47,STANDING,AVAILABLE,0
SEC_STD01_D_R31_S48,SEC_STD01_D,31,R31-S48,STANDING,AVAILABLE,0
SEC_STD01_D_R31_S49,SEC_STD01_D,31,R31-S49,STANDING,AVAILABLE,0
SEC_STD01_D_R31_S50,SEC_STD01_D,31,R31-S50,STANDING,AVAILABLE,0
SEC_STD01_D_R32_S01,SEC_STD01_D,32,R32-S01,STANDING,AVAILABLE,0
SEC_STD01_D_R32_S02,SEC_STD01_D,32,R32-S02,STANDING,AVAILABLE,0
SEC_STD01_D_R32_S03,SEC_STD01_D,32,R32-S03,STANDING,AVAILABLE,0
SEC_STD01_D_R32_S04,SEC_STD01_D,32,R32-S04,STANDING,AVAILABLE,0
SEC_STD01_D_R32_S05,SEC_STD01_D,32,R32-S05,STANDING,AVAILABLE,0
SEC_STD01_D_R32_S06,SEC_STD01_D,32,R32-S06,STANDING,AVAILABLE,0
SEC_STD01_D_R32_S07,SEC_STD01_D,32,R32-S07,STANDING,AVAILABLE,0
SEC_STD01_D_R32_S08,SEC_STD01_D,32,R32-S08,STANDING,AVAILABLE,0
SEC_STD01_D_R32_S09,SEC_STD01_D,32,R32-S09,STANDING,AVAILABLE,0
SEC_STD01_D_R32_S10,SEC_STD01_D,32,R32-S10,STANDING,AVAILABLE,0
SEC_STD01_D_R32_S11,SEC_STD01_D,32,R32-S11,STANDING,AVAILABLE,0
SEC_STD01_D_R32_S12,SEC_STD01_D,32,R32-S12,STANDING,AVAILABLE,0
SEC_STD01_D_R32_S13,SEC_STD01_D,32,R32-S13,STANDING,AVAILABLE,0
SEC_STD01_D_R32_S14,SEC_STD01_D,32,R32-S14,STANDING,AVAILABLE,0
SEC_STD01_D_R32_S15,SEC_STD01_D,32,R32-S15,STANDING,AVAILABLE,0
SEC_STD01_D_R32_S16,SEC_STD01_D,32,R32-S16,STANDING,AVAILABLE,0
SEC_STD01_D_R32_S17,SEC_STD01_D,32,R32-S17,STANDING,AVAILABLE,0
SEC_STD01_D_R32_S18,SEC_STD01_D,32,R32-S18,STANDING,AVAILABLE,0
SEC_STD01_D_R32_S19,SEC_STD01_D,32,R32-S19,STANDING,AVAILABLE,0
SEC_STD01_D_R32_S20,SEC_STD01_D,32,R32-S20,STANDING,AVAILABLE,0
SEC_STD01_D_R32_S21,SEC_STD01_D,32,R32-S21,STANDING,AVAILABLE,0
SEC_STD01_D_R32_S22,SEC_STD01_D,32,R32-S22,STANDING,AVAILABLE,0
SEC_STD01_D_R32_S23,SEC_STD01_D,32,R32-S23,STANDING,AVAILABLE,0
SEC_STD01_D_R32_S24,SEC_STD01_D,32,R32-S24,STANDING,AVAILABLE,0
SEC_STD01_D_R32_S25,SEC_STD01_D,32,R32-S25,STANDING,AVAILABLE,0
SEC_STD01_D_R32_S26,SEC_STD01_D,32,R32-S26,STANDING,AVAILABLE,0
SEC_STD01_D_R32_S27,SEC_STD01_D,32,R32-S27,STANDING,AVAILABLE,0
SEC_STD01_D_R32_S28,SEC_STD01_D,32,R32-S28,STANDING,AVAILABLE,0
SEC_STD01_D_R32_S29,SEC_STD01_D,32,R32-S29,STANDING,AVAILABLE,0
SEC_STD01_D_R32_S30,SEC_STD01_D,32,R32-S30,STANDING,AVAILABLE,0
SEC_STD01_D_R32_S31,SEC_STD01_D,32,R32-S31,STANDING,AVAILABLE,0
SEC_STD01_D_R32_S32,SEC_STD01_D,32,R32-S32,STANDING,AVAILABLE,0
SEC_STD01_D_R32_S33,SEC_STD01_D,32,R32-S33,STANDING,AVAILABLE,0
SEC_STD01_D_R32_S34,SEC_STD01_D,32,R32-S34,STANDING,AVAILABLE,0
SEC_STD01_D_R32_S35,SEC_STD01_D,32,R32-S35,STANDING,AVAILABLE,0
SEC_STD01_D_R32_S36,SEC_STD01_D,32,R32-S36,STANDING,AVAILABLE,0
SEC_STD01_D_R32_S37,SEC_STD01_D,32,R32-S37,STANDING,AVAILABLE,0
SEC_STD01_D_R32_S38,SEC_STD01_D,32,R32-S38,STANDING,AVAILABLE,0
SEC_STD01_D_R32_S39,SEC_STD01_D,32,R32-S39,STANDING,AVAILABLE,0
SEC_STD01_D_R32_S40,SEC_STD01_D,32,R32-S40,STANDING,AVAILABLE,0
SEC_STD01_D_R32_S41,SEC_STD01_D,32,R32-S41,STANDING,AVAILABLE,0
SEC_STD01_D_R32_S42,SEC_STD01_D,32,R32-S42,STANDING,AVAILABLE,0
SEC_STD01_D_R32_S43,SEC_STD01_D,32,R32-S43,STANDING,AVAILABLE,0
SEC_STD01_D_R32_S44,SEC_STD01_D,32,R32-S44,STANDING,AVAILABLE,0
SEC_STD01_D_R32_S45,SEC_STD01_D,32,R32-S45,STANDING,AVAILABLE,0
SEC_STD01_D_R32_S46,SEC_STD01_D,32,R32-S46,STANDING,AVAILABLE,0
SEC_STD01_D_R32_S47,SEC_STD01_D,32,R32-S47,STANDING,AVAILABLE,0
SEC_STD01_D_R32_S48,SEC_STD01_D,32,R32-S48,STANDING,AVAILABLE,0
SEC_STD01_D_R32_S49,SEC_STD01_D,32,R32-S49,STANDING,AVAILABLE,0
SEC_STD01_D_R32_S50,SEC_STD01_D,32,R32-S50,STANDING,AVAILABLE,0
SEC_STD01_D_R33_S01,SEC_STD01_D,33,R33-S01,STANDING,AVAILABLE,0
SEC_STD01_D_R33_S02,SEC_STD01_D,33,R33-S02,STANDING,AVAILABLE,0
SEC_STD01_D_R33_S03,SEC_STD01_D,33,R33-S03,STANDING,AVAILABLE,0
SEC_STD01_D_R33_S04,SEC_STD01_D,33,R33-S04,STANDING,AVAILABLE,0
SEC_STD01_D_R33_S05,SEC_STD01_D,33,R33-S05,STANDING,AVAILABLE,0
SEC_STD01_D_R33_S06,SEC_STD01_D,33,R33-S06,STANDING,AVAILABLE,0
SEC_STD01_D_R33_S07,SEC_STD01_D,33,R33-S07,STANDING,AVAILABLE,0
SEC_STD01_D_R33_S08,SEC_STD01_D,33,R33-S08,STANDING,AVAILABLE,0
SEC_STD01_D_R33_S09,SEC_STD01_D,33,R33-S09,STANDING,AVAILABLE,0
SEC_STD01_D_R33_S10,SEC_STD01_D,33,R33-S10,STANDING,AVAILABLE,0
SEC_STD01_D_R33_S11,SEC_STD01_D,33,R33-S11,STANDING,AVAILABLE,0
SEC_STD01_D_R33_S12,SEC_STD01_D,33,R33-S12,STANDING,AVAILABLE,0
SEC_STD01_D_R33_S13,SEC_STD01_D,33,R33-S13,STANDING,AVAILABLE,0
SEC_STD01_D_R33_S14,SEC_STD01_D,33,R33-S14,STANDING,AVAILABLE,0
SEC_STD01_D_R33_S15,SEC_STD01_D,33,R33-S15,STANDING,AVAILABLE,0
SEC_STD01_D_R33_S16,SEC_STD01_D,33,R33-S16,STANDING,AVAILABLE,0
SEC_STD01_D_R33_S17,SEC_STD01_D,33,R33-S17,STANDING,AVAILABLE,0
SEC_STD01_D_R33_S18,SEC_STD01_D,33,R33-S18,STANDING,AVAILABLE,0
SEC_STD01_D_R33_S19,SEC_STD01_D,33,R33-S19,STANDING,AVAILABLE,0
SEC_STD01_D_R33_S20,SEC_STD01_D,33,R33-S20,STANDING,AVAILABLE,0
SEC_STD01_D_R33_S21,SEC_STD01_D,33,R33-S21,STANDING,AVAILABLE,0
SEC_STD01_D_R33_S22,SEC_STD01_D,33,R33-S22,STANDING,AVAILABLE,0
SEC_STD01_D_R33_S23,SEC_STD01_D,33,R33-S23,STANDING,AVAILABLE,0
SEC_STD01_D_R33_S24,SEC_STD01_D,33,R33-S24,STANDING,AVAILABLE,0
SEC_STD01_D_R33_S25,SEC_STD01_D,33,R33-S25,STANDING,AVAILABLE,0
SEC_STD01_D_R33_S26,SEC_STD01_D,33,R33-S26,STANDING,AVAILABLE,0
SEC_STD01_D_R33_S27,SEC_STD01_D,33,R33-S27,STANDING,AVAILABLE,0
SEC_STD01_D_R33_S28,SEC_STD01_D,33,R33-S28,STANDING,AVAILABLE,0
SEC_STD01_D_R33_S29,SEC_STD01_D,33,R33-S29,STANDING,AVAILABLE,0
SEC_STD01_D_R33_S30,SEC_STD01_D,33,R33-S30,STANDING,AVAILABLE,0
SEC_STD01_D_R33_S31,SEC_STD01_D,33,R33-S31,STANDING,AVAILABLE,0
SEC_STD01_D_R33_S32,SEC_STD01_D,33,R33-S32,STANDING,AVAILABLE,0
SEC_STD01_D_R33_S33,SEC_STD01_D,33,R33-S33,STANDING,AVAILABLE,0
SEC_STD01_D_R33_S34,SEC_STD01_D,33,R33-S34,STANDING,AVAILABLE,0
SEC_STD01_D_R33_S35,SEC_STD01_D,33,R33-S35,STANDING,AVAILABLE,0
SEC_STD01_D_R33_S36,SEC_STD01_D,33,R33-S36,STANDING,AVAILABLE,0
SEC_STD01_D_R33_S37,SEC_STD01_D,33,R33-S37,STANDING,AVAILABLE,0
SEC_STD01_D_R33_S38,SEC_STD01_D,33,R33-S38,STANDING,AVAILABLE,0
SEC_STD01_D_R33_S39,SEC_STD01_D,33,R33-S39,STANDING,AVAILABLE,0
SEC_STD01_D_R33_S40,SEC_STD01_D,33,R33-S40,STANDING,AVAILABLE,0
SEC_STD01_D_R33_S41,SEC_STD01_D,33,R33-S41,STANDING,AVAILABLE,0
SEC_STD01_D_R33_S42,SEC_STD01_D,33,R33-S42,STANDING,AVAILABLE,0
SEC_STD01_D_R33_S43,SEC_STD01_D,33,R33-S43,STANDING,AVAILABLE,0
SEC_STD01_D_R33_S44,SEC_STD01_D,33,R33-S44,STANDING,AVAILABLE,0
SEC_STD01_D_R33_S45,SEC_STD01_D,33,R33-S45,STANDING,AVAILABLE,0
SEC_STD01_D_R33_S46,SEC_STD01_D,33,R33-S46,STANDING,AVAILABLE,0
SEC_STD01_D_R33_S47,SEC_STD01_D,33,R33-S47,STANDING,AVAILABLE,0
SEC_STD01_D_R33_S48,SEC_STD01_D,33,R33-S48,STANDING,AVAILABLE,0
SEC_STD01_D_R33_S49,SEC_STD01_D,33,R33-S49,STANDING,AVAILABLE,0
SEC_STD01_D_R33_S50,SEC_STD01_D,33,R33-S50,STANDING,AVAILABLE,0
SEC_STD01_D_R34_S01,SEC_STD01_D,34,R34-S01,STANDING,AVAILABLE,0
SEC_STD01_D_R34_S02,SEC_STD01_D,34,R34-S02,STANDING,AVAILABLE,0
SEC_STD01_D_R34_S03,SEC_STD01_D,34,R34-S03,STANDING,AVAILABLE,0
SEC_STD01_D_R34_S04,SEC_STD01_D,34,R34-S04,STANDING,AVAILABLE,0
SEC_STD01_D_R34_S05,SEC_STD01_D,34,R34-S05,STANDING,AVAILABLE,0
SEC_STD01_D_R34_S06,SEC_STD01_D,34,R34-S06,STANDING,AVAILABLE,0
SEC_STD01_D_R34_S07,SEC_STD01_D,34,R34-S07,STANDING,AVAILABLE,0
SEC_STD01_D_R34_S08,SEC_STD01_D,34,R34-S08,STANDING,AVAILABLE,0
SEC_STD01_D_R34_S09,SEC_STD01_D,34,R34-S09,STANDING,AVAILABLE,0
SEC_STD01_D_R34_S10,SEC_STD01_D,34,R34-S10,STANDING,AVAILABLE,0
SEC_STD01_D_R34_S11,SEC_STD01_D,34,R34-S11,STANDING,AVAILABLE,0
SEC_STD01_D_R34_S12,SEC_STD01_D,34,R34-S12,STANDING,AVAILABLE,0
SEC_STD01_D_R34_S13,SEC_STD01_D,34,R34-S13,STANDING,AVAILABLE,0
SEC_STD01_D_R34_S14,SEC_STD01_D,34,R34-S14,STANDING,AVAILABLE,0
SEC_STD01_D_R34_S15,SEC_STD01_D,34,R34-S15,STANDING,AVAILABLE,0
SEC_STD01_D_R34_S16,SEC_STD01_D,34,R34-S16,STANDING,AVAILABLE,0
SEC_STD01_D_R34_S17,SEC_STD01_D,34,R34-S17,STANDING,AVAILABLE,0
SEC_STD01_D_R34_S18,SEC_STD01_D,34,R34-S18,STANDING,AVAILABLE,0
SEC_STD01_D_R34_S19,SEC_STD01_D,34,R34-S19,STANDING,AVAILABLE,0
SEC_STD01_D_R34_S20,SEC_STD01_D,34,R34-S20,STANDING,AVAILABLE,0
SEC_STD01_D_R34_S21,SEC_STD01_D,34,R34-S21,STANDING,AVAILABLE,0
SEC_STD01_D_R34_S22,SEC_STD01_D,34,R34-S22,STANDING,AVAILABLE,0
SEC_STD01_D_R34_S23,SEC_STD01_D,34,R34-S23,STANDING,AVAILABLE,0
SEC_STD01_D_R34_S24,SEC_STD01_D,34,R34-S24,STANDING,AVAILABLE,0
SEC_STD01_D_R34_S25,SEC_STD01_D,34,R34-S25,STANDING,AVAILABLE,0
SEC_STD01_D_R34_S26,SEC_STD01_D,34,R34-S26,STANDING,AVAILABLE,0
SEC_STD01_D_R34_S27,SEC_STD01_D,34,R34-S27,STANDING,AVAILABLE,0
SEC_STD01_D_R34_S28,SEC_STD01_D,34,R34-S28,STANDING,AVAILABLE,0
SEC_STD01_D_R34_S29,SEC_STD01_D,34,R34-S29,STANDING,AVAILABLE,0
SEC_STD01_D_R34_S30,SEC_STD01_D,34,R34-S30,STANDING,AVAILABLE,0
SEC_STD01_D_R34_S31,SEC_STD01_D,34,R34-S31,STANDING,AVAILABLE,0
SEC_STD01_D_R34_S32,SEC_STD01_D,34,R34-S32,STANDING,AVAILABLE,0
SEC_STD01_D_R34_S33,SEC_STD01_D,34,R34-S33,STANDING,AVAILABLE,0
SEC_STD01_D_R34_S34,SEC_STD01_D,34,R34-S34,STANDING,AVAILABLE,0
SEC_STD01_D_R34_S35,SEC_STD01_D,34,R34-S35,STANDING,AVAILABLE,0
SEC_STD01_D_R34_S36,SEC_STD01_D,34,R34-S36,STANDING,AVAILABLE,0
SEC_STD01_D_R34_S37,SEC_STD01_D,34,R34-S37,STANDING,AVAILABLE,0
SEC_STD01_D_R34_S38,SEC_STD01_D,34,R34-S38,STANDING,AVAILABLE,0
SEC_STD01_D_R34_S39,SEC_STD01_D,34,R34-S39,STANDING,AVAILABLE,0
SEC_STD01_D_R34_S40,SEC_STD01_D,34,R34-S40,STANDING,AVAILABLE,0
SEC_STD01_D_R34_S41,SEC_STD01_D,34,R34-S41,STANDING,AVAILABLE,0
SEC_STD01_D_R34_S42,SEC_STD01_D,34,R34-S42,STANDING,AVAILABLE,0
SEC_STD01_D_R34_S43,SEC_STD01_D,34,R34-S43,STANDING,AVAILABLE,0
SEC_STD01_D_R34_S44,SEC_STD01_D,34,R34-S44,STANDING,AVAILABLE,0
SEC_STD01_D_R34_S45,SEC_STD01_D,34,R34-S45,STANDING,AVAILABLE,0
SEC_STD01_D_R34_S46,SEC_STD01_D,34,R34-S46,STANDING,AVAILABLE,0
SEC_STD01_D_R34_S47,SEC_STD01_D,34,R34-S47,STANDING,AVAILABLE,0
SEC_STD01_D_R34_S48,SEC_STD01_D,34,R34-S48,STANDING,AVAILABLE,0
SEC_STD01_D_R34_S49,SEC_STD01_D,34,R34-S49,STANDING,AVAILABLE,0
SEC_STD01_D_R34_S50,SEC_STD01_D,34,R34-S50,STANDING,AVAILABLE,0
SEC_STD01_D_R35_S01,SEC_STD01_D,35,R35-S01,STANDING,AVAILABLE,0
SEC_STD01_D_R35_S02,SEC_STD01_D,35,R35-S02,STANDING,AVAILABLE,0
SEC_STD01_D_R35_S03,SEC_STD01_D,35,R35-S03,STANDING,AVAILABLE,0
SEC_STD01_D_R35_S04,SEC_STD01_D,35,R35-S04,STANDING,AVAILABLE,0
SEC_STD01_D_R35_S05,SEC_STD01_D,35,R35-S05,STANDING,AVAILABLE,0
SEC_STD01_D_R35_S06,SEC_STD01_D,35,R35-S06,STANDING,AVAILABLE,0
SEC_STD01_D_R35_S07,SEC_STD01_D,35,R35-S07,STANDING,AVAILABLE,0
SEC_STD01_D_R35_S08,SEC_STD01_D,35,R35-S08,STANDING,AVAILABLE,0
SEC_STD01_D_R35_S09,SEC_STD01_D,35,R35-S09,STANDING,AVAILABLE,0
SEC_STD01_D_R35_S10,SEC_STD01_D,35,R35-S10,STANDING,AVAILABLE,0
SEC_STD01_D_R35_S11,SEC_STD01_D,35,R35-S11,STANDING,AVAILABLE,0
SEC_STD01_D_R35_S12,SEC_STD01_D,35,R35-S12,STANDING,AVAILABLE,0
SEC_STD01_D_R35_S13,SEC_STD01_D,35,R35-S13,STANDING,AVAILABLE,0
SEC_STD01_D_R35_S14,SEC_STD01_D,35,R35-S14,STANDING,AVAILABLE,0
SEC_STD01_D_R35_S15,SEC_STD01_D,35,R35-S15,STANDING,AVAILABLE,0
SEC_STD01_D_R35_S16,SEC_STD01_D,35,R35-S16,STANDING,AVAILABLE,0
SEC_STD01_D_R35_S17,SEC_STD01_D,35,R35-S17,STANDING,AVAILABLE,0
SEC_STD01_D_R35_S18,SEC_STD01_D,35,R35-S18,STANDING,AVAILABLE,0
SEC_STD01_D_R35_S19,SEC_STD01_D,35,R35-S19,STANDING,AVAILABLE,0
SEC_STD01_D_R35_S20,SEC_STD01_D,35,R35-S20,STANDING,AVAILABLE,0
SEC_STD01_D_R35_S21,SEC_STD01_D,35,R35-S21,STANDING,AVAILABLE,0
SEC_STD01_D_R35_S22,SEC_STD01_D,35,R35-S22,STANDING,AVAILABLE,0
SEC_STD01_D_R35_S23,SEC_STD01_D,35,R35-S23,STANDING,AVAILABLE,0
SEC_STD01_D_R35_S24,SEC_STD01_D,35,R35-S24,STANDING,AVAILABLE,0
SEC_STD01_D_R35_S25,SEC_STD01_D,35,R35-S25,STANDING,AVAILABLE,0
SEC_STD01_D_R35_S26,SEC_STD01_D,35,R35-S26,STANDING,AVAILABLE,0
SEC_STD01_D_R35_S27,SEC_STD01_D,35,R35-S27,STANDING,AVAILABLE,0
SEC_STD01_D_R35_S28,SEC_STD01_D,35,R35-S28,STANDING,AVAILABLE,0
SEC_STD01_D_R35_S29,SEC_STD01_D,35,R35-S29,STANDING,AVAILABLE,0
SEC_STD01_D_R35_S30,SEC_STD01_D,35,R35-S30,STANDING,AVAILABLE,0
SEC_STD01_D_R35_S31,SEC_STD01_D,35,R35-S31,STANDING,AVAILABLE,0
SEC_STD01_D_R35_S32,SEC_STD01_D,35,R35-S32,STANDING,AVAILABLE,0
SEC_STD01_D_R35_S33,SEC_STD01_D,35,R35-S33,STANDING,AVAILABLE,0
SEC_STD01_D_R35_S34,SEC_STD01_D,35,R35-S34,STANDING,AVAILABLE,0
SEC_STD01_D_R35_S35,SEC_STD01_D,35,R35-S35,STANDING,AVAILABLE,0
SEC_STD01_D_R35_S36,SEC_STD01_D,35,R35-S36,STANDING,AVAILABLE,0
SEC_STD01_D_R35_S37,SEC_STD01_D,35,R35-S37,STANDING,AVAILABLE,0
SEC_STD01_D_R35_S38,SEC_STD01_D,35,R35-S38,STANDING,AVAILABLE,0
SEC_STD01_D_R35_S39,SEC_STD01_D,35,R35-S39,STANDING,AVAILABLE,0
SEC_STD01_D_R35_S40,SEC_STD01_D,35,R35-S40,STANDING,AVAILABLE,0
SEC_STD01_D_R35_S41,SEC_STD01_D,35,R35-S41,STANDING,AVAILABLE,0
SEC_STD01_D_R35_S42,SEC_STD01_D,35,R35-S42,STANDING,AVAILABLE,0
SEC_STD01_D_R35_S43,SEC_STD01_D,35,R35-S43,STANDING,AVAILABLE,0
SEC_STD01_D_R35_S44,SEC_STD01_D,35,R35-S44,STANDING,AVAILABLE,0
SEC_STD01_D_R35_S45,SEC_STD01_D,35,R35-S45,STANDING,AVAILABLE,0
SEC_STD01_D_R35_S46,SEC_STD01_D,35,R35-S46,STANDING,AVAILABLE,0
SEC_STD01_D_R35_S47,SEC_STD01_D,35,R35-S47,STANDING,AVAILABLE,0
SEC_STD01_D_R35_S48,SEC_STD01_D,35,R35-S48,STANDING,AVAILABLE,0
SEC_STD01_D_R35_S49,SEC_STD01_D,35,R35-S49,STANDING,AVAILABLE,0
SEC_STD01_D_R35_S50,SEC_STD01_D,35,R35-S50,STANDING,AVAILABLE,0
SEC_STD01_D_R36_S01,SEC_STD01_D,36,R36-S01,STANDING,AVAILABLE,0
SEC_STD01_D_R36_S02,SEC_STD01_D,36,R36-S02,STANDING,AVAILABLE,0
SEC_STD01_D_R36_S03,SEC_STD01_D,36,R36-S03,STANDING,AVAILABLE,0
SEC_STD01_D_R36_S04,SEC_STD01_D,36,R36-S04,STANDING,AVAILABLE,0
SEC_STD01_D_R36_S05,SEC_STD01_D,36,R36-S05,STANDING,AVAILABLE,0
SEC_STD01_D_R36_S06,SEC_STD01_D,36,R36-S06,STANDING,AVAILABLE,0
SEC_STD01_D_R36_S07,SEC_STD01_D,36,R36-S07,STANDING,AVAILABLE,0
SEC_STD01_D_R36_S08,SEC_STD01_D,36,R36-S08,STANDING,AVAILABLE,0
SEC_STD01_D_R36_S09,SEC_STD01_D,36,R36-S09,STANDING,AVAILABLE,0
SEC_STD01_D_R36_S10,SEC_STD01_D,36,R36-S10,STANDING,AVAILABLE,0
SEC_STD01_D_R36_S11,SEC_STD01_D,36,R36-S11,STANDING,AVAILABLE,0
SEC_STD01_D_R36_S12,SEC_STD01_D,36,R36-S12,STANDING,AVAILABLE,0
SEC_STD01_D_R36_S13,SEC_STD01_D,36,R36-S13,STANDING,AVAILABLE,0
SEC_STD01_D_R36_S14,SEC_STD01_D,36,R36-S14,STANDING,AVAILABLE,0
SEC_STD01_D_R36_S15,SEC_STD01_D,36,R36-S15,STANDING,AVAILABLE,0
SEC_STD01_D_R36_S16,SEC_STD01_D,36,R36-S16,STANDING,AVAILABLE,0
SEC_STD01_D_R36_S17,SEC_STD01_D,36,R36-S17,STANDING,AVAILABLE,0
SEC_STD01_D_R36_S18,SEC_STD01_D,36,R36-S18,STANDING,AVAILABLE,0
SEC_STD01_D_R36_S19,SEC_STD01_D,36,R36-S19,STANDING,AVAILABLE,0
SEC_STD01_D_R36_S20,SEC_STD01_D,36,R36-S20,STANDING,AVAILABLE,0
SEC_STD01_D_R36_S21,SEC_STD01_D,36,R36-S21,STANDING,AVAILABLE,0
SEC_STD01_D_R36_S22,SEC_STD01_D,36,R36-S22,STANDING,AVAILABLE,0
SEC_STD01_D_R36_S23,SEC_STD01_D,36,R36-S23,STANDING,AVAILABLE,0
SEC_STD01_D_R36_S24,SEC_STD01_D,36,R36-S24,STANDING,AVAILABLE,0
SEC_STD01_D_R36_S25,SEC_STD01_D,36,R36-S25,STANDING,AVAILABLE,0
SEC_STD01_D_R36_S26,SEC_STD01_D,36,R36-S26,STANDING,AVAILABLE,0
SEC_STD01_D_R36_S27,SEC_STD01_D,36,R36-S27,STANDING,AVAILABLE,0
SEC_STD01_D_R36_S28,SEC_STD01_D,36,R36-S28,STANDING,AVAILABLE,0
SEC_STD01_D_R36_S29,SEC_STD01_D,36,R36-S29,STANDING,AVAILABLE,0
SEC_STD01_D_R36_S30,SEC_STD01_D,36,R36-S30,STANDING,AVAILABLE,0
SEC_STD01_D_R36_S31,SEC_STD01_D,36,R36-S31,STANDING,AVAILABLE,0
SEC_STD01_D_R36_S32,SEC_STD01_D,36,R36-S32,STANDING,AVAILABLE,0
SEC_STD01_D_R36_S33,SEC_STD01_D,36,R36-S33,STANDING,AVAILABLE,0
SEC_STD01_D_R36_S34,SEC_STD01_D,36,R36-S34,STANDING,AVAILABLE,0
SEC_STD01_D_R36_S35,SEC_STD01_D,36,R36-S35,STANDING,AVAILABLE,0
SEC_STD01_D_R36_S36,SEC_STD01_D,36,R36-S36,STANDING,AVAILABLE,0
SEC_STD01_D_R36_S37,SEC_STD01_D,36,R36-S37,STANDING,AVAILABLE,0
SEC_STD01_D_R36_S38,SEC_STD01_D,36,R36-S38,STANDING,AVAILABLE,0
SEC_STD01_D_R36_S39,SEC_STD01_D,36,R36-S39,STANDING,AVAILABLE,0
SEC_STD01_D_R36_S40,SEC_STD01_D,36,R36-S40,STANDING,AVAILABLE,0
SEC_STD01_D_R36_S41,SEC_STD01_D,36,R36-S41,STANDING,AVAILABLE,0
SEC_STD01_D_R36_S42,SEC_STD01_D,36,R36-S42,STANDING,AVAILABLE,0
SEC_STD01_D_R36_S43,SEC_STD01_D,36,R36-S43,STANDING,AVAILABLE,0
SEC_STD01_D_R36_S44,SEC_STD01_D,36,R36-S44,STANDING,AVAILABLE,0
SEC_STD01_D_R36_S45,SEC_STD01_D,36,R36-S45,STANDING,AVAILABLE,0
SEC_STD01_D_R36_S46,SEC_STD01_D,36,R36-S46,STANDING,AVAILABLE,0
SEC_STD01_D_R36_S47,SEC_STD01_D,36,R36-S47,STANDING,AVAILABLE,0
SEC_STD01_D_R36_S48,SEC_STD01_D,36,R36-S48,STANDING,AVAILABLE,0
SEC_STD01_D_R36_S49,SEC_STD01_D,36,R36-S49,STANDING,AVAILABLE,0
SEC_STD01_D_R36_S50,SEC_STD01_D,36,R36-S50,STANDING,AVAILABLE,0
SEC_STD01_D_R37_S01,SEC_STD01_D,37,R37-S01,STANDING,AVAILABLE,0
SEC_STD01_D_R37_S02,SEC_STD01_D,37,R37-S02,STANDING,AVAILABLE,0
SEC_STD01_D_R37_S03,SEC_STD01_D,37,R37-S03,STANDING,AVAILABLE,0
SEC_STD01_D_R37_S04,SEC_STD01_D,37,R37-S04,STANDING,AVAILABLE,0
SEC_STD01_D_R37_S05,SEC_STD01_D,37,R37-S05,STANDING,AVAILABLE,0
SEC_STD01_D_R37_S06,SEC_STD01_D,37,R37-S06,STANDING,AVAILABLE,0
SEC_STD01_D_R37_S07,SEC_STD01_D,37,R37-S07,STANDING,AVAILABLE,0
SEC_STD01_D_R37_S08,SEC_STD01_D,37,R37-S08,STANDING,AVAILABLE,0
SEC_STD01_D_R37_S09,SEC_STD01_D,37,R37-S09,STANDING,AVAILABLE,0
SEC_STD01_D_R37_S10,SEC_STD01_D,37,R37-S10,STANDING,AVAILABLE,0
SEC_STD01_D_R37_S11,SEC_STD01_D,37,R37-S11,STANDING,AVAILABLE,0
SEC_STD01_D_R37_S12,SEC_STD01_D,37,R37-S12,STANDING,AVAILABLE,0
SEC_STD01_D_R37_S13,SEC_STD01_D,37,R37-S13,STANDING,AVAILABLE,0
SEC_STD01_D_R37_S14,SEC_STD01_D,37,R37-S14,STANDING,AVAILABLE,0
SEC_STD01_D_R37_S15,SEC_STD01_D,37,R37-S15,STANDING,AVAILABLE,0
SEC_STD01_D_R37_S16,SEC_STD01_D,37,R37-S16,STANDING,AVAILABLE,0
SEC_STD01_D_R37_S17,SEC_STD01_D,37,R37-S17,STANDING,AVAILABLE,0
SEC_STD01_D_R37_S18,SEC_STD01_D,37,R37-S18,STANDING,AVAILABLE,0
SEC_STD01_D_R37_S19,SEC_STD01_D,37,R37-S19,STANDING,AVAILABLE,0
SEC_STD01_D_R37_S20,SEC_STD01_D,37,R37-S20,STANDING,AVAILABLE,0
SEC_STD01_D_R37_S21,SEC_STD01_D,37,R37-S21,STANDING,AVAILABLE,0
SEC_STD01_D_R37_S22,SEC_STD01_D,37,R37-S22,STANDING,AVAILABLE,0
SEC_STD01_D_R37_S23,SEC_STD01_D,37,R37-S23,STANDING,AVAILABLE,0
SEC_STD01_D_R37_S24,SEC_STD01_D,37,R37-S24,STANDING,AVAILABLE,0
SEC_STD01_D_R37_S25,SEC_STD01_D,37,R37-S25,STANDING,AVAILABLE,0
SEC_STD01_D_R37_S26,SEC_STD01_D,37,R37-S26,STANDING,AVAILABLE,0
SEC_STD01_D_R37_S27,SEC_STD01_D,37,R37-S27,STANDING,AVAILABLE,0
SEC_STD01_D_R37_S28,SEC_STD01_D,37,R37-S28,STANDING,AVAILABLE,0
SEC_STD01_D_R37_S29,SEC_STD01_D,37,R37-S29,STANDING,AVAILABLE,0
SEC_STD01_D_R37_S30,SEC_STD01_D,37,R37-S30,STANDING,AVAILABLE,0
SEC_STD01_D_R37_S31,SEC_STD01_D,37,R37-S31,STANDING,AVAILABLE,0
SEC_STD01_D_R37_S32,SEC_STD01_D,37,R37-S32,STANDING,AVAILABLE,0
SEC_STD01_D_R37_S33,SEC_STD01_D,37,R37-S33,STANDING,AVAILABLE,0
SEC_STD01_D_R37_S34,SEC_STD01_D,37,R37-S34,STANDING,AVAILABLE,0
SEC_STD01_D_R37_S35,SEC_STD01_D,37,R37-S35,STANDING,AVAILABLE,0
SEC_STD01_D_R37_S36,SEC_STD01_D,37,R37-S36,STANDING,AVAILABLE,0
SEC_STD01_D_R37_S37,SEC_STD01_D,37,R37-S37,STANDING,AVAILABLE,0
SEC_STD01_D_R37_S38,SEC_STD01_D,37,R37-S38,STANDING,AVAILABLE,0
SEC_STD01_D_R37_S39,SEC_STD01_D,37,R37-S39,STANDING,AVAILABLE,0
SEC_STD01_D_R37_S40,SEC_STD01_D,37,R37-S40,STANDING,AVAILABLE,0
SEC_STD01_D_R37_S41,SEC_STD01_D,37,R37-S41,STANDING,AVAILABLE,0
SEC_STD01_D_R37_S42,SEC_STD01_D,37,R37-S42,STANDING,AVAILABLE,0
SEC_STD01_D_R37_S43,SEC_STD01_D,37,R37-S43,STANDING,AVAILABLE,0
SEC_STD01_D_R37_S44,SEC_STD01_D,37,R37-S44,STANDING,AVAILABLE,0
SEC_STD01_D_R37_S45,SEC_STD01_D,37,R37-S45,STANDING,AVAILABLE,0
SEC_STD01_D_R37_S46,SEC_STD01_D,37,R37-S46,STANDING,AVAILABLE,0
SEC_STD01_D_R37_S47,SEC_STD01_D,37,R37-S47,STANDING,AVAILABLE,0
SEC_STD01_D_R37_S48,SEC_STD01_D,37,R37-S48,STANDING,AVAILABLE,0
SEC_STD01_D_R37_S49,SEC_STD01_D,37,R37-S49,STANDING,AVAILABLE,0
SEC_STD01_D_R37_S50,SEC_STD01_D,37,R37-S50,STANDING,AVAILABLE,0
SEC_STD01_D_R38_S01,SEC_STD01_D,38,R38-S01,STANDING,AVAILABLE,0
SEC_STD01_D_R38_S02,SEC_STD01_D,38,R38-S02,STANDING,AVAILABLE,0
SEC_STD01_D_R38_S03,SEC_STD01_D,38,R38-S03,STANDING,AVAILABLE,0
SEC_STD01_D_R38_S04,SEC_STD01_D,38,R38-S04,STANDING,AVAILABLE,0
SEC_STD01_D_R38_S05,SEC_STD01_D,38,R38-S05,STANDING,AVAILABLE,0
SEC_STD01_D_R38_S06,SEC_STD01_D,38,R38-S06,STANDING,AVAILABLE,0
SEC_STD01_D_R38_S07,SEC_STD01_D,38,R38-S07,STANDING,AVAILABLE,0
SEC_STD01_D_R38_S08,SEC_STD01_D,38,R38-S08,STANDING,AVAILABLE,0
SEC_STD01_D_R38_S09,SEC_STD01_D,38,R38-S09,STANDING,AVAILABLE,0
SEC_STD01_D_R38_S10,SEC_STD01_D,38,R38-S10,STANDING,AVAILABLE,0
SEC_STD01_D_R38_S11,SEC_STD01_D,38,R38-S11,STANDING,AVAILABLE,0
SEC_STD01_D_R38_S12,SEC_STD01_D,38,R38-S12,STANDING,AVAILABLE,0
SEC_STD01_D_R38_S13,SEC_STD01_D,38,R38-S13,STANDING,AVAILABLE,0
SEC_STD01_D_R38_S14,SEC_STD01_D,38,R38-S14,STANDING,AVAILABLE,0
SEC_STD01_D_R38_S15,SEC_STD01_D,38,R38-S15,STANDING,AVAILABLE,0
SEC_STD01_D_R38_S16,SEC_STD01_D,38,R38-S16,STANDING,AVAILABLE,0
SEC_STD01_D_R38_S17,SEC_STD01_D,38,R38-S17,STANDING,AVAILABLE,0
SEC_STD01_D_R38_S18,SEC_STD01_D,38,R38-S18,STANDING,AVAILABLE,0
SEC_STD01_D_R38_S19,SEC_STD01_D,38,R38-S19,STANDING,AVAILABLE,0
SEC_STD01_D_R38_S20,SEC_STD01_D,38,R38-S20,STANDING,AVAILABLE,0
SEC_STD01_D_R38_S21,SEC_STD01_D,38,R38-S21,STANDING,AVAILABLE,0
SEC_STD01_D_R38_S22,SEC_STD01_D,38,R38-S22,STANDING,AVAILABLE,0
SEC_STD01_D_R38_S23,SEC_STD01_D,38,R38-S23,STANDING,AVAILABLE,0
SEC_STD01_D_R38_S24,SEC_STD01_D,38,R38-S24,STANDING,AVAILABLE,0
SEC_STD01_D_R38_S25,SEC_STD01_D,38,R38-S25,STANDING,AVAILABLE,0
SEC_STD01_D_R38_S26,SEC_STD01_D,38,R38-S26,STANDING,AVAILABLE,0
SEC_STD01_D_R38_S27,SEC_STD01_D,38,R38-S27,STANDING,AVAILABLE,0
SEC_STD01_D_R38_S28,SEC_STD01_D,38,R38-S28,STANDING,AVAILABLE,0
SEC_STD01_D_R38_S29,SEC_STD01_D,38,R38-S29,STANDING,AVAILABLE,0
SEC_STD01_D_R38_S30,SEC_STD01_D,38,R38-S30,STANDING,AVAILABLE,0
SEC_STD01_D_R38_S31,SEC_STD01_D,38,R38-S31,STANDING,AVAILABLE,0
SEC_STD01_D_R38_S32,SEC_STD01_D,38,R38-S32,STANDING,AVAILABLE,0
SEC_STD01_D_R38_S33,SEC_STD01_D,38,R38-S33,STANDING,AVAILABLE,0
SEC_STD01_D_R38_S34,SEC_STD01_D,38,R38-S34,STANDING,AVAILABLE,0
SEC_STD01_D_R38_S35,SEC_STD01_D,38,R38-S35,STANDING,AVAILABLE,0
SEC_STD01_D_R38_S36,SEC_STD01_D,38,R38-S36,STANDING,AVAILABLE,0
SEC_STD01_D_R38_S37,SEC_STD01_D,38,R38-S37,STANDING,AVAILABLE,0
SEC_STD01_D_R38_S38,SEC_STD01_D,38,R38-S38,STANDING,AVAILABLE,0
SEC_STD01_D_R38_S39,SEC_STD01_D,38,R38-S39,STANDING,AVAILABLE,0
SEC_STD01_D_R38_S40,SEC_STD01_D,38,R38-S40,STANDING,AVAILABLE,0
SEC_STD01_D_R38_S41,SEC_STD01_D,38,R38-S41,STANDING,AVAILABLE,0
SEC_STD01_D_R38_S42,SEC_STD01_D,38,R38-S42,STANDING,AVAILABLE,0
SEC_STD01_D_R38_S43,SEC_STD01_D,38,R38-S43,STANDING,AVAILABLE,0
SEC_STD01_D_R38_S44,SEC_STD01_D,38,R38-S44,STANDING,AVAILABLE,0
SEC_STD01_D_R38_S45,SEC_STD01_D,38,R38-S45,STANDING,AVAILABLE,0
SEC_STD01_D_R38_S46,SEC_STD01_D,38,R38-S46,STANDING,AVAILABLE,0
SEC_STD01_D_R38_S47,SEC_STD01_D,38,R38-S47,STANDING,AVAILABLE,0
SEC_STD01_D_R38_S48,SEC_STD01_D,38,R38-S48,STANDING,AVAILABLE,0
SEC_STD01_D_R38_S49,SEC_STD01_D,38,R38-S49,STANDING,AVAILABLE,0
SEC_STD01_D_R38_S50,SEC_STD01_D,38,R38-S50,STANDING,AVAILABLE,0
SEC_STD01_D_R39_S01,SEC_STD01_D,39,R39-S01,STANDING,AVAILABLE,0
SEC_STD01_D_R39_S02,SEC_STD01_D,39,R39-S02,STANDING,AVAILABLE,0
SEC_STD01_D_R39_S03,SEC_STD01_D,39,R39-S03,STANDING,AVAILABLE,0
SEC_STD01_D_R39_S04,SEC_STD01_D,39,R39-S04,STANDING,AVAILABLE,0
SEC_STD01_D_R39_S05,SEC_STD01_D,39,R39-S05,STANDING,AVAILABLE,0
SEC_STD01_D_R39_S06,SEC_STD01_D,39,R39-S06,STANDING,AVAILABLE,0
SEC_STD01_D_R39_S07,SEC_STD01_D,39,R39-S07,STANDING,AVAILABLE,0
SEC_STD01_D_R39_S08,SEC_STD01_D,39,R39-S08,STANDING,AVAILABLE,0
SEC_STD01_D_R39_S09,SEC_STD01_D,39,R39-S09,STANDING,AVAILABLE,0
SEC_STD01_D_R39_S10,SEC_STD01_D,39,R39-S10,STANDING,AVAILABLE,0
SEC_STD01_D_R39_S11,SEC_STD01_D,39,R39-S11,STANDING,AVAILABLE,0
SEC_STD01_D_R39_S12,SEC_STD01_D,39,R39-S12,STANDING,AVAILABLE,0
SEC_STD01_D_R39_S13,SEC_STD01_D,39,R39-S13,STANDING,AVAILABLE,0
SEC_STD01_D_R39_S14,SEC_STD01_D,39,R39-S14,STANDING,AVAILABLE,0
SEC_STD01_D_R39_S15,SEC_STD01_D,39,R39-S15,STANDING,AVAILABLE,0
SEC_STD01_D_R39_S16,SEC_STD01_D,39,R39-S16,STANDING,AVAILABLE,0
SEC_STD01_D_R39_S17,SEC_STD01_D,39,R39-S17,STANDING,AVAILABLE,0
SEC_STD01_D_R39_S18,SEC_STD01_D,39,R39-S18,STANDING,AVAILABLE,0
SEC_STD01_D_R39_S19,SEC_STD01_D,39,R39-S19,STANDING,AVAILABLE,0
SEC_STD01_D_R39_S20,SEC_STD01_D,39,R39-S20,STANDING,AVAILABLE,0
SEC_STD01_D_R39_S21,SEC_STD01_D,39,R39-S21,STANDING,AVAILABLE,0
SEC_STD01_D_R39_S22,SEC_STD01_D,39,R39-S22,STANDING,AVAILABLE,0
SEC_STD01_D_R39_S23,SEC_STD01_D,39,R39-S23,STANDING,AVAILABLE,0
SEC_STD01_D_R39_S24,SEC_STD01_D,39,R39-S24,STANDING,AVAILABLE,0
SEC_STD01_D_R39_S25,SEC_STD01_D,39,R39-S25,STANDING,AVAILABLE,0
SEC_STD01_D_R39_S26,SEC_STD01_D,39,R39-S26,STANDING,AVAILABLE,0
SEC_STD01_D_R39_S27,SEC_STD01_D,39,R39-S27,STANDING,AVAILABLE,0
SEC_STD01_D_R39_S28,SEC_STD01_D,39,R39-S28,STANDING,AVAILABLE,0
SEC_STD01_D_R39_S29,SEC_STD01_D,39,R39-S29,STANDING,AVAILABLE,0
SEC_STD01_D_R39_S30,SEC_STD01_D,39,R39-S30,STANDING,AVAILABLE,0
SEC_STD01_D_R39_S31,SEC_STD01_D,39,R39-S31,STANDING,AVAILABLE,0
SEC_STD01_D_R39_S32,SEC_STD01_D,39,R39-S32,STANDING,AVAILABLE,0
SEC_STD01_D_R39_S33,SEC_STD01_D,39,R39-S33,STANDING,AVAILABLE,0
SEC_STD01_D_R39_S34,SEC_STD01_D,39,R39-S34,STANDING,AVAILABLE,0
SEC_STD01_D_R39_S35,SEC_STD01_D,39,R39-S35,STANDING,AVAILABLE,0
SEC_STD01_D_R39_S36,SEC_STD01_D,39,R39-S36,STANDING,AVAILABLE,0
SEC_STD01_D_R39_S37,SEC_STD01_D,39,R39-S37,STANDING,AVAILABLE,0
SEC_STD01_D_R39_S38,SEC_STD01_D,39,R39-S38,STANDING,AVAILABLE,0
SEC_STD01_D_R39_S39,SEC_STD01_D,39,R39-S39,STANDING,AVAILABLE,0
SEC_STD01_D_R39_S40,SEC_STD01_D,39,R39-S40,STANDING,AVAILABLE,0
SEC_STD01_D_R39_S41,SEC_STD01_D,39,R39-S41,STANDING,AVAILABLE,0
SEC_STD01_D_R39_S42,SEC_STD01_D,39,R39-S42,STANDING,AVAILABLE,0
SEC_STD01_D_R39_S43,SEC_STD01_D,39,R39-S43,STANDING,AVAILABLE,0
SEC_STD01_D_R39_S44,SEC_STD01_D,39,R39-S44,STANDING,AVAILABLE,0
SEC_STD01_D_R39_S45,SEC_STD01_D,39,R39-S45,STANDING,AVAILABLE,0
SEC_STD01_D_R39_S46,SEC_STD01_D,39,R39-S46,STANDING,AVAILABLE,0
SEC_STD01_D_R39_S47,SEC_STD01_D,39,R39-S47,STANDING,AVAILABLE,0
SEC_STD01_D_R39_S48,SEC_STD01_D,39,R39-S48,STANDING,AVAILABLE,0
SEC_STD01_D_R39_S49,SEC_STD01_D,39,R39-S49,STANDING,AVAILABLE,0
SEC_STD01_D_R39_S50,SEC_STD01_D,39,R39-S50,STANDING,AVAILABLE,0
SEC_STD01_D_R40_S01,SEC_STD01_D,40,R40-S01,STANDING,AVAILABLE,0
SEC_STD01_D_R40_S02,SEC_STD01_D,40,R40-S02,STANDING,AVAILABLE,0
SEC_STD01_D_R40_S03,SEC_STD01_D,40,R40-S03,STANDING,AVAILABLE,0
SEC_STD01_D_R40_S04,SEC_STD01_D,40,R40-S04,STANDING,AVAILABLE,0
SEC_STD01_D_R40_S05,SEC_STD01_D,40,R40-S05,STANDING,AVAILABLE,0
SEC_STD01_D_R40_S06,SEC_STD01_D,40,R40-S06,STANDING,AVAILABLE,0
SEC_STD01_D_R40_S07,SEC_STD01_D,40,R40-S07,STANDING,AVAILABLE,0
SEC_STD01_D_R40_S08,SEC_STD01_D,40,R40-S08,STANDING,AVAILABLE,0
SEC_STD01_D_R40_S09,SEC_STD01_D,40,R40-S09,STANDING,AVAILABLE,0
SEC_STD01_D_R40_S10,SEC_STD01_D,40,R40-S10,STANDING,AVAILABLE,0
SEC_STD01_D_R40_S11,SEC_STD01_D,40,R40-S11,STANDING,AVAILABLE,0
SEC_STD01_D_R40_S12,SEC_STD01_D,40,R40-S12,STANDING,AVAILABLE,0
SEC_STD01_D_R40_S13,SEC_STD01_D,40,R40-S13,STANDING,AVAILABLE,0
SEC_STD01_D_R40_S14,SEC_STD01_D,40,R40-S14,STANDING,AVAILABLE,0
SEC_STD01_D_R40_S15,SEC_STD01_D,40,R40-S15,STANDING,AVAILABLE,0
SEC_STD01_D_R40_S16,SEC_STD01_D,40,R40-S16,STANDING,AVAILABLE,0
SEC_STD01_D_R40_S17,SEC_STD01_D,40,R40-S17,STANDING,AVAILABLE,0
SEC_STD01_D_R40_S18,SEC_STD01_D,40,R40-S18,STANDING,AVAILABLE,0
SEC_STD01_D_R40_S19,SEC_STD01_D,40,R40-S19,STANDING,AVAILABLE,0
SEC_STD01_D_R40_S20,SEC_STD01_D,40,R40-S20,STANDING,AVAILABLE,0
SEC_STD01_D_R40_S21,SEC_STD01_D,40,R40-S21,STANDING,AVAILABLE,0
SEC_STD01_D_R40_S22,SEC_STD01_D,40,R40-S22,STANDING,AVAILABLE,0
SEC_STD01_D_R40_S23,SEC_STD01_D,40,R40-S23,STANDING,AVAILABLE,0
SEC_STD01_D_R40_S24,SEC_STD01_D,40,R40-S24,STANDING,AVAILABLE,0
SEC_STD01_D_R40_S25,SEC_STD01_D,40,R40-S25,STANDING,AVAILABLE,0
SEC_STD01_D_R40_S26,SEC_STD01_D,40,R40-S26,STANDING,AVAILABLE,0
SEC_STD01_D_R40_S27,SEC_STD01_D,40,R40-S27,STANDING,AVAILABLE,0
SEC_STD01_D_R40_S28,SEC_STD01_D,40,R40-S28,STANDING,AVAILABLE,0
SEC_STD01_D_R40_S29,SEC_STD01_D,40,R40-S29,STANDING,AVAILABLE,0
SEC_STD01_D_R40_S30,SEC_STD01_D,40,R40-S30,STANDING,AVAILABLE,0
SEC_STD01_D_R40_S31,SEC_STD01_D,40,R40-S31,STANDING,AVAILABLE,0
SEC_STD01_D_R40_S32,SEC_STD01_D,40,R40-S32,STANDING,AVAILABLE,0
SEC_STD01_D_R40_S33,SEC_STD01_D,40,R40-S33,STANDING,AVAILABLE,0
SEC_STD01_D_R40_S34,SEC_STD01_D,40,R40-S34,STANDING,AVAILABLE,0
SEC_STD01_D_R40_S35,SEC_STD01_D,40,R40-S35,STANDING,AVAILABLE,0
SEC_STD01_D_R40_S36,SEC_STD01_D,40,R40-S36,STANDING,AVAILABLE,0
SEC_STD01_D_R40_S37,SEC_STD01_D,40,R40-S37,STANDING,AVAILABLE,0
SEC_STD01_D_R40_S38,SEC_STD01_D,40,R40-S38,STANDING,AVAILABLE,0
SEC_STD01_D_R40_S39,SEC_STD01_D,40,R40-S39,STANDING,AVAILABLE,0
SEC_STD01_D_R40_S40,SEC_STD01_D,40,R40-S40,STANDING,AVAILABLE,0
SEC_STD01_D_R40_S41,SEC_STD01_D,40,R40-S41,STANDING,AVAILABLE,0
SEC_STD01_D_R40_S42,SEC_STD01_D,40,R40-S42,STANDING,AVAILABLE,0
SEC_STD01_D_R40_S43,SEC_STD01_D,40,R40-S43,STANDING,AVAILABLE,0
SEC_STD01_D_R40_S44,SEC_STD01_D,40,R40-S44,STANDING,AVAILABLE,0
SEC_STD01_D_R40_S45,SEC_STD01_D,40,R40-S45,STANDING,AVAILABLE,0
SEC_STD01_D_R40_S46,SEC_STD01_D,40,R40-S46,STANDING,AVAILABLE,0
SEC_STD01_D_R40_S47,SEC_STD01_D,40,R40-S47,STANDING,AVAILABLE,0
SEC_STD01_D_R40_S48,SEC_STD01_D,40,R40-S48,STANDING,AVAILABLE,0
SEC_STD01_D_R40_S49,SEC_STD01_D,40,R40-S49,STANDING,AVAILABLE,0
SEC_STD01_D_R40_S50,SEC_STD01_D,40,R40-S50,STANDING,AVAILABLE,0
SEC_STD01_D_R41_S01,SEC_STD01_D,41,R41-S01,STANDING,AVAILABLE,0
SEC_STD01_D_R41_S02,SEC_STD01_D,41,R41-S02,STANDING,AVAILABLE,0
SEC_STD01_D_R41_S03,SEC_STD01_D,41,R41-S03,STANDING,AVAILABLE,0
SEC_STD01_D_R41_S04,SEC_STD01_D,41,R41-S04,STANDING,AVAILABLE,0
SEC_STD01_D_R41_S05,SEC_STD01_D,41,R41-S05,STANDING,AVAILABLE,0
SEC_STD01_D_R41_S06,SEC_STD01_D,41,R41-S06,STANDING,AVAILABLE,0
SEC_STD01_D_R41_S07,SEC_STD01_D,41,R41-S07,STANDING,AVAILABLE,0
SEC_STD01_D_R41_S08,SEC_STD01_D,41,R41-S08,STANDING,AVAILABLE,0
SEC_STD01_D_R41_S09,SEC_STD01_D,41,R41-S09,STANDING,AVAILABLE,0
SEC_STD01_D_R41_S10,SEC_STD01_D,41,R41-S10,STANDING,AVAILABLE,0
SEC_STD01_D_R41_S11,SEC_STD01_D,41,R41-S11,STANDING,AVAILABLE,0
SEC_STD01_D_R41_S12,SEC_STD01_D,41,R41-S12,STANDING,AVAILABLE,0
SEC_STD01_D_R41_S13,SEC_STD01_D,41,R41-S13,STANDING,AVAILABLE,0
SEC_STD01_D_R41_S14,SEC_STD01_D,41,R41-S14,STANDING,AVAILABLE,0
SEC_STD01_D_R41_S15,SEC_STD01_D,41,R41-S15,STANDING,AVAILABLE,0
SEC_STD01_D_R41_S16,SEC_STD01_D,41,R41-S16,STANDING,AVAILABLE,0
SEC_STD01_D_R41_S17,SEC_STD01_D,41,R41-S17,STANDING,AVAILABLE,0
SEC_STD01_D_R41_S18,SEC_STD01_D,41,R41-S18,STANDING,AVAILABLE,0
SEC_STD01_D_R41_S19,SEC_STD01_D,41,R41-S19,STANDING,AVAILABLE,0
SEC_STD01_D_R41_S20,SEC_STD01_D,41,R41-S20,STANDING,AVAILABLE,0
SEC_STD01_D_R41_S21,SEC_STD01_D,41,R41-S21,STANDING,AVAILABLE,0
SEC_STD01_D_R41_S22,SEC_STD01_D,41,R41-S22,STANDING,AVAILABLE,0
SEC_STD01_D_R41_S23,SEC_STD01_D,41,R41-S23,STANDING,AVAILABLE,0
SEC_STD01_D_R41_S24,SEC_STD01_D,41,R41-S24,STANDING,AVAILABLE,0
SEC_STD01_D_R41_S25,SEC_STD01_D,41,R41-S25,STANDING,AVAILABLE,0
SEC_STD01_D_R41_S26,SEC_STD01_D,41,R41-S26,STANDING,AVAILABLE,0
SEC_STD01_D_R41_S27,SEC_STD01_D,41,R41-S27,STANDING,AVAILABLE,0
SEC_STD01_D_R41_S28,SEC_STD01_D,41,R41-S28,STANDING,AVAILABLE,0
SEC_STD01_D_R41_S29,SEC_STD01_D,41,R41-S29,STANDING,AVAILABLE,0
SEC_STD01_D_R41_S30,SEC_STD01_D,41,R41-S30,STANDING,AVAILABLE,0
SEC_STD01_D_R41_S31,SEC_STD01_D,41,R41-S31,STANDING,AVAILABLE,0
SEC_STD01_D_R41_S32,SEC_STD01_D,41,R41-S32,STANDING,AVAILABLE,0
SEC_STD01_D_R41_S33,SEC_STD01_D,41,R41-S33,STANDING,AVAILABLE,0
SEC_STD01_D_R41_S34,SEC_STD01_D,41,R41-S34,STANDING,AVAILABLE,0
SEC_STD01_D_R41_S35,SEC_STD01_D,41,R41-S35,STANDING,AVAILABLE,0
SEC_STD01_D_R41_S36,SEC_STD01_D,41,R41-S36,STANDING,AVAILABLE,0
SEC_STD01_D_R41_S37,SEC_STD01_D,41,R41-S37,STANDING,AVAILABLE,0
SEC_STD01_D_R41_S38,SEC_STD01_D,41,R41-S38,STANDING,AVAILABLE,0
SEC_STD01_D_R41_S39,SEC_STD01_D,41,R41-S39,STANDING,AVAILABLE,0
SEC_STD01_D_R41_S40,SEC_STD01_D,41,R41-S40,STANDING,AVAILABLE,0
SEC_STD01_D_R41_S41,SEC_STD01_D,41,R41-S41,STANDING,AVAILABLE,0
SEC_STD01_D_R41_S42,SEC_STD01_D,41,R41-S42,STANDING,AVAILABLE,0
SEC_STD01_D_R41_S43,SEC_STD01_D,41,R41-S43,STANDING,AVAILABLE,0
SEC_STD01_D_R41_S44,SEC_STD01_D,41,R41-S44,STANDING,AVAILABLE,0
SEC_STD01_D_R41_S45,SEC_STD01_D,41,R41-S45,STANDING,AVAILABLE,0
SEC_STD01_D_R41_S46,SEC_STD01_D,41,R41-S46,STANDING,AVAILABLE,0
SEC_STD01_D_R41_S47,SEC_STD01_D,41,R41-S47,STANDING,AVAILABLE,0
SEC_STD01_D_R41_S48,SEC_STD01_D,41,R41-S48,STANDING,AVAILABLE,0
SEC_STD01_D_R41_S49,SEC_STD01_D,41,R41-S49,STANDING,AVAILABLE,0
SEC_STD01_D_R41_S50,SEC_STD01_D,41,R41-S50,STANDING,AVAILABLE,0
SEC_STD01_D_R42_S01,SEC_STD01_D,42,R42-S01,STANDING,AVAILABLE,0
SEC_STD01_D_R42_S02,SEC_STD01_D,42,R42-S02,STANDING,AVAILABLE,0
SEC_STD01_D_R42_S03,SEC_STD01_D,42,R42-S03,STANDING,AVAILABLE,0
SEC_STD01_D_R42_S04,SEC_STD01_D,42,R42-S04,STANDING,AVAILABLE,0
SEC_STD01_D_R42_S05,SEC_STD01_D,42,R42-S05,STANDING,AVAILABLE,0
SEC_STD01_D_R42_S06,SEC_STD01_D,42,R42-S06,STANDING,AVAILABLE,0
SEC_STD01_D_R42_S07,SEC_STD01_D,42,R42-S07,STANDING,AVAILABLE,0
SEC_STD01_D_R42_S08,SEC_STD01_D,42,R42-S08,STANDING,AVAILABLE,0
SEC_STD01_D_R42_S09,SEC_STD01_D,42,R42-S09,STANDING,AVAILABLE,0
SEC_STD01_D_R42_S10,SEC_STD01_D,42,R42-S10,STANDING,AVAILABLE,0
SEC_STD01_D_R42_S11,SEC_STD01_D,42,R42-S11,STANDING,AVAILABLE,0
SEC_STD01_D_R42_S12,SEC_STD01_D,42,R42-S12,STANDING,AVAILABLE,0
SEC_STD01_D_R42_S13,SEC_STD01_D,42,R42-S13,STANDING,AVAILABLE,0
SEC_STD01_D_R42_S14,SEC_STD01_D,42,R42-S14,STANDING,AVAILABLE,0
SEC_STD01_D_R42_S15,SEC_STD01_D,42,R42-S15,STANDING,AVAILABLE,0
SEC_STD01_D_R42_S16,SEC_STD01_D,42,R42-S16,STANDING,AVAILABLE,0
SEC_STD01_D_R42_S17,SEC_STD01_D,42,R42-S17,STANDING,AVAILABLE,0
SEC_STD01_D_R42_S18,SEC_STD01_D,42,R42-S18,STANDING,AVAILABLE,0
SEC_STD01_D_R42_S19,SEC_STD01_D,42,R42-S19,STANDING,AVAILABLE,0
SEC_STD01_D_R42_S20,SEC_STD01_D,42,R42-S20,STANDING,AVAILABLE,0
SEC_STD01_D_R42_S21,SEC_STD01_D,42,R42-S21,STANDING,AVAILABLE,0
SEC_STD01_D_R42_S22,SEC_STD01_D,42,R42-S22,STANDING,AVAILABLE,0
SEC_STD01_D_R42_S23,SEC_STD01_D,42,R42-S23,STANDING,AVAILABLE,0
SEC_STD01_D_R42_S24,SEC_STD01_D,42,R42-S24,STANDING,AVAILABLE,0
SEC_STD01_D_R42_S25,SEC_STD01_D,42,R42-S25,STANDING,AVAILABLE,0
SEC_STD01_D_R42_S26,SEC_STD01_D,42,R42-S26,STANDING,AVAILABLE,0
SEC_STD01_D_R42_S27,SEC_STD01_D,42,R42-S27,STANDING,AVAILABLE,0
SEC_STD01_D_R42_S28,SEC_STD01_D,42,R42-S28,STANDING,AVAILABLE,0
SEC_STD01_D_R42_S29,SEC_STD01_D,42,R42-S29,STANDING,AVAILABLE,0
SEC_STD01_D_R42_S30,SEC_STD01_D,42,R42-S30,STANDING,AVAILABLE,0
SEC_STD01_D_R42_S31,SEC_STD01_D,42,R42-S31,STANDING,AVAILABLE,0
SEC_STD01_D_R42_S32,SEC_STD01_D,42,R42-S32,STANDING,AVAILABLE,0
SEC_STD01_D_R42_S33,SEC_STD01_D,42,R42-S33,STANDING,AVAILABLE,0
SEC_STD01_D_R42_S34,SEC_STD01_D,42,R42-S34,STANDING,AVAILABLE,0
SEC_STD01_D_R42_S35,SEC_STD01_D,42,R42-S35,STANDING,AVAILABLE,0
SEC_STD01_D_R42_S36,SEC_STD01_D,42,R42-S36,STANDING,AVAILABLE,0
SEC_STD01_D_R42_S37,SEC_STD01_D,42,R42-S37,STANDING,AVAILABLE,0
SEC_STD01_D_R42_S38,SEC_STD01_D,42,R42-S38,STANDING,AVAILABLE,0
SEC_STD01_D_R42_S39,SEC_STD01_D,42,R42-S39,STANDING,AVAILABLE,0
SEC_STD01_D_R42_S40,SEC_STD01_D,42,R42-S40,STANDING,AVAILABLE,0
SEC_STD01_D_R42_S41,SEC_STD01_D,42,R42-S41,STANDING,AVAILABLE,0
SEC_STD01_D_R42_S42,SEC_STD01_D,42,R42-S42,STANDING,AVAILABLE,0
SEC_STD01_D_R42_S43,SEC_STD01_D,42,R42-S43,STANDING,AVAILABLE,0
SEC_STD01_D_R42_S44,SEC_STD01_D,42,R42-S44,STANDING,AVAILABLE,0
SEC_STD01_D_R42_S45,SEC_STD01_D,42,R42-S45,STANDING,AVAILABLE,0
SEC_STD01_D_R42_S46,SEC_STD01_D,42,R42-S46,STANDING,AVAILABLE,0
SEC_STD01_D_R42_S47,SEC_STD01_D,42,R42-S47,STANDING,AVAILABLE,0
SEC_STD01_D_R42_S48,SEC_STD01_D,42,R42-S48,STANDING,AVAILABLE,0
SEC_STD01_D_R42_S49,SEC_STD01_D,42,R42-S49,STANDING,AVAILABLE,0
SEC_STD01_D_R42_S50,SEC_STD01_D,42,R42-S50,STANDING,AVAILABLE,0
SEC_STD01_D_R43_S01,SEC_STD01_D,43,R43-S01,STANDING,AVAILABLE,0
SEC_STD01_D_R43_S02,SEC_STD01_D,43,R43-S02,STANDING,AVAILABLE,0
SEC_STD01_D_R43_S03,SEC_STD01_D,43,R43-S03,STANDING,AVAILABLE,0
SEC_STD01_D_R43_S04,SEC_STD01_D,43,R43-S04,STANDING,AVAILABLE,0
SEC_STD01_D_R43_S05,SEC_STD01_D,43,R43-S05,STANDING,AVAILABLE,0
SEC_STD01_D_R43_S06,SEC_STD01_D,43,R43-S06,STANDING,AVAILABLE,0
SEC_STD01_D_R43_S07,SEC_STD01_D,43,R43-S07,STANDING,AVAILABLE,0
SEC_STD01_D_R43_S08,SEC_STD01_D,43,R43-S08,STANDING,AVAILABLE,0
SEC_STD01_D_R43_S09,SEC_STD01_D,43,R43-S09,STANDING,AVAILABLE,0
SEC_STD01_D_R43_S10,SEC_STD01_D,43,R43-S10,STANDING,AVAILABLE,0
SEC_STD01_D_R43_S11,SEC_STD01_D,43,R43-S11,STANDING,AVAILABLE,0
SEC_STD01_D_R43_S12,SEC_STD01_D,43,R43-S12,STANDING,AVAILABLE,0
SEC_STD01_D_R43_S13,SEC_STD01_D,43,R43-S13,STANDING,AVAILABLE,0
SEC_STD01_D_R43_S14,SEC_STD01_D,43,R43-S14,STANDING,AVAILABLE,0
SEC_STD01_D_R43_S15,SEC_STD01_D,43,R43-S15,STANDING,AVAILABLE,0
SEC_STD01_D_R43_S16,SEC_STD01_D,43,R43-S16,STANDING,AVAILABLE,0
SEC_STD01_D_R43_S17,SEC_STD01_D,43,R43-S17,STANDING,AVAILABLE,0
SEC_STD01_D_R43_S18,SEC_STD01_D,43,R43-S18,STANDING,AVAILABLE,0
SEC_STD01_D_R43_S19,SEC_STD01_D,43,R43-S19,STANDING,AVAILABLE,0
SEC_STD01_D_R43_S20,SEC_STD01_D,43,R43-S20,STANDING,AVAILABLE,0
SEC_STD01_D_R43_S21,SEC_STD01_D,43,R43-S21,STANDING,AVAILABLE,0
SEC_STD01_D_R43_S22,SEC_STD01_D,43,R43-S22,STANDING,AVAILABLE,0
SEC_STD01_D_R43_S23,SEC_STD01_D,43,R43-S23,STANDING,AVAILABLE,0
SEC_STD01_D_R43_S24,SEC_STD01_D,43,R43-S24,STANDING,AVAILABLE,0
SEC_STD01_D_R43_S25,SEC_STD01_D,43,R43-S25,STANDING,AVAILABLE,0
SEC_STD01_D_R43_S26,SEC_STD01_D,43,R43-S26,STANDING,AVAILABLE,0
SEC_STD01_D_R43_S27,SEC_STD01_D,43,R43-S27,STANDING,AVAILABLE,0
SEC_STD01_D_R43_S28,SEC_STD01_D,43,R43-S28,STANDING,AVAILABLE,0
SEC_STD01_D_R43_S29,SEC_STD01_D,43,R43-S29,STANDING,AVAILABLE,0
SEC_STD01_D_R43_S30,SEC_STD01_D,43,R43-S30,STANDING,AVAILABLE,0
SEC_STD01_D_R43_S31,SEC_STD01_D,43,R43-S31,STANDING,AVAILABLE,0
SEC_STD01_D_R43_S32,SEC_STD01_D,43,R43-S32,STANDING,AVAILABLE,0
SEC_STD01_D_R43_S33,SEC_STD01_D,43,R43-S33,STANDING,AVAILABLE,0
SEC_STD01_D_R43_S34,SEC_STD01_D,43,R43-S34,STANDING,AVAILABLE,0
SEC_STD01_D_R43_S35,SEC_STD01_D,43,R43-S35,STANDING,AVAILABLE,0
SEC_STD01_D_R43_S36,SEC_STD01_D,43,R43-S36,STANDING,AVAILABLE,0
SEC_STD01_D_R43_S37,SEC_STD01_D,43,R43-S37,STANDING,AVAILABLE,0
SEC_STD01_D_R43_S38,SEC_STD01_D,43,R43-S38,STANDING,AVAILABLE,0
SEC_STD01_D_R43_S39,SEC_STD01_D,43,R43-S39,STANDING,AVAILABLE,0
SEC_STD01_D_R43_S40,SEC_STD01_D,43,R43-S40,STANDING,AVAILABLE,0
SEC_STD01_D_R43_S41,SEC_STD01_D,43,R43-S41,STANDING,AVAILABLE,0
SEC_STD01_D_R43_S42,SEC_STD01_D,43,R43-S42,STANDING,AVAILABLE,0
SEC_STD01_D_R43_S43,SEC_STD01_D,43,R43-S43,STANDING,AVAILABLE,0
SEC_STD01_D_R43_S44,SEC_STD01_D,43,R43-S44,STANDING,AVAILABLE,0
SEC_STD01_D_R43_S45,SEC_STD01_D,43,R43-S45,STANDING,AVAILABLE,0
SEC_STD01_D_R43_S46,SEC_STD01_D,43,R43-S46,STANDING,AVAILABLE,0
SEC_STD01_D_R43_S47,SEC_STD01_D,43,R43-S47,STANDING,AVAILABLE,0
SEC_STD01_D_R43_S48,SEC_STD01_D,43,R43-S48,STANDING,AVAILABLE,0
SEC_STD01_D_R43_S49,SEC_STD01_D,43,R43-S49,STANDING,AVAILABLE,0
SEC_STD01_D_R43_S50,SEC_STD01_D,43,R43-S50,STANDING,AVAILABLE,0
SEC_STD01_D_R44_S01,SEC_STD01_D,44,R44-S01,STANDING,AVAILABLE,0
SEC_STD01_D_R44_S02,SEC_STD01_D,44,R44-S02,STANDING,AVAILABLE,0
SEC_STD01_D_R44_S03,SEC_STD01_D,44,R44-S03,STANDING,AVAILABLE,0
SEC_STD01_D_R44_S04,SEC_STD01_D,44,R44-S04,STANDING,AVAILABLE,0
SEC_STD01_D_R44_S05,SEC_STD01_D,44,R44-S05,STANDING,AVAILABLE,0
SEC_STD01_D_R44_S06,SEC_STD01_D,44,R44-S06,STANDING,AVAILABLE,0
SEC_STD01_D_R44_S07,SEC_STD01_D,44,R44-S07,STANDING,AVAILABLE,0
SEC_STD01_D_R44_S08,SEC_STD01_D,44,R44-S08,STANDING,AVAILABLE,0
SEC_STD01_D_R44_S09,SEC_STD01_D,44,R44-S09,STANDING,AVAILABLE,0
SEC_STD01_D_R44_S10,SEC_STD01_D,44,R44-S10,STANDING,AVAILABLE,0
SEC_STD01_D_R44_S11,SEC_STD01_D,44,R44-S11,STANDING,AVAILABLE,0
SEC_STD01_D_R44_S12,SEC_STD01_D,44,R44-S12,STANDING,AVAILABLE,0
SEC_STD01_D_R44_S13,SEC_STD01_D,44,R44-S13,STANDING,AVAILABLE,0
SEC_STD01_D_R44_S14,SEC_STD01_D,44,R44-S14,STANDING,AVAILABLE,0
SEC_STD01_D_R44_S15,SEC_STD01_D,44,R44-S15,STANDING,AVAILABLE,0
SEC_STD01_D_R44_S16,SEC_STD01_D,44,R44-S16,STANDING,AVAILABLE,0
SEC_STD01_D_R44_S17,SEC_STD01_D,44,R44-S17,STANDING,AVAILABLE,0
SEC_STD01_D_R44_S18,SEC_STD01_D,44,R44-S18,STANDING,AVAILABLE,0
SEC_STD01_D_R44_S19,SEC_STD01_D,44,R44-S19,STANDING,AVAILABLE,0
SEC_STD01_D_R44_S20,SEC_STD01_D,44,R44-S20,STANDING,AVAILABLE,0
SEC_STD01_D_R44_S21,SEC_STD01_D,44,R44-S21,STANDING,AVAILABLE,0
SEC_STD01_D_R44_S22,SEC_STD01_D,44,R44-S22,STANDING,AVAILABLE,0
SEC_STD01_D_R44_S23,SEC_STD01_D,44,R44-S23,STANDING,AVAILABLE,0
SEC_STD01_D_R44_S24,SEC_STD01_D,44,R44-S24,STANDING,AVAILABLE,0
SEC_STD01_D_R44_S25,SEC_STD01_D,44,R44-S25,STANDING,AVAILABLE,0
SEC_STD01_D_R44_S26,SEC_STD01_D,44,R44-S26,STANDING,AVAILABLE,0
SEC_STD01_D_R44_S27,SEC_STD01_D,44,R44-S27,STANDING,AVAILABLE,0
SEC_STD01_D_R44_S28,SEC_STD01_D,44,R44-S28,STANDING,AVAILABLE,0
SEC_STD01_D_R44_S29,SEC_STD01_D,44,R44-S29,STANDING,AVAILABLE,0
SEC_STD01_D_R44_S30,SEC_STD01_D,44,R44-S30,STANDING,AVAILABLE,0
SEC_STD01_D_R44_S31,SEC_STD01_D,44,R44-S31,STANDING,AVAILABLE,0
SEC_STD01_D_R44_S32,SEC_STD01_D,44,R44-S32,STANDING,AVAILABLE,0
SEC_STD01_D_R44_S33,SEC_STD01_D,44,R44-S33,STANDING,AVAILABLE,0
SEC_STD01_D_R44_S34,SEC_STD01_D,44,R44-S34,STANDING,AVAILABLE,0
SEC_STD01_D_R44_S35,SEC_STD01_D,44,R44-S35,STANDING,AVAILABLE,0
SEC_STD01_D_R44_S36,SEC_STD01_D,44,R44-S36,STANDING,AVAILABLE,0
SEC_STD01_D_R44_S37,SEC_STD01_D,44,R44-S37,STANDING,AVAILABLE,0
SEC_STD01_D_R44_S38,SEC_STD01_D,44,R44-S38,STANDING,AVAILABLE,0
SEC_STD01_D_R44_S39,SEC_STD01_D,44,R44-S39,STANDING,AVAILABLE,0
SEC_STD01_D_R44_S40,SEC_STD01_D,44,R44-S40,STANDING,AVAILABLE,0
SEC_STD01_D_R44_S41,SEC_STD01_D,44,R44-S41,STANDING,AVAILABLE,0
SEC_STD01_D_R44_S42,SEC_STD01_D,44,R44-S42,STANDING,AVAILABLE,0
SEC_STD01_D_R44_S43,SEC_STD01_D,44,R44-S43,STANDING,AVAILABLE,0
SEC_STD01_D_R44_S44,SEC_STD01_D,44,R44-S44,STANDING,AVAILABLE,0
SEC_STD01_D_R44_S45,SEC_STD01_D,44,R44-S45,STANDING,AVAILABLE,0
SEC_STD01_D_R44_S46,SEC_STD01_D,44,R44-S46,STANDING,AVAILABLE,0
SEC_STD01_D_R44_S47,SEC_STD01_D,44,R44-S47,STANDING,AVAILABLE,0
SEC_STD01_D_R44_S48,SEC_STD01_D,44,R44-S48,STANDING,AVAILABLE,0
SEC_STD01_D_R44_S49,SEC_STD01_D,44,R44-S49,STANDING,AVAILABLE,0
SEC_STD01_D_R44_S50,SEC_STD01_D,44,R44-S50,STANDING,AVAILABLE,0
SEC_STD01_D_R45_S01,SEC_STD01_D,45,R45-S01,STANDING,AVAILABLE,0
SEC_STD01_D_R45_S02,SEC_STD01_D,45,R45-S02,STANDING,AVAILABLE,0
SEC_STD01_D_R45_S03,SEC_STD01_D,45,R45-S03,STANDING,AVAILABLE,0
SEC_STD01_D_R45_S04,SEC_STD01_D,45,R45-S04,STANDING,AVAILABLE,0
SEC_STD01_D_R45_S05,SEC_STD01_D,45,R45-S05,STANDING,AVAILABLE,0
SEC_STD01_D_R45_S06,SEC_STD01_D,45,R45-S06,STANDING,AVAILABLE,0
SEC_STD01_D_R45_S07,SEC_STD01_D,45,R45-S07,STANDING,AVAILABLE,0
SEC_STD01_D_R45_S08,SEC_STD01_D,45,R45-S08,STANDING,AVAILABLE,0
SEC_STD01_D_R45_S09,SEC_STD01_D,45,R45-S09,STANDING,AVAILABLE,0
SEC_STD01_D_R45_S10,SEC_STD01_D,45,R45-S10,STANDING,AVAILABLE,0
SEC_STD01_D_R45_S11,SEC_STD01_D,45,R45-S11,STANDING,AVAILABLE,0
SEC_STD01_D_R45_S12,SEC_STD01_D,45,R45-S12,STANDING,AVAILABLE,0
SEC_STD01_D_R45_S13,SEC_STD01_D,45,R45-S13,STANDING,AVAILABLE,0
SEC_STD01_D_R45_S14,SEC_STD01_D,45,R45-S14,STANDING,AVAILABLE,0
SEC_STD01_D_R45_S15,SEC_STD01_D,45,R45-S15,STANDING,AVAILABLE,0
SEC_STD01_D_R45_S16,SEC_STD01_D,45,R45-S16,STANDING,AVAILABLE,0
SEC_STD01_D_R45_S17,SEC_STD01_D,45,R45-S17,STANDING,AVAILABLE,0
SEC_STD01_D_R45_S18,SEC_STD01_D,45,R45-S18,STANDING,AVAILABLE,0
SEC_STD01_D_R45_S19,SEC_STD01_D,45,R45-S19,STANDING,AVAILABLE,0
SEC_STD01_D_R45_S20,SEC_STD01_D,45,R45-S20,STANDING,AVAILABLE,0
SEC_STD01_D_R45_S21,SEC_STD01_D,45,R45-S21,STANDING,AVAILABLE,0
SEC_STD01_D_R45_S22,SEC_STD01_D,45,R45-S22,STANDING,AVAILABLE,0
SEC_STD01_D_R45_S23,SEC_STD01_D,45,R45-S23,STANDING,AVAILABLE,0
SEC_STD01_D_R45_S24,SEC_STD01_D,45,R45-S24,STANDING,AVAILABLE,0
SEC_STD01_D_R45_S25,SEC_STD01_D,45,R45-S25,STANDING,AVAILABLE,0
SEC_STD01_D_R45_S26,SEC_STD01_D,45,R45-S26,STANDING,AVAILABLE,0
SEC_STD01_D_R45_S27,SEC_STD01_D,45,R45-S27,STANDING,AVAILABLE,0
SEC_STD01_D_R45_S28,SEC_STD01_D,45,R45-S28,STANDING,AVAILABLE,0
SEC_STD01_D_R45_S29,SEC_STD01_D,45,R45-S29,STANDING,AVAILABLE,0
SEC_STD01_D_R45_S30,SEC_STD01_D,45,R45-S30,STANDING,AVAILABLE,0
SEC_STD01_D_R45_S31,SEC_STD01_D,45,R45-S31,STANDING,AVAILABLE,0
SEC_STD01_D_R45_S32,SEC_STD01_D,45,R45-S32,STANDING,AVAILABLE,0
SEC_STD01_D_R45_S33,SEC_STD01_D,45,R45-S33,STANDING,AVAILABLE,0
SEC_STD01_D_R45_S34,SEC_STD01_D,45,R45-S34,STANDING,AVAILABLE,0
SEC_STD01_D_R45_S35,SEC_STD01_D,45,R45-S35,STANDING,AVAILABLE,0
SEC_STD01_D_R45_S36,SEC_STD01_D,45,R45-S36,STANDING,AVAILABLE,0
SEC_STD01_D_R45_S37,SEC_STD01_D,45,R45-S37,STANDING,AVAILABLE,0
SEC_STD01_D_R45_S38,SEC_STD01_D,45,R45-S38,STANDING,AVAILABLE,0
SEC_STD01_D_R45_S39,SEC_STD01_D,45,R45-S39,STANDING,AVAILABLE,0
SEC_STD01_D_R45_S40,SEC_STD01_D,45,R45-S40,STANDING,AVAILABLE,0
SEC_STD01_D_R45_S41,SEC_STD01_D,45,R45-S41,STANDING,AVAILABLE,0
SEC_STD01_D_R45_S42,SEC_STD01_D,45,R45-S42,STANDING,AVAILABLE,0
SEC_STD01_D_R45_S43,SEC_STD01_D,45,R45-S43,STANDING,AVAILABLE,0
SEC_STD01_D_R45_S44,SEC_STD01_D,45,R45-S44,STANDING,AVAILABLE,0
SEC_STD01_D_R45_S45,SEC_STD01_D,45,R45-S45,STANDING,AVAILABLE,0
SEC_STD01_D_R45_S46,SEC_STD01_D,45,R45-S46,STANDING,AVAILABLE,0
SEC_STD01_D_R45_S47,SEC_STD01_D,45,R45-S47,STANDING,AVAILABLE,0
SEC_STD01_D_R45_S48,SEC_STD01_D,45,R45-S48,STANDING,AVAILABLE,0
SEC_STD01_D_R45_S49,SEC_STD01_D,45,R45-S49,STANDING,AVAILABLE,0
SEC_STD01_D_R45_S50,SEC_STD01_D,45,R45-S50,STANDING,AVAILABLE,0
SEC_STD01_D_R46_S01,SEC_STD01_D,46,R46-S01,STANDING,AVAILABLE,0
SEC_STD01_D_R46_S02,SEC_STD01_D,46,R46-S02,STANDING,AVAILABLE,0
SEC_STD01_D_R46_S03,SEC_STD01_D,46,R46-S03,STANDING,AVAILABLE,0
SEC_STD01_D_R46_S04,SEC_STD01_D,46,R46-S04,STANDING,AVAILABLE,0
SEC_STD01_D_R46_S05,SEC_STD01_D,46,R46-S05,STANDING,AVAILABLE,0
SEC_STD01_D_R46_S06,SEC_STD01_D,46,R46-S06,STANDING,AVAILABLE,0
SEC_STD01_D_R46_S07,SEC_STD01_D,46,R46-S07,STANDING,AVAILABLE,0
SEC_STD01_D_R46_S08,SEC_STD01_D,46,R46-S08,STANDING,AVAILABLE,0
SEC_STD01_D_R46_S09,SEC_STD01_D,46,R46-S09,STANDING,AVAILABLE,0
SEC_STD01_D_R46_S10,SEC_STD01_D,46,R46-S10,STANDING,AVAILABLE,0
SEC_STD01_D_R46_S11,SEC_STD01_D,46,R46-S11,STANDING,AVAILABLE,0
SEC_STD01_D_R46_S12,SEC_STD01_D,46,R46-S12,STANDING,AVAILABLE,0
SEC_STD01_D_R46_S13,SEC_STD01_D,46,R46-S13,STANDING,AVAILABLE,0
SEC_STD01_D_R46_S14,SEC_STD01_D,46,R46-S14,STANDING,AVAILABLE,0
SEC_STD01_D_R46_S15,SEC_STD01_D,46,R46-S15,STANDING,AVAILABLE,0
SEC_STD01_D_R46_S16,SEC_STD01_D,46,R46-S16,STANDING,AVAILABLE,0
SEC_STD01_D_R46_S17,SEC_STD01_D,46,R46-S17,STANDING,AVAILABLE,0
SEC_STD01_D_R46_S18,SEC_STD01_D,46,R46-S18,STANDING,AVAILABLE,0
SEC_STD01_D_R46_S19,SEC_STD01_D,46,R46-S19,STANDING,AVAILABLE,0
SEC_STD01_D_R46_S20,SEC_STD01_D,46,R46-S20,STANDING,AVAILABLE,0
SEC_STD01_D_R46_S21,SEC_STD01_D,46,R46-S21,STANDING,AVAILABLE,0
SEC_STD01_D_R46_S22,SEC_STD01_D,46,R46-S22,STANDING,AVAILABLE,0
SEC_STD01_D_R46_S23,SEC_STD01_D,46,R46-S23,STANDING,AVAILABLE,0
SEC_STD01_D_R46_S24,SEC_STD01_D,46,R46-S24,STANDING,AVAILABLE,0
SEC_STD01_D_R46_S25,SEC_STD01_D,46,R46-S25,STANDING,AVAILABLE,0
SEC_STD01_D_R46_S26,SEC_STD01_D,46,R46-S26,STANDING,AVAILABLE,0
SEC_STD01_D_R46_S27,SEC_STD01_D,46,R46-S27,STANDING,AVAILABLE,0
SEC_STD01_D_R46_S28,SEC_STD01_D,46,R46-S28,STANDING,AVAILABLE,0
SEC_STD01_D_R46_S29,SEC_STD01_D,46,R46-S29,STANDING,AVAILABLE,0
SEC_STD01_D_R46_S30,SEC_STD01_D,46,R46-S30,STANDING,AVAILABLE,0
SEC_STD01_D_R46_S31,SEC_STD01_D,46,R46-S31,STANDING,AVAILABLE,0
SEC_STD01_D_R46_S32,SEC_STD01_D,46,R46-S32,STANDING,AVAILABLE,0
SEC_STD01_D_R46_S33,SEC_STD01_D,46,R46-S33,STANDING,AVAILABLE,0
SEC_STD01_D_R46_S34,SEC_STD01_D,46,R46-S34,STANDING,AVAILABLE,0
SEC_STD01_D_R46_S35,SEC_STD01_D,46,R46-S35,STANDING,AVAILABLE,0
SEC_STD01_D_R46_S36,SEC_STD01_D,46,R46-S36,STANDING,AVAILABLE,0
SEC_STD01_D_R46_S37,SEC_STD01_D,46,R46-S37,STANDING,AVAILABLE,0
SEC_STD01_D_R46_S38,SEC_STD01_D,46,R46-S38,STANDING,AVAILABLE,0
SEC_STD01_D_R46_S39,SEC_STD01_D,46,R46-S39,STANDING,AVAILABLE,0
SEC_STD01_D_R46_S40,SEC_STD01_D,46,R46-S40,STANDING,AVAILABLE,0
SEC_STD01_D_R46_S41,SEC_STD01_D,46,R46-S41,STANDING,AVAILABLE,0
SEC_STD01_D_R46_S42,SEC_STD01_D,46,R46-S42,STANDING,AVAILABLE,0
SEC_STD01_D_R46_S43,SEC_STD01_D,46,R46-S43,STANDING,AVAILABLE,0
SEC_STD01_D_R46_S44,SEC_STD01_D,46,R46-S44,STANDING,AVAILABLE,0
SEC_STD01_D_R46_S45,SEC_STD01_D,46,R46-S45,STANDING,AVAILABLE,0
SEC_STD01_D_R46_S46,SEC_STD01_D,46,R46-S46,STANDING,AVAILABLE,0
SEC_STD01_D_R46_S47,SEC_STD01_D,46,R46-S47,STANDING,AVAILABLE,0
SEC_STD01_D_R46_S48,SEC_STD01_D,46,R46-S48,STANDING,AVAILABLE,0
SEC_STD01_D_R46_S49,SEC_STD01_D,46,R46-S49,STANDING,AVAILABLE,0
SEC_STD01_D_R46_S50,SEC_STD01_D,46,R46-S50,STANDING,AVAILABLE,0
SEC_STD01_D_R47_S01,SEC_STD01_D,47,R47-S01,STANDING,AVAILABLE,0
SEC_STD01_D_R47_S02,SEC_STD01_D,47,R47-S02,STANDING,AVAILABLE,0
SEC_STD01_D_R47_S03,SEC_STD01_D,47,R47-S03,STANDING,AVAILABLE,0
SEC_STD01_D_R47_S04,SEC_STD01_D,47,R47-S04,STANDING,AVAILABLE,0
SEC_STD01_D_R47_S05,SEC_STD01_D,47,R47-S05,STANDING,AVAILABLE,0
SEC_STD01_D_R47_S06,SEC_STD01_D,47,R47-S06,STANDING,AVAILABLE,0
SEC_STD01_D_R47_S07,SEC_STD01_D,47,R47-S07,STANDING,AVAILABLE,0
SEC_STD01_D_R47_S08,SEC_STD01_D,47,R47-S08,STANDING,AVAILABLE,0
SEC_STD01_D_R47_S09,SEC_STD01_D,47,R47-S09,STANDING,AVAILABLE,0
SEC_STD01_D_R47_S10,SEC_STD01_D,47,R47-S10,STANDING,AVAILABLE,0
SEC_STD01_D_R47_S11,SEC_STD01_D,47,R47-S11,STANDING,AVAILABLE,0
SEC_STD01_D_R47_S12,SEC_STD01_D,47,R47-S12,STANDING,AVAILABLE,0
SEC_STD01_D_R47_S13,SEC_STD01_D,47,R47-S13,STANDING,AVAILABLE,0
SEC_STD01_D_R47_S14,SEC_STD01_D,47,R47-S14,STANDING,AVAILABLE,0
SEC_STD01_D_R47_S15,SEC_STD01_D,47,R47-S15,STANDING,AVAILABLE,0
SEC_STD01_D_R47_S16,SEC_STD01_D,47,R47-S16,STANDING,AVAILABLE,0
SEC_STD01_D_R47_S17,SEC_STD01_D,47,R47-S17,STANDING,AVAILABLE,0
SEC_STD01_D_R47_S18,SEC_STD01_D,47,R47-S18,STANDING,AVAILABLE,0
SEC_STD01_D_R47_S19,SEC_STD01_D,47,R47-S19,STANDING,AVAILABLE,0
SEC_STD01_D_R47_S20,SEC_STD01_D,47,R47-S20,STANDING,AVAILABLE,0
SEC_STD01_D_R47_S21,SEC_STD01_D,47,R47-S21,STANDING,AVAILABLE,0
SEC_STD01_D_R47_S22,SEC_STD01_D,47,R47-S22,STANDING,AVAILABLE,0
SEC_STD01_D_R47_S23,SEC_STD01_D,47,R47-S23,STANDING,AVAILABLE,0
SEC_STD01_D_R47_S24,SEC_STD01_D,47,R47-S24,STANDING,AVAILABLE,0
SEC_STD01_D_R47_S25,SEC_STD01_D,47,R47-S25,STANDING,AVAILABLE,0
SEC_STD01_D_R47_S26,SEC_STD01_D,47,R47-S26,STANDING,AVAILABLE,0
SEC_STD01_D_R47_S27,SEC_STD01_D,47,R47-S27,STANDING,AVAILABLE,0
SEC_STD01_D_R47_S28,SEC_STD01_D,47,R47-S28,STANDING,AVAILABLE,0
SEC_STD01_D_R47_S29,SEC_STD01_D,47,R47-S29,STANDING,AVAILABLE,0
SEC_STD01_D_R47_S30,SEC_STD01_D,47,R47-S30,STANDING,AVAILABLE,0
SEC_STD01_D_R47_S31,SEC_STD01_D,47,R47-S31,STANDING,AVAILABLE,0
SEC_STD01_D_R47_S32,SEC_STD01_D,47,R47-S32,STANDING,AVAILABLE,0
SEC_STD01_D_R47_S33,SEC_STD01_D,47,R47-S33,STANDING,AVAILABLE,0
SEC_STD01_D_R47_S34,SEC_STD01_D,47,R47-S34,STANDING,AVAILABLE,0
SEC_STD01_D_R47_S35,SEC_STD01_D,47,R47-S35,STANDING,AVAILABLE,0
SEC_STD01_D_R47_S36,SEC_STD01_D,47,R47-S36,STANDING,AVAILABLE,0
SEC_STD01_D_R47_S37,SEC_STD01_D,47,R47-S37,STANDING,AVAILABLE,0
SEC_STD01_D_R47_S38,SEC_STD01_D,47,R47-S38,STANDING,AVAILABLE,0
SEC_STD01_D_R47_S39,SEC_STD01_D,47,R47-S39,STANDING,AVAILABLE,0
SEC_STD01_D_R47_S40,SEC_STD01_D,47,R47-S40,STANDING,AVAILABLE,0
SEC_STD01_D_R47_S41,SEC_STD01_D,47,R47-S41,STANDING,AVAILABLE,0
SEC_STD01_D_R47_S42,SEC_STD01_D,47,R47-S42,STANDING,AVAILABLE,0
SEC_STD01_D_R47_S43,SEC_STD01_D,47,R47-S43,STANDING,AVAILABLE,0
SEC_STD01_D_R47_S44,SEC_STD01_D,47,R47-S44,STANDING,AVAILABLE,0
SEC_STD01_D_R47_S45,SEC_STD01_D,47,R47-S45,STANDING,AVAILABLE,0
SEC_STD01_D_R47_S46,SEC_STD01_D,47,R47-S46,STANDING,AVAILABLE,0
SEC_STD01_D_R47_S47,SEC_STD01_D,47,R47-S47,STANDING,AVAILABLE,0
SEC_STD01_D_R47_S48,SEC_STD01_D,47,R47-S48,STANDING,AVAILABLE,0
SEC_STD01_D_R47_S49,SEC_STD01_D,47,R47-S49,STANDING,AVAILABLE,0
SEC_STD01_D_R47_S50,SEC_STD01_D,47,R47-S50,STANDING,AVAILABLE,0
SEC_STD01_D_R48_S01,SEC_STD01_D,48,R48-S01,STANDING,AVAILABLE,0
SEC_STD01_D_R48_S02,SEC_STD01_D,48,R48-S02,STANDING,AVAILABLE,0
SEC_STD01_D_R48_S03,SEC_STD01_D,48,R48-S03,STANDING,AVAILABLE,0
SEC_STD01_D_R48_S04,SEC_STD01_D,48,R48-S04,STANDING,AVAILABLE,0
SEC_STD01_D_R48_S05,SEC_STD01_D,48,R48-S05,STANDING,AVAILABLE,0
SEC_STD01_D_R48_S06,SEC_STD01_D,48,R48-S06,STANDING,AVAILABLE,0
SEC_STD01_D_R48_S07,SEC_STD01_D,48,R48-S07,STANDING,AVAILABLE,0
SEC_STD01_D_R48_S08,SEC_STD01_D,48,R48-S08,STANDING,AVAILABLE,0
SEC_STD01_D_R48_S09,SEC_STD01_D,48,R48-S09,STANDING,AVAILABLE,0
SEC_STD01_D_R48_S10,SEC_STD01_D,48,R48-S10,STANDING,AVAILABLE,0
SEC_STD01_D_R48_S11,SEC_STD01_D,48,R48-S11,STANDING,AVAILABLE,0
SEC_STD01_D_R48_S12,SEC_STD01_D,48,R48-S12,STANDING,AVAILABLE,0
SEC_STD01_D_R48_S13,SEC_STD01_D,48,R48-S13,STANDING,AVAILABLE,0
SEC_STD01_D_R48_S14,SEC_STD01_D,48,R48-S14,STANDING,AVAILABLE,0
SEC_STD01_D_R48_S15,SEC_STD01_D,48,R48-S15,STANDING,AVAILABLE,0
SEC_STD01_D_R48_S16,SEC_STD01_D,48,R48-S16,STANDING,AVAILABLE,0
SEC_STD01_D_R48_S17,SEC_STD01_D,48,R48-S17,STANDING,AVAILABLE,0
SEC_STD01_D_R48_S18,SEC_STD01_D,48,R48-S18,STANDING,AVAILABLE,0
SEC_STD01_D_R48_S19,SEC_STD01_D,48,R48-S19,STANDING,AVAILABLE,0
SEC_STD01_D_R48_S20,SEC_STD01_D,48,R48-S20,STANDING,AVAILABLE,0
SEC_STD01_D_R48_S21,SEC_STD01_D,48,R48-S21,STANDING,AVAILABLE,0
SEC_STD01_D_R48_S22,SEC_STD01_D,48,R48-S22,STANDING,AVAILABLE,0
SEC_STD01_D_R48_S23,SEC_STD01_D,48,R48-S23,STANDING,AVAILABLE,0
SEC_STD01_D_R48_S24,SEC_STD01_D,48,R48-S24,STANDING,AVAILABLE,0
SEC_STD01_D_R48_S25,SEC_STD01_D,48,R48-S25,STANDING,AVAILABLE,0
SEC_STD01_D_R48_S26,SEC_STD01_D,48,R48-S26,STANDING,AVAILABLE,0
SEC_STD01_D_R48_S27,SEC_STD01_D,48,R48-S27,STANDING,AVAILABLE,0
SEC_STD01_D_R48_S28,SEC_STD01_D,48,R48-S28,STANDING,AVAILABLE,0
SEC_STD01_D_R48_S29,SEC_STD01_D,48,R48-S29,STANDING,AVAILABLE,0
SEC_STD01_D_R48_S30,SEC_STD01_D,48,R48-S30,STANDING,AVAILABLE,0
SEC_STD01_D_R48_S31,SEC_STD01_D,48,R48-S31,STANDING,AVAILABLE,0
SEC_STD01_D_R48_S32,SEC_STD01_D,48,R48-S32,STANDING,AVAILABLE,0
SEC_STD01_D_R48_S33,SEC_STD01_D,48,R48-S33,STANDING,AVAILABLE,0
SEC_STD01_D_R48_S34,SEC_STD01_D,48,R48-S34,STANDING,AVAILABLE,0
SEC_STD01_D_R48_S35,SEC_STD01_D,48,R48-S35,STANDING,AVAILABLE,0
SEC_STD01_D_R48_S36,SEC_STD01_D,48,R48-S36,STANDING,AVAILABLE,0
SEC_STD01_D_R48_S37,SEC_STD01_D,48,R48-S37,STANDING,AVAILABLE,0
SEC_STD01_D_R48_S38,SEC_STD01_D,48,R48-S38,STANDING,AVAILABLE,0
SEC_STD01_D_R48_S39,SEC_STD01_D,48,R48-S39,STANDING,AVAILABLE,0
SEC_STD01_D_R48_S40,SEC_STD01_D,48,R48-S40,STANDING,AVAILABLE,0
SEC_STD01_D_R48_S41,SEC_STD01_D,48,R48-S41,STANDING,AVAILABLE,0
SEC_STD01_D_R48_S42,SEC_STD01_D,48,R48-S42,STANDING,AVAILABLE,0
SEC_STD01_D_R48_S43,SEC_STD01_D,48,R48-S43,STANDING,AVAILABLE,0
SEC_STD01_D_R48_S44,SEC_STD01_D,48,R48-S44,STANDING,AVAILABLE,0
SEC_STD01_D_R48_S45,SEC_STD01_D,48,R48-S45,STANDING,AVAILABLE,0
SEC_STD01_D_R48_S46,SEC_STD01_D,48,R48-S46,STANDING,AVAILABLE,0
SEC_STD01_D_R48_S47,SEC_STD01_D,48,R48-S47,STANDING,AVAILABLE,0
SEC_STD01_D_R48_S48,SEC_STD01_D,48,R48-S48,STANDING,AVAILABLE,0
SEC_STD01_D_R48_S49,SEC_STD01_D,48,R48-S49,STANDING,AVAILABLE,0
SEC_STD01_D_R48_S50,SEC_STD01_D,48,R48-S50,STANDING,AVAILABLE,0
SEC_STD01_D_R49_S01,SEC_STD01_D,49,R49-S01,STANDING,AVAILABLE,0
SEC_STD01_D_R49_S02,SEC_STD01_D,49,R49-S02,STANDING,AVAILABLE,0
SEC_STD01_D_R49_S03,SEC_STD01_D,49,R49-S03,STANDING,AVAILABLE,0
SEC_STD01_D_R49_S04,SEC_STD01_D,49,R49-S04,STANDING,AVAILABLE,0
SEC_STD01_D_R49_S05,SEC_STD01_D,49,R49-S05,STANDING,AVAILABLE,0
SEC_STD01_D_R49_S06,SEC_STD01_D,49,R49-S06,STANDING,AVAILABLE,0
SEC_STD01_D_R49_S07,SEC_STD01_D,49,R49-S07,STANDING,AVAILABLE,0
SEC_STD01_D_R49_S08,SEC_STD01_D,49,R49-S08,STANDING,AVAILABLE,0
SEC_STD01_D_R49_S09,SEC_STD01_D,49,R49-S09,STANDING,AVAILABLE,0
SEC_STD01_D_R49_S10,SEC_STD01_D,49,R49-S10,STANDING,AVAILABLE,0
SEC_STD01_D_R49_S11,SEC_STD01_D,49,R49-S11,STANDING,AVAILABLE,0
SEC_STD01_D_R49_S12,SEC_STD01_D,49,R49-S12,STANDING,AVAILABLE,0
SEC_STD01_D_R49_S13,SEC_STD01_D,49,R49-S13,STANDING,AVAILABLE,0
SEC_STD01_D_R49_S14,SEC_STD01_D,49,R49-S14,STANDING,AVAILABLE,0
SEC_STD01_D_R49_S15,SEC_STD01_D,49,R49-S15,STANDING,AVAILABLE,0
SEC_STD01_D_R49_S16,SEC_STD01_D,49,R49-S16,STANDING,AVAILABLE,0
SEC_STD01_D_R49_S17,SEC_STD01_D,49,R49-S17,STANDING,AVAILABLE,0
SEC_STD01_D_R49_S18,SEC_STD01_D,49,R49-S18,STANDING,AVAILABLE,0
SEC_STD01_D_R49_S19,SEC_STD01_D,49,R49-S19,STANDING,AVAILABLE,0
SEC_STD01_D_R49_S20,SEC_STD01_D,49,R49-S20,STANDING,AVAILABLE,0
SEC_STD01_D_R49_S21,SEC_STD01_D,49,R49-S21,STANDING,AVAILABLE,0
SEC_STD01_D_R49_S22,SEC_STD01_D,49,R49-S22,STANDING,AVAILABLE,0
SEC_STD01_D_R49_S23,SEC_STD01_D,49,R49-S23,STANDING,AVAILABLE,0
SEC_STD01_D_R49_S24,SEC_STD01_D,49,R49-S24,STANDING,AVAILABLE,0
SEC_STD01_D_R49_S25,SEC_STD01_D,49,R49-S25,STANDING,AVAILABLE,0
SEC_STD01_D_R49_S26,SEC_STD01_D,49,R49-S26,STANDING,AVAILABLE,0
SEC_STD01_D_R49_S27,SEC_STD01_D,49,R49-S27,STANDING,AVAILABLE,0
SEC_STD01_D_R49_S28,SEC_STD01_D,49,R49-S28,STANDING,AVAILABLE,0
SEC_STD01_D_R49_S29,SEC_STD01_D,49,R49-S29,STANDING,AVAILABLE,0
SEC_STD01_D_R49_S30,SEC_STD01_D,49,R49-S30,STANDING,AVAILABLE,0
SEC_STD01_D_R49_S31,SEC_STD01_D,49,R49-S31,STANDING,AVAILABLE,0
SEC_STD01_D_R49_S32,SEC_STD01_D,49,R49-S32,STANDING,AVAILABLE,0
SEC_STD01_D_R49_S33,SEC_STD01_D,49,R49-S33,STANDING,AVAILABLE,0
SEC_STD01_D_R49_S34,SEC_STD01_D,49,R49-S34,STANDING,AVAILABLE,0
SEC_STD01_D_R49_S35,SEC_STD01_D,49,R49-S35,STANDING,AVAILABLE,0
SEC_STD01_D_R49_S36,SEC_STD01_D,49,R49-S36,STANDING,AVAILABLE,0
SEC_STD01_D_R49_S37,SEC_STD01_D,49,R49-S37,STANDING,AVAILABLE,0
SEC_STD01_D_R49_S38,SEC_STD01_D,49,R49-S38,STANDING,AVAILABLE,0
SEC_STD01_D_R49_S39,SEC_STD01_D,49,R49-S39,STANDING,AVAILABLE,0
SEC_STD01_D_R49_S40,SEC_STD01_D,49,R49-S40,STANDING,AVAILABLE,0
SEC_STD01_D_R49_S41,SEC_STD01_D,49,R49-S41,STANDING,AVAILABLE,0
SEC_STD01_D_R49_S42,SEC_STD01_D,49,R49-S42,STANDING,AVAILABLE,0
SEC_STD01_D_R49_S43,SEC_STD01_D,49,R49-S43,STANDING,AVAILABLE,0
SEC_STD01_D_R49_S44,SEC_STD01_D,49,R49-S44,STANDING,AVAILABLE,0
SEC_STD01_D_R49_S45,SEC_STD01_D,49,R49-S45,STANDING,AVAILABLE,0
SEC_STD01_D_R49_S46,SEC_STD01_D,49,R49-S46,STANDING,AVAILABLE,0
SEC_STD01_D_R49_S47,SEC_STD01_D,49,R49-S47,STANDING,AVAILABLE,0
SEC_STD01_D_R49_S48,SEC_STD01_D,49,R49-S48,STANDING,AVAILABLE,0
SEC_STD01_D_R49_S49,SEC_STD01_D,49,R49-S49,STANDING,AVAILABLE,0
SEC_STD01_D_R49_S50,SEC_STD01_D,49,R49-S50,STANDING,AVAILABLE,0
SEC_STD01_D_R50_S01,SEC_STD01_D,50,R50-S01,STANDING,AVAILABLE,0
SEC_STD01_D_R50_S02,SEC_STD01_D,50,R50-S02,STANDING,AVAILABLE,0
SEC_STD01_D_R50_S03,SEC_STD01_D,50,R50-S03,STANDING,AVAILABLE,0
SEC_STD01_D_R50_S04,SEC_STD01_D,50,R50-S04,STANDING,AVAILABLE,0
SEC_STD01_D_R50_S05,SEC_STD01_D,50,R50-S05,STANDING,AVAILABLE,0
SEC_STD01_D_R50_S06,SEC_STD01_D,50,R50-S06,STANDING,AVAILABLE,0
SEC_STD01_D_R50_S07,SEC_STD01_D,50,R50-S07,STANDING,AVAILABLE,0
SEC_STD01_D_R50_S08,SEC_STD01_D,50,R50-S08,STANDING,AVAILABLE,0
SEC_STD01_D_R50_S09,SEC_STD01_D,50,R50-S09,STANDING,AVAILABLE,0
SEC_STD01_D_R50_S10,SEC_STD01_D,50,R50-S10,STANDING,AVAILABLE,0
SEC_STD01_D_R50_S11,SEC_STD01_D,50,R50-S11,STANDING,AVAILABLE,0
SEC_STD01_D_R50_S12,SEC_STD01_D,50,R50-S12,STANDING,AVAILABLE,0
SEC_STD01_D_R50_S13,SEC_STD01_D,50,R50-S13,STANDING,AVAILABLE,0
SEC_STD01_D_R50_S14,SEC_STD01_D,50,R50-S14,STANDING,AVAILABLE,0
SEC_STD01_D_R50_S15,SEC_STD01_D,50,R50-S15,STANDING,AVAILABLE,0
SEC_STD01_D_R50_S16,SEC_STD01_D,50,R50-S16,STANDING,AVAILABLE,0
SEC_STD01_D_R50_S17,SEC_STD01_D,50,R50-S17,STANDING,AVAILABLE,0
SEC_STD01_D_R50_S18,SEC_STD01_D,50,R50-S18,STANDING,AVAILABLE,0
SEC_STD01_D_R50_S19,SEC_STD01_D,50,R50-S19,STANDING,AVAILABLE,0
SEC_STD01_D_R50_S20,SEC_STD01_D,50,R50-S20,STANDING,AVAILABLE,0
SEC_STD01_D_R50_S21,SEC_STD01_D,50,R50-S21,STANDING,AVAILABLE,0
SEC_STD01_D_R50_S22,SEC_STD01_D,50,R50-S22,STANDING,AVAILABLE,0
SEC_STD01_D_R50_S23,SEC_STD01_D,50,R50-S23,STANDING,AVAILABLE,0
SEC_STD01_D_R50_S24,SEC_STD01_D,50,R50-S24,STANDING,AVAILABLE,0
SEC_STD01_D_R50_S25,SEC_STD01_D,50,R50-S25,STANDING,AVAILABLE,0
SEC_STD01_D_R50_S26,SEC_STD01_D,50,R50-S26,STANDING,AVAILABLE,0
SEC_STD01_D_R50_S27,SEC_STD01_D,50,R50-S27,STANDING,AVAILABLE,0
SEC_STD01_D_R50_S28,SEC_STD01_D,50,R50-S28,STANDING,AVAILABLE,0
SEC_STD01_D_R50_S29,SEC_STD01_D,50,R50-S29,STANDING,AVAILABLE,0
SEC_STD01_D_R50_S30,SEC_STD01_D,50,R50-S30,STANDING,AVAILABLE,0
SEC_STD01_D_R50_S31,SEC_STD01_D,50,R50-S31,STANDING,AVAILABLE,0
SEC_STD01_D_R50_S32,SEC_STD01_D,50,R50-S32,STANDING,AVAILABLE,0
SEC_STD01_D_R50_S33,SEC_STD01_D,50,R50-S33,STANDING,AVAILABLE,0
SEC_STD01_D_R50_S34,SEC_STD01_D,50,R50-S34,STANDING,AVAILABLE,0
SEC_STD01_D_R50_S35,SEC_STD01_D,50,R50-S35,STANDING,AVAILABLE,0
SEC_STD01_D_R50_S36,SEC_STD01_D,50,R50-S36,STANDING,AVAILABLE,0
SEC_STD01_D_R50_S37,SEC_STD01_D,50,R50-S37,STANDING,AVAILABLE,0
SEC_STD01_D_R50_S38,SEC_STD01_D,50,R50-S38,STANDING,AVAILABLE,0
SEC_STD01_D_R50_S39,SEC_STD01_D,50,R50-S39,STANDING,AVAILABLE,0
SEC_STD01_D_R50_S40,SEC_STD01_D,50,R50-S40,STANDING,AVAILABLE,0
SEC_STD01_D_R50_S41,SEC_STD01_D,50,R50-S41,STANDING,AVAILABLE,0
SEC_STD01_D_R50_S42,SEC_STD01_D,50,R50-S42,STANDING,AVAILABLE,0
SEC_STD01_D_R50_S43,SEC_STD01_D,50,R50-S43,STANDING,AVAILABLE,0
SEC_STD01_D_R50_S44,SEC_STD01_D,50,R50-S44,STANDING,AVAILABLE,0
SEC_STD01_D_R50_S45,SEC_STD01_D,50,R50-S45,STANDING,AVAILABLE,0
SEC_STD01_D_R50_S46,SEC_STD01_D,50,R50-S46,STANDING,AVAILABLE,0
SEC_STD01_D_R50_S47,SEC_STD01_D,50,R50-S47,STANDING,AVAILABLE,0
SEC_STD01_D_R50_S48,SEC_STD01_D,50,R50-S48,STANDING,AVAILABLE,0
SEC_STD01_D_R50_S49,SEC_STD01_D,50,R50-S49,STANDING,AVAILABLE,0
SEC_STD01_D_R50_S50,SEC_STD01_D,50,R50-S50,STANDING,AVAILABLE,0
SEC_STD02_A_R01_S01,SEC_STD02_A,1,R01-S01,VIP,AVAILABLE,0
SEC_STD02_A_R01_S02,SEC_STD02_A,1,R01-S02,VIP,AVAILABLE,0
SEC_STD02_A_R01_S03,SEC_STD02_A,1,R01-S03,VIP,AVAILABLE,0
SEC_STD02_A_R01_S04,SEC_STD02_A,1,R01-S04,VIP,AVAILABLE,0
SEC_STD02_A_R01_S05,SEC_STD02_A,1,R01-S05,VIP,AVAILABLE,0
SEC_STD02_A_R01_S06,SEC_STD02_A,1,R01-S06,VIP,AVAILABLE,0
SEC_STD02_A_R01_S07,SEC_STD02_A,1,R01-S07,VIP,AVAILABLE,0
SEC_STD02_A_R01_S08,SEC_STD02_A,1,R01-S08,VIP,AVAILABLE,0
SEC_STD02_A_R01_S09,SEC_STD02_A,1,R01-S09,VIP,AVAILABLE,0
SEC_STD02_A_R01_S10,SEC_STD02_A,1,R01-S10,VIP,AVAILABLE,0
SEC_STD02_A_R01_S11,SEC_STD02_A,1,R01-S11,VIP,AVAILABLE,0
SEC_STD02_A_R01_S12,SEC_STD02_A,1,R01-S12,VIP,AVAILABLE,0
SEC_STD02_A_R01_S13,SEC_STD02_A,1,R01-S13,VIP,AVAILABLE,0
SEC_STD02_A_R01_S14,SEC_STD02_A,1,R01-S14,VIP,AVAILABLE,0
SEC_STD02_A_R01_S15,SEC_STD02_A,1,R01-S15,VIP,AVAILABLE,0
SEC_STD02_A_R01_S16,SEC_STD02_A,1,R01-S16,VIP,AVAILABLE,0
SEC_STD02_A_R01_S17,SEC_STD02_A,1,R01-S17,VIP,AVAILABLE,0
SEC_STD02_A_R01_S18,SEC_STD02_A,1,R01-S18,VIP,AVAILABLE,0
SEC_STD02_A_R01_S19,SEC_STD02_A,1,R01-S19,VIP,AVAILABLE,0
SEC_STD02_A_R01_S20,SEC_STD02_A,1,R01-S20,VIP,AVAILABLE,0
SEC_STD02_A_R01_S21,SEC_STD02_A,1,R01-S21,VIP,AVAILABLE,0
SEC_STD02_A_R01_S22,SEC_STD02_A,1,R01-S22,VIP,AVAILABLE,0
SEC_STD02_A_R01_S23,SEC_STD02_A,1,R01-S23,VIP,AVAILABLE,0
SEC_STD02_A_R01_S24,SEC_STD02_A,1,R01-S24,VIP,AVAILABLE,0
SEC_STD02_A_R01_S25,SEC_STD02_A,1,R01-S25,VIP,AVAILABLE,0
SEC_STD02_A_R01_S26,SEC_STD02_A,1,R01-S26,VIP,AVAILABLE,0
SEC_STD02_A_R01_S27,SEC_STD02_A,1,R01-S27,VIP,AVAILABLE,0
SEC_STD02_A_R01_S28,SEC_STD02_A,1,R01-S28,VIP,AVAILABLE,0
SEC_STD02_A_R01_S29,SEC_STD02_A,1,R01-S29,VIP,AVAILABLE,0
SEC_STD02_A_R01_S30,SEC_STD02_A,1,R01-S30,VIP,AVAILABLE,0
SEC_STD02_A_R01_S31,SEC_STD02_A,1,R01-S31,VIP,AVAILABLE,0
SEC_STD02_A_R01_S32,SEC_STD02_A,1,R01-S32,VIP,AVAILABLE,0
SEC_STD02_A_R01_S33,SEC_STD02_A,1,R01-S33,VIP,AVAILABLE,0
SEC_STD02_A_R01_S34,SEC_STD02_A,1,R01-S34,VIP,AVAILABLE,0
SEC_STD02_A_R01_S35,SEC_STD02_A,1,R01-S35,VIP,AVAILABLE,0
SEC_STD02_A_R01_S36,SEC_STD02_A,1,R01-S36,VIP,AVAILABLE,0
SEC_STD02_A_R01_S37,SEC_STD02_A,1,R01-S37,VIP,AVAILABLE,0
SEC_STD02_A_R01_S38,SEC_STD02_A,1,R01-S38,VIP,AVAILABLE,0
SEC_STD02_A_R01_S39,SEC_STD02_A,1,R01-S39,VIP,AVAILABLE,0
SEC_STD02_A_R01_S40,SEC_STD02_A,1,R01-S40,VIP,AVAILABLE,0
SEC_STD02_A_R02_S01,SEC_STD02_A,2,R02-S01,VIP,AVAILABLE,0
SEC_STD02_A_R02_S02,SEC_STD02_A,2,R02-S02,VIP,AVAILABLE,0
SEC_STD02_A_R02_S03,SEC_STD02_A,2,R02-S03,VIP,AVAILABLE,0
SEC_STD02_A_R02_S04,SEC_STD02_A,2,R02-S04,VIP,AVAILABLE,0
SEC_STD02_A_R02_S05,SEC_STD02_A,2,R02-S05,VIP,AVAILABLE,0
SEC_STD02_A_R02_S06,SEC_STD02_A,2,R02-S06,VIP,AVAILABLE,0
SEC_STD02_A_R02_S07,SEC_STD02_A,2,R02-S07,VIP,AVAILABLE,0
SEC_STD02_A_R02_S08,SEC_STD02_A,2,R02-S08,VIP,AVAILABLE,0
SEC_STD02_A_R02_S09,SEC_STD02_A,2,R02-S09,VIP,AVAILABLE,0
SEC_STD02_A_R02_S10,SEC_STD02_A,2,R02-S10,VIP,AVAILABLE,0
SEC_STD02_A_R02_S11,SEC_STD02_A,2,R02-S11,VIP,AVAILABLE,0
SEC_STD02_A_R02_S12,SEC_STD02_A,2,R02-S12,VIP,AVAILABLE,0
SEC_STD02_A_R02_S13,SEC_STD02_A,2,R02-S13,VIP,AVAILABLE,0
SEC_STD02_A_R02_S14,SEC_STD02_A,2,R02-S14,VIP,AVAILABLE,0
SEC_STD02_A_R02_S15,SEC_STD02_A,2,R02-S15,VIP,AVAILABLE,0
SEC_STD02_A_R02_S16,SEC_STD02_A,2,R02-S16,VIP,AVAILABLE,0
SEC_STD02_A_R02_S17,SEC_STD02_A,2,R02-S17,VIP,AVAILABLE,0
SEC_STD02_A_R02_S18,SEC_STD02_A,2,R02-S18,VIP,AVAILABLE,0
SEC_STD02_A_R02_S19,SEC_STD02_A,2,R02-S19,VIP,AVAILABLE,0
SEC_STD02_A_R02_S20,SEC_STD02_A,2,R02-S20,VIP,AVAILABLE,0
SEC_STD02_A_R02_S21,SEC_STD02_A,2,R02-S21,VIP,AVAILABLE,0
SEC_STD02_A_R02_S22,SEC_STD02_A,2,R02-S22,VIP,AVAILABLE,0
SEC_STD02_A_R02_S23,SEC_STD02_A,2,R02-S23,VIP,AVAILABLE,0
SEC_STD02_A_R02_S24,SEC_STD02_A,2,R02-S24,VIP,AVAILABLE,0
SEC_STD02_A_R02_S25,SEC_STD02_A,2,R02-S25,VIP,AVAILABLE,0
SEC_STD02_A_R02_S26,SEC_STD02_A,2,R02-S26,VIP,AVAILABLE,0
SEC_STD02_A_R02_S27,SEC_STD02_A,2,R02-S27,VIP,AVAILABLE,0
SEC_STD02_A_R02_S28,SEC_STD02_A,2,R02-S28,VIP,AVAILABLE,0
SEC_STD02_A_R02_S29,SEC_STD02_A,2,R02-S29,VIP,AVAILABLE,0
SEC_STD02_A_R02_S30,SEC_STD02_A,2,R02-S30,VIP,AVAILABLE,0
SEC_STD02_A_R02_S31,SEC_STD02_A,2,R02-S31,VIP,AVAILABLE,0
SEC_STD02_A_R02_S32,SEC_STD02_A,2,R02-S32,VIP,AVAILABLE,0
SEC_STD02_A_R02_S33,SEC_STD02_A,2,R02-S33,VIP,AVAILABLE,0
SEC_STD02_A_R02_S34,SEC_STD02_A,2,R02-S34,VIP,AVAILABLE,0
SEC_STD02_A_R02_S35,SEC_STD02_A,2,R02-S35,VIP,AVAILABLE,0
SEC_STD02_A_R02_S36,SEC_STD02_A,2,R02-S36,VIP,AVAILABLE,0
SEC_STD02_A_R02_S37,SEC_STD02_A,2,R02-S37,VIP,AVAILABLE,0
SEC_STD02_A_R02_S38,SEC_STD02_A,2,R02-S38,VIP,AVAILABLE,0
SEC_STD02_A_R02_S39,SEC_STD02_A,2,R02-S39,VIP,AVAILABLE,0
SEC_STD02_A_R02_S40,SEC_STD02_A,2,R02-S40,VIP,AVAILABLE,0
SEC_STD02_A_R03_S01,SEC_STD02_A,3,R03-S01,VIP,AVAILABLE,0
SEC_STD02_A_R03_S02,SEC_STD02_A,3,R03-S02,VIP,AVAILABLE,0
SEC_STD02_A_R03_S03,SEC_STD02_A,3,R03-S03,VIP,AVAILABLE,0
SEC_STD02_A_R03_S04,SEC_STD02_A,3,R03-S04,VIP,AVAILABLE,0
SEC_STD02_A_R03_S05,SEC_STD02_A,3,R03-S05,VIP,AVAILABLE,0
SEC_STD02_A_R03_S06,SEC_STD02_A,3,R03-S06,VIP,AVAILABLE,0
SEC_STD02_A_R03_S07,SEC_STD02_A,3,R03-S07,VIP,AVAILABLE,0
SEC_STD02_A_R03_S08,SEC_STD02_A,3,R03-S08,VIP,AVAILABLE,0
SEC_STD02_A_R03_S09,SEC_STD02_A,3,R03-S09,VIP,AVAILABLE,0
SEC_STD02_A_R03_S10,SEC_STD02_A,3,R03-S10,VIP,AVAILABLE,0
SEC_STD02_A_R03_S11,SEC_STD02_A,3,R03-S11,VIP,AVAILABLE,0
SEC_STD02_A_R03_S12,SEC_STD02_A,3,R03-S12,VIP,AVAILABLE,0
SEC_STD02_A_R03_S13,SEC_STD02_A,3,R03-S13,VIP,AVAILABLE,0
SEC_STD02_A_R03_S14,SEC_STD02_A,3,R03-S14,VIP,AVAILABLE,0
SEC_STD02_A_R03_S15,SEC_STD02_A,3,R03-S15,VIP,AVAILABLE,0
SEC_STD02_A_R03_S16,SEC_STD02_A,3,R03-S16,VIP,AVAILABLE,0
SEC_STD02_A_R03_S17,SEC_STD02_A,3,R03-S17,VIP,AVAILABLE,0
SEC_STD02_A_R03_S18,SEC_STD02_A,3,R03-S18,VIP,AVAILABLE,0
SEC_STD02_A_R03_S19,SEC_STD02_A,3,R03-S19,VIP,AVAILABLE,0
SEC_STD02_A_R03_S20,SEC_STD02_A,3,R03-S20,VIP,AVAILABLE,0
SEC_STD02_A_R03_S21,SEC_STD02_A,3,R03-S21,VIP,AVAILABLE,0
SEC_STD02_A_R03_S22,SEC_STD02_A,3,R03-S22,VIP,AVAILABLE,0
SEC_STD02_A_R03_S23,SEC_STD02_A,3,R03-S23,VIP,AVAILABLE,0
SEC_STD02_A_R03_S24,SEC_STD02_A,3,R03-S24,VIP,AVAILABLE,0
SEC_STD02_A_R03_S25,SEC_STD02_A,3,R03-S25,VIP,AVAILABLE,0
SEC_STD02_A_R03_S26,SEC_STD02_A,3,R03-S26,VIP,AVAILABLE,0
SEC_STD02_A_R03_S27,SEC_STD02_A,3,R03-S27,VIP,AVAILABLE,0
SEC_STD02_A_R03_S28,SEC_STD02_A,3,R03-S28,VIP,AVAILABLE,0
SEC_STD02_A_R03_S29,SEC_STD02_A,3,R03-S29,VIP,AVAILABLE,0
SEC_STD02_A_R03_S30,SEC_STD02_A,3,R03-S30,VIP,AVAILABLE,0
SEC_STD02_A_R03_S31,SEC_STD02_A,3,R03-S31,VIP,AVAILABLE,0
SEC_STD02_A_R03_S32,SEC_STD02_A,3,R03-S32,VIP,AVAILABLE,0
SEC_STD02_A_R03_S33,SEC_STD02_A,3,R03-S33,VIP,AVAILABLE,0
SEC_STD02_A_R03_S34,SEC_STD02_A,3,R03-S34,VIP,AVAILABLE,0
SEC_STD02_A_R03_S35,SEC_STD02_A,3,R03-S35,VIP,AVAILABLE,0
SEC_STD02_A_R03_S36,SEC_STD02_A,3,R03-S36,VIP,AVAILABLE,0
SEC_STD02_A_R03_S37,SEC_STD02_A,3,R03-S37,VIP,AVAILABLE,0
SEC_STD02_A_R03_S38,SEC_STD02_A,3,R03-S38,VIP,AVAILABLE,0
SEC_STD02_A_R03_S39,SEC_STD02_A,3,R03-S39,VIP,AVAILABLE,0
SEC_STD02_A_R03_S40,SEC_STD02_A,3,R03-S40,VIP,AVAILABLE,0
SEC_STD02_A_R04_S01,SEC_STD02_A,4,R04-S01,VIP,AVAILABLE,0
SEC_STD02_A_R04_S02,SEC_STD02_A,4,R04-S02,VIP,AVAILABLE,0
SEC_STD02_A_R04_S03,SEC_STD02_A,4,R04-S03,VIP,AVAILABLE,0
SEC_STD02_A_R04_S04,SEC_STD02_A,4,R04-S04,VIP,AVAILABLE,0
SEC_STD02_A_R04_S05,SEC_STD02_A,4,R04-S05,VIP,AVAILABLE,0
SEC_STD02_A_R04_S06,SEC_STD02_A,4,R04-S06,VIP,AVAILABLE,0
SEC_STD02_A_R04_S07,SEC_STD02_A,4,R04-S07,VIP,AVAILABLE,0
SEC_STD02_A_R04_S08,SEC_STD02_A,4,R04-S08,VIP,AVAILABLE,0
SEC_STD02_A_R04_S09,SEC_STD02_A,4,R04-S09,VIP,AVAILABLE,0
SEC_STD02_A_R04_S10,SEC_STD02_A,4,R04-S10,VIP,AVAILABLE,0
SEC_STD02_A_R04_S11,SEC_STD02_A,4,R04-S11,VIP,AVAILABLE,0
SEC_STD02_A_R04_S12,SEC_STD02_A,4,R04-S12,VIP,AVAILABLE,0
SEC_STD02_A_R04_S13,SEC_STD02_A,4,R04-S13,VIP,AVAILABLE,0
SEC_STD02_A_R04_S14,SEC_STD02_A,4,R04-S14,VIP,AVAILABLE,0
SEC_STD02_A_R04_S15,SEC_STD02_A,4,R04-S15,VIP,AVAILABLE,0
SEC_STD02_A_R04_S16,SEC_STD02_A,4,R04-S16,VIP,AVAILABLE,0
SEC_STD02_A_R04_S17,SEC_STD02_A,4,R04-S17,VIP,AVAILABLE,0
SEC_STD02_A_R04_S18,SEC_STD02_A,4,R04-S18,VIP,AVAILABLE,0
SEC_STD02_A_R04_S19,SEC_STD02_A,4,R04-S19,VIP,AVAILABLE,0
SEC_STD02_A_R04_S20,SEC_STD02_A,4,R04-S20,VIP,AVAILABLE,0
SEC_STD02_A_R04_S21,SEC_STD02_A,4,R04-S21,VIP,AVAILABLE,0
SEC_STD02_A_R04_S22,SEC_STD02_A,4,R04-S22,VIP,AVAILABLE,0
SEC_STD02_A_R04_S23,SEC_STD02_A,4,R04-S23,VIP,AVAILABLE,0
SEC_STD02_A_R04_S24,SEC_STD02_A,4,R04-S24,VIP,AVAILABLE,0
SEC_STD02_A_R04_S25,SEC_STD02_A,4,R04-S25,VIP,AVAILABLE,0
SEC_STD02_A_R04_S26,SEC_STD02_A,4,R04-S26,VIP,AVAILABLE,0
SEC_STD02_A_R04_S27,SEC_STD02_A,4,R04-S27,VIP,AVAILABLE,0
SEC_STD02_A_R04_S28,SEC_STD02_A,4,R04-S28,VIP,AVAILABLE,0
SEC_STD02_A_R04_S29,SEC_STD02_A,4,R04-S29,VIP,AVAILABLE,0
SEC_STD02_A_R04_S30,SEC_STD02_A,4,R04-S30,VIP,AVAILABLE,0
SEC_STD02_A_R04_S31,SEC_STD02_A,4,R04-S31,VIP,AVAILABLE,0
SEC_STD02_A_R04_S32,SEC_STD02_A,4,R04-S32,VIP,AVAILABLE,0
SEC_STD02_A_R04_S33,SEC_STD02_A,4,R04-S33,VIP,AVAILABLE,0
SEC_STD02_A_R04_S34,SEC_STD02_A,4,R04-S34,VIP,AVAILABLE,0
SEC_STD02_A_R04_S35,SEC_STD02_A,4,R04-S35,VIP,AVAILABLE,0
SEC_STD02_A_R04_S36,SEC_STD02_A,4,R04-S36,VIP,AVAILABLE,0
SEC_STD02_A_R04_S37,SEC_STD02_A,4,R04-S37,VIP,AVAILABLE,0
SEC_STD02_A_R04_S38,SEC_STD02_A,4,R04-S38,VIP,AVAILABLE,0
SEC_STD02_A_R04_S39,SEC_STD02_A,4,R04-S39,VIP,AVAILABLE,0
SEC_STD02_A_R04_S40,SEC_STD02_A,4,R04-S40,VIP,AVAILABLE,0
SEC_STD02_A_R05_S01,SEC_STD02_A,5,R05-S01,VIP,AVAILABLE,0
SEC_STD02_A_R05_S02,SEC_STD02_A,5,R05-S02,VIP,AVAILABLE,0
SEC_STD02_A_R05_S03,SEC_STD02_A,5,R05-S03,VIP,AVAILABLE,0
SEC_STD02_A_R05_S04,SEC_STD02_A,5,R05-S04,VIP,AVAILABLE,0
SEC_STD02_A_R05_S05,SEC_STD02_A,5,R05-S05,VIP,AVAILABLE,0
SEC_STD02_A_R05_S06,SEC_STD02_A,5,R05-S06,VIP,AVAILABLE,0
SEC_STD02_A_R05_S07,SEC_STD02_A,5,R05-S07,VIP,AVAILABLE,0
SEC_STD02_A_R05_S08,SEC_STD02_A,5,R05-S08,VIP,AVAILABLE,0
SEC_STD02_A_R05_S09,SEC_STD02_A,5,R05-S09,VIP,AVAILABLE,0
SEC_STD02_A_R05_S10,SEC_STD02_A,5,R05-S10,VIP,AVAILABLE,0
SEC_STD02_A_R05_S11,SEC_STD02_A,5,R05-S11,VIP,AVAILABLE,0
SEC_STD02_A_R05_S12,SEC_STD02_A,5,R05-S12,VIP,AVAILABLE,0
SEC_STD02_A_R05_S13,SEC_STD02_A,5,R05-S13,VIP,AVAILABLE,0
SEC_STD02_A_R05_S14,SEC_STD02_A,5,R05-S14,VIP,AVAILABLE,0
SEC_STD02_A_R05_S15,SEC_STD02_A,5,R05-S15,VIP,AVAILABLE,0
SEC_STD02_A_R05_S16,SEC_STD02_A,5,R05-S16,VIP,AVAILABLE,0
SEC_STD02_A_R05_S17,SEC_STD02_A,5,R05-S17,VIP,AVAILABLE,0
SEC_STD02_A_R05_S18,SEC_STD02_A,5,R05-S18,VIP,AVAILABLE,0
SEC_STD02_A_R05_S19,SEC_STD02_A,5,R05-S19,VIP,AVAILABLE,0
SEC_STD02_A_R05_S20,SEC_STD02_A,5,R05-S20,VIP,AVAILABLE,0
SEC_STD02_A_R05_S21,SEC_STD02_A,5,R05-S21,VIP,AVAILABLE,0
SEC_STD02_A_R05_S22,SEC_STD02_A,5,R05-S22,VIP,AVAILABLE,0
SEC_STD02_A_R05_S23,SEC_STD02_A,5,R05-S23,VIP,AVAILABLE,0
SEC_STD02_A_R05_S24,SEC_STD02_A,5,R05-S24,VIP,AVAILABLE,0
SEC_STD02_A_R05_S25,SEC_STD02_A,5,R05-S25,VIP,AVAILABLE,0
SEC_STD02_A_R05_S26,SEC_STD02_A,5,R05-S26,VIP,AVAILABLE,0
SEC_STD02_A_R05_S27,SEC_STD02_A,5,R05-S27,VIP,AVAILABLE,0
SEC_STD02_A_R05_S28,SEC_STD02_A,5,R05-S28,VIP,AVAILABLE,0
SEC_STD02_A_R05_S29,SEC_STD02_A,5,R05-S29,VIP,AVAILABLE,0
SEC_STD02_A_R05_S30,SEC_STD02_A,5,R05-S30,VIP,AVAILABLE,0
SEC_STD02_A_R05_S31,SEC_STD02_A,5,R05-S31,VIP,AVAILABLE,0
SEC_STD02_A_R05_S32,SEC_STD02_A,5,R05-S32,VIP,AVAILABLE,0
SEC_STD02_A_R05_S33,SEC_STD02_A,5,R05-S33,VIP,AVAILABLE,0
SEC_STD02_A_R05_S34,SEC_STD02_A,5,R05-S34,VIP,AVAILABLE,0
SEC_STD02_A_R05_S35,SEC_STD02_A,5,R05-S35,VIP,AVAILABLE,0
SEC_STD02_A_R05_S36,SEC_STD02_A,5,R05-S36,VIP,AVAILABLE,0
SEC_STD02_A_R05_S37,SEC_STD02_A,5,R05-S37,VIP,AVAILABLE,0
SEC_STD02_A_R05_S38,SEC_STD02_A,5,R05-S38,VIP,AVAILABLE,0
SEC_STD02_A_R05_S39,SEC_STD02_A,5,R05-S39,VIP,AVAILABLE,0
SEC_STD02_A_R05_S40,SEC_STD02_A,5,R05-S40,VIP,AVAILABLE,0
SEC_STD02_A_R06_S01,SEC_STD02_A,6,R06-S01,VIP,AVAILABLE,0
SEC_STD02_A_R06_S02,SEC_STD02_A,6,R06-S02,VIP,AVAILABLE,0
SEC_STD02_A_R06_S03,SEC_STD02_A,6,R06-S03,VIP,AVAILABLE,0
SEC_STD02_A_R06_S04,SEC_STD02_A,6,R06-S04,VIP,AVAILABLE,0
SEC_STD02_A_R06_S05,SEC_STD02_A,6,R06-S05,VIP,AVAILABLE,0
SEC_STD02_A_R06_S06,SEC_STD02_A,6,R06-S06,VIP,AVAILABLE,0
SEC_STD02_A_R06_S07,SEC_STD02_A,6,R06-S07,VIP,AVAILABLE,0
SEC_STD02_A_R06_S08,SEC_STD02_A,6,R06-S08,VIP,AVAILABLE,0
SEC_STD02_A_R06_S09,SEC_STD02_A,6,R06-S09,VIP,AVAILABLE,0
SEC_STD02_A_R06_S10,SEC_STD02_A,6,R06-S10,VIP,AVAILABLE,0
SEC_STD02_A_R06_S11,SEC_STD02_A,6,R06-S11,VIP,AVAILABLE,0
SEC_STD02_A_R06_S12,SEC_STD02_A,6,R06-S12,VIP,AVAILABLE,0
SEC_STD02_A_R06_S13,SEC_STD02_A,6,R06-S13,VIP,AVAILABLE,0
SEC_STD02_A_R06_S14,SEC_STD02_A,6,R06-S14,VIP,AVAILABLE,0
SEC_STD02_A_R06_S15,SEC_STD02_A,6,R06-S15,VIP,AVAILABLE,0
SEC_STD02_A_R06_S16,SEC_STD02_A,6,R06-S16,VIP,AVAILABLE,0
SEC_STD02_A_R06_S17,SEC_STD02_A,6,R06-S17,VIP,AVAILABLE,0
SEC_STD02_A_R06_S18,SEC_STD02_A,6,R06-S18,VIP,AVAILABLE,0
SEC_STD02_A_R06_S19,SEC_STD02_A,6,R06-S19,VIP,AVAILABLE,0
SEC_STD02_A_R06_S20,SEC_STD02_A,6,R06-S20,VIP,AVAILABLE,0
SEC_STD02_A_R06_S21,SEC_STD02_A,6,R06-S21,VIP,AVAILABLE,0
SEC_STD02_A_R06_S22,SEC_STD02_A,6,R06-S22,VIP,AVAILABLE,0
SEC_STD02_A_R06_S23,SEC_STD02_A,6,R06-S23,VIP,AVAILABLE,0
SEC_STD02_A_R06_S24,SEC_STD02_A,6,R06-S24,VIP,AVAILABLE,0
SEC_STD02_A_R06_S25,SEC_STD02_A,6,R06-S25,VIP,AVAILABLE,0
SEC_STD02_A_R06_S26,SEC_STD02_A,6,R06-S26,VIP,AVAILABLE,0
SEC_STD02_A_R06_S27,SEC_STD02_A,6,R06-S27,VIP,AVAILABLE,0
SEC_STD02_A_R06_S28,SEC_STD02_A,6,R06-S28,VIP,AVAILABLE,0
SEC_STD02_A_R06_S29,SEC_STD02_A,6,R06-S29,VIP,AVAILABLE,0
SEC_STD02_A_R06_S30,SEC_STD02_A,6,R06-S30,VIP,AVAILABLE,0
SEC_STD02_A_R06_S31,SEC_STD02_A,6,R06-S31,VIP,AVAILABLE,0
SEC_STD02_A_R06_S32,SEC_STD02_A,6,R06-S32,VIP,AVAILABLE,0
SEC_STD02_A_R06_S33,SEC_STD02_A,6,R06-S33,VIP,AVAILABLE,0
SEC_STD02_A_R06_S34,SEC_STD02_A,6,R06-S34,VIP,AVAILABLE,0
SEC_STD02_A_R06_S35,SEC_STD02_A,6,R06-S35,VIP,AVAILABLE,0
SEC_STD02_A_R06_S36,SEC_STD02_A,6,R06-S36,VIP,AVAILABLE,0
SEC_STD02_A_R06_S37,SEC_STD02_A,6,R06-S37,VIP,AVAILABLE,0
SEC_STD02_A_R06_S38,SEC_STD02_A,6,R06-S38,VIP,AVAILABLE,0
SEC_STD02_A_R06_S39,SEC_STD02_A,6,R06-S39,VIP,AVAILABLE,0
SEC_STD02_A_R06_S40,SEC_STD02_A,6,R06-S40,VIP,AVAILABLE,0
SEC_STD02_A_R07_S01,SEC_STD02_A,7,R07-S01,VIP,AVAILABLE,0
SEC_STD02_A_R07_S02,SEC_STD02_A,7,R07-S02,VIP,AVAILABLE,0
SEC_STD02_A_R07_S03,SEC_STD02_A,7,R07-S03,VIP,AVAILABLE,0
SEC_STD02_A_R07_S04,SEC_STD02_A,7,R07-S04,VIP,AVAILABLE,0
SEC_STD02_A_R07_S05,SEC_STD02_A,7,R07-S05,VIP,AVAILABLE,0
SEC_STD02_A_R07_S06,SEC_STD02_A,7,R07-S06,VIP,AVAILABLE,0
SEC_STD02_A_R07_S07,SEC_STD02_A,7,R07-S07,VIP,AVAILABLE,0
SEC_STD02_A_R07_S08,SEC_STD02_A,7,R07-S08,VIP,AVAILABLE,0
SEC_STD02_A_R07_S09,SEC_STD02_A,7,R07-S09,VIP,AVAILABLE,0
SEC_STD02_A_R07_S10,SEC_STD02_A,7,R07-S10,VIP,AVAILABLE,0
SEC_STD02_A_R07_S11,SEC_STD02_A,7,R07-S11,VIP,AVAILABLE,0
SEC_STD02_A_R07_S12,SEC_STD02_A,7,R07-S12,VIP,AVAILABLE,0
SEC_STD02_A_R07_S13,SEC_STD02_A,7,R07-S13,VIP,AVAILABLE,0
SEC_STD02_A_R07_S14,SEC_STD02_A,7,R07-S14,VIP,AVAILABLE,0
SEC_STD02_A_R07_S15,SEC_STD02_A,7,R07-S15,VIP,AVAILABLE,0
SEC_STD02_A_R07_S16,SEC_STD02_A,7,R07-S16,VIP,AVAILABLE,0
SEC_STD02_A_R07_S17,SEC_STD02_A,7,R07-S17,VIP,AVAILABLE,0
SEC_STD02_A_R07_S18,SEC_STD02_A,7,R07-S18,VIP,AVAILABLE,0
SEC_STD02_A_R07_S19,SEC_STD02_A,7,R07-S19,VIP,AVAILABLE,0
SEC_STD02_A_R07_S20,SEC_STD02_A,7,R07-S20,VIP,AVAILABLE,0
SEC_STD02_A_R07_S21,SEC_STD02_A,7,R07-S21,VIP,AVAILABLE,0
SEC_STD02_A_R07_S22,SEC_STD02_A,7,R07-S22,VIP,AVAILABLE,0
SEC_STD02_A_R07_S23,SEC_STD02_A,7,R07-S23,VIP,AVAILABLE,0
SEC_STD02_A_R07_S24,SEC_STD02_A,7,R07-S24,VIP,AVAILABLE,0
SEC_STD02_A_R07_S25,SEC_STD02_A,7,R07-S25,VIP,AVAILABLE,0
SEC_STD02_A_R07_S26,SEC_STD02_A,7,R07-S26,VIP,AVAILABLE,0
SEC_STD02_A_R07_S27,SEC_STD02_A,7,R07-S27,VIP,AVAILABLE,0
SEC_STD02_A_R07_S28,SEC_STD02_A,7,R07-S28,VIP,AVAILABLE,0
SEC_STD02_A_R07_S29,SEC_STD02_A,7,R07-S29,VIP,AVAILABLE,0
SEC_STD02_A_R07_S30,SEC_STD02_A,7,R07-S30,VIP,AVAILABLE,0
SEC_STD02_A_R07_S31,SEC_STD02_A,7,R07-S31,VIP,AVAILABLE,0
SEC_STD02_A_R07_S32,SEC_STD02_A,7,R07-S32,VIP,AVAILABLE,0
SEC_STD02_A_R07_S33,SEC_STD02_A,7,R07-S33,VIP,AVAILABLE,0
SEC_STD02_A_R07_S34,SEC_STD02_A,7,R07-S34,VIP,AVAILABLE,0
SEC_STD02_A_R07_S35,SEC_STD02_A,7,R07-S35,VIP,AVAILABLE,0
SEC_STD02_A_R07_S36,SEC_STD02_A,7,R07-S36,VIP,AVAILABLE,0
SEC_STD02_A_R07_S37,SEC_STD02_A,7,R07-S37,VIP,AVAILABLE,0
SEC_STD02_A_R07_S38,SEC_STD02_A,7,R07-S38,VIP,AVAILABLE,0
SEC_STD02_A_R07_S39,SEC_STD02_A,7,R07-S39,VIP,AVAILABLE,0
SEC_STD02_A_R07_S40,SEC_STD02_A,7,R07-S40,VIP,AVAILABLE,0
SEC_STD02_A_R08_S01,SEC_STD02_A,8,R08-S01,VIP,AVAILABLE,0
SEC_STD02_A_R08_S02,SEC_STD02_A,8,R08-S02,VIP,AVAILABLE,0
SEC_STD02_A_R08_S03,SEC_STD02_A,8,R08-S03,VIP,AVAILABLE,0
SEC_STD02_A_R08_S04,SEC_STD02_A,8,R08-S04,VIP,AVAILABLE,0
SEC_STD02_A_R08_S05,SEC_STD02_A,8,R08-S05,VIP,AVAILABLE,0
SEC_STD02_A_R08_S06,SEC_STD02_A,8,R08-S06,VIP,AVAILABLE,0
SEC_STD02_A_R08_S07,SEC_STD02_A,8,R08-S07,VIP,AVAILABLE,0
SEC_STD02_A_R08_S08,SEC_STD02_A,8,R08-S08,VIP,AVAILABLE,0
SEC_STD02_A_R08_S09,SEC_STD02_A,8,R08-S09,VIP,AVAILABLE,0
SEC_STD02_A_R08_S10,SEC_STD02_A,8,R08-S10,VIP,AVAILABLE,0
SEC_STD02_A_R08_S11,SEC_STD02_A,8,R08-S11,VIP,AVAILABLE,0
SEC_STD02_A_R08_S12,SEC_STD02_A,8,R08-S12,VIP,AVAILABLE,0
SEC_STD02_A_R08_S13,SEC_STD02_A,8,R08-S13,VIP,AVAILABLE,0
SEC_STD02_A_R08_S14,SEC_STD02_A,8,R08-S14,VIP,AVAILABLE,0
SEC_STD02_A_R08_S15,SEC_STD02_A,8,R08-S15,VIP,AVAILABLE,0
SEC_STD02_A_R08_S16,SEC_STD02_A,8,R08-S16,VIP,AVAILABLE,0
SEC_STD02_A_R08_S17,SEC_STD02_A,8,R08-S17,VIP,AVAILABLE,0
SEC_STD02_A_R08_S18,SEC_STD02_A,8,R08-S18,VIP,AVAILABLE,0
SEC_STD02_A_R08_S19,SEC_STD02_A,8,R08-S19,VIP,AVAILABLE,0
SEC_STD02_A_R08_S20,SEC_STD02_A,8,R08-S20,VIP,AVAILABLE,0
SEC_STD02_A_R08_S21,SEC_STD02_A,8,R08-S21,VIP,AVAILABLE,0
SEC_STD02_A_R08_S22,SEC_STD02_A,8,R08-S22,VIP,AVAILABLE,0
SEC_STD02_A_R08_S23,SEC_STD02_A,8,R08-S23,VIP,AVAILABLE,0
SEC_STD02_A_R08_S24,SEC_STD02_A,8,R08-S24,VIP,AVAILABLE,0
SEC_STD02_A_R08_S25,SEC_STD02_A,8,R08-S25,VIP,AVAILABLE,0
SEC_STD02_A_R08_S26,SEC_STD02_A,8,R08-S26,VIP,AVAILABLE,0
SEC_STD02_A_R08_S27,SEC_STD02_A,8,R08-S27,VIP,AVAILABLE,0
SEC_STD02_A_R08_S28,SEC_STD02_A,8,R08-S28,VIP,AVAILABLE,0
SEC_STD02_A_R08_S29,SEC_STD02_A,8,R08-S29,VIP,AVAILABLE,0
SEC_STD02_A_R08_S30,SEC_STD02_A,8,R08-S30,VIP,AVAILABLE,0
SEC_STD02_A_R08_S31,SEC_STD02_A,8,R08-S31,VIP,AVAILABLE,0
SEC_STD02_A_R08_S32,SEC_STD02_A,8,R08-S32,VIP,AVAILABLE,0
SEC_STD02_A_R08_S33,SEC_STD02_A,8,R08-S33,VIP,AVAILABLE,0
SEC_STD02_A_R08_S34,SEC_STD02_A,8,R08-S34,VIP,AVAILABLE,0
SEC_STD02_A_R08_S35,SEC_STD02_A,8,R08-S35,VIP,AVAILABLE,0
SEC_STD02_A_R08_S36,SEC_STD02_A,8,R08-S36,VIP,AVAILABLE,0
SEC_STD02_A_R08_S37,SEC_STD02_A,8,R08-S37,VIP,AVAILABLE,0
SEC_STD02_A_R08_S38,SEC_STD02_A,8,R08-S38,VIP,AVAILABLE,0
SEC_STD02_A_R08_S39,SEC_STD02_A,8,R08-S39,VIP,AVAILABLE,0
SEC_STD02_A_R08_S40,SEC_STD02_A,8,R08-S40,VIP,AVAILABLE,0
SEC_STD02_A_R09_S01,SEC_STD02_A,9,R09-S01,VIP,AVAILABLE,0
SEC_STD02_A_R09_S02,SEC_STD02_A,9,R09-S02,VIP,AVAILABLE,0
SEC_STD02_A_R09_S03,SEC_STD02_A,9,R09-S03,VIP,AVAILABLE,0
SEC_STD02_A_R09_S04,SEC_STD02_A,9,R09-S04,VIP,AVAILABLE,0
SEC_STD02_A_R09_S05,SEC_STD02_A,9,R09-S05,VIP,AVAILABLE,0
SEC_STD02_A_R09_S06,SEC_STD02_A,9,R09-S06,VIP,AVAILABLE,0
SEC_STD02_A_R09_S07,SEC_STD02_A,9,R09-S07,VIP,AVAILABLE,0
SEC_STD02_A_R09_S08,SEC_STD02_A,9,R09-S08,VIP,AVAILABLE,0
SEC_STD02_A_R09_S09,SEC_STD02_A,9,R09-S09,VIP,AVAILABLE,0
SEC_STD02_A_R09_S10,SEC_STD02_A,9,R09-S10,VIP,AVAILABLE,0
SEC_STD02_A_R09_S11,SEC_STD02_A,9,R09-S11,VIP,AVAILABLE,0
SEC_STD02_A_R09_S12,SEC_STD02_A,9,R09-S12,VIP,AVAILABLE,0
SEC_STD02_A_R09_S13,SEC_STD02_A,9,R09-S13,VIP,AVAILABLE,0
SEC_STD02_A_R09_S14,SEC_STD02_A,9,R09-S14,VIP,AVAILABLE,0
SEC_STD02_A_R09_S15,SEC_STD02_A,9,R09-S15,VIP,AVAILABLE,0
SEC_STD02_A_R09_S16,SEC_STD02_A,9,R09-S16,VIP,AVAILABLE,0
SEC_STD02_A_R09_S17,SEC_STD02_A,9,R09-S17,VIP,AVAILABLE,0
SEC_STD02_A_R09_S18,SEC_STD02_A,9,R09-S18,VIP,AVAILABLE,0
SEC_STD02_A_R09_S19,SEC_STD02_A,9,R09-S19,VIP,AVAILABLE,0
SEC_STD02_A_R09_S20,SEC_STD02_A,9,R09-S20,VIP,AVAILABLE,0
SEC_STD02_A_R09_S21,SEC_STD02_A,9,R09-S21,VIP,AVAILABLE,0
SEC_STD02_A_R09_S22,SEC_STD02_A,9,R09-S22,VIP,AVAILABLE,0
SEC_STD02_A_R09_S23,SEC_STD02_A,9,R09-S23,VIP,AVAILABLE,0
SEC_STD02_A_R09_S24,SEC_STD02_A,9,R09-S24,VIP,AVAILABLE,0
SEC_STD02_A_R09_S25,SEC_STD02_A,9,R09-S25,VIP,AVAILABLE,0
SEC_STD02_A_R09_S26,SEC_STD02_A,9,R09-S26,VIP,AVAILABLE,0
SEC_STD02_A_R09_S27,SEC_STD02_A,9,R09-S27,VIP,AVAILABLE,0
SEC_STD02_A_R09_S28,SEC_STD02_A,9,R09-S28,VIP,AVAILABLE,0
SEC_STD02_A_R09_S29,SEC_STD02_A,9,R09-S29,VIP,AVAILABLE,0
SEC_STD02_A_R09_S30,SEC_STD02_A,9,R09-S30,VIP,AVAILABLE,0
SEC_STD02_A_R09_S31,SEC_STD02_A,9,R09-S31,VIP,AVAILABLE,0
SEC_STD02_A_R09_S32,SEC_STD02_A,9,R09-S32,VIP,AVAILABLE,0
SEC_STD02_A_R09_S33,SEC_STD02_A,9,R09-S33,VIP,AVAILABLE,0
SEC_STD02_A_R09_S34,SEC_STD02_A,9,R09-S34,VIP,AVAILABLE,0
SEC_STD02_A_R09_S35,SEC_STD02_A,9,R09-S35,VIP,AVAILABLE,0
SEC_STD02_A_R09_S36,SEC_STD02_A,9,R09-S36,VIP,AVAILABLE,0
SEC_STD02_A_R09_S37,SEC_STD02_A,9,R09-S37,VIP,AVAILABLE,0
SEC_STD02_A_R09_S38,SEC_STD02_A,9,R09-S38,VIP,AVAILABLE,0
SEC_STD02_A_R09_S39,SEC_STD02_A,9,R09-S39,VIP,AVAILABLE,0
SEC_STD02_A_R09_S40,SEC_STD02_A,9,R09-S40,VIP,AVAILABLE,0
SEC_STD02_A_R10_S01,SEC_STD02_A,10,R10-S01,VIP,AVAILABLE,0
SEC_STD02_A_R10_S02,SEC_STD02_A,10,R10-S02,VIP,AVAILABLE,0
SEC_STD02_A_R10_S03,SEC_STD02_A,10,R10-S03,VIP,AVAILABLE,0
SEC_STD02_A_R10_S04,SEC_STD02_A,10,R10-S04,VIP,AVAILABLE,0
SEC_STD02_A_R10_S05,SEC_STD02_A,10,R10-S05,VIP,AVAILABLE,0
SEC_STD02_A_R10_S06,SEC_STD02_A,10,R10-S06,VIP,AVAILABLE,0
SEC_STD02_A_R10_S07,SEC_STD02_A,10,R10-S07,VIP,AVAILABLE,0
SEC_STD02_A_R10_S08,SEC_STD02_A,10,R10-S08,VIP,AVAILABLE,0
SEC_STD02_A_R10_S09,SEC_STD02_A,10,R10-S09,VIP,AVAILABLE,0
SEC_STD02_A_R10_S10,SEC_STD02_A,10,R10-S10,VIP,AVAILABLE,0
SEC_STD02_A_R10_S11,SEC_STD02_A,10,R10-S11,VIP,AVAILABLE,0
SEC_STD02_A_R10_S12,SEC_STD02_A,10,R10-S12,VIP,AVAILABLE,0
SEC_STD02_A_R10_S13,SEC_STD02_A,10,R10-S13,VIP,AVAILABLE,0
SEC_STD02_A_R10_S14,SEC_STD02_A,10,R10-S14,VIP,AVAILABLE,0
SEC_STD02_A_R10_S15,SEC_STD02_A,10,R10-S15,VIP,AVAILABLE,0
SEC_STD02_A_R10_S16,SEC_STD02_A,10,R10-S16,VIP,AVAILABLE,0
SEC_STD02_A_R10_S17,SEC_STD02_A,10,R10-S17,VIP,AVAILABLE,0
SEC_STD02_A_R10_S18,SEC_STD02_A,10,R10-S18,VIP,AVAILABLE,0
SEC_STD02_A_R10_S19,SEC_STD02_A,10,R10-S19,VIP,AVAILABLE,0
SEC_STD02_A_R10_S20,SEC_STD02_A,10,R10-S20,VIP,AVAILABLE,0
SEC_STD02_A_R10_S21,SEC_STD02_A,10,R10-S21,VIP,AVAILABLE,0
SEC_STD02_A_R10_S22,SEC_STD02_A,10,R10-S22,VIP,AVAILABLE,0
SEC_STD02_A_R10_S23,SEC_STD02_A,10,R10-S23,VIP,AVAILABLE,0
SEC_STD02_A_R10_S24,SEC_STD02_A,10,R10-S24,VIP,AVAILABLE,0
SEC_STD02_A_R10_S25,SEC_STD02_A,10,R10-S25,VIP,AVAILABLE,0
SEC_STD02_A_R10_S26,SEC_STD02_A,10,R10-S26,VIP,AVAILABLE,0
SEC_STD02_A_R10_S27,SEC_STD02_A,10,R10-S27,VIP,AVAILABLE,0
SEC_STD02_A_R10_S28,SEC_STD02_A,10,R10-S28,VIP,AVAILABLE,0
SEC_STD02_A_R10_S29,SEC_STD02_A,10,R10-S29,VIP,AVAILABLE,0
SEC_STD02_A_R10_S30,SEC_STD02_A,10,R10-S30,VIP,AVAILABLE,0
SEC_STD02_A_R10_S31,SEC_STD02_A,10,R10-S31,VIP,AVAILABLE,0
SEC_STD02_A_R10_S32,SEC_STD02_A,10,R10-S32,VIP,AVAILABLE,0
SEC_STD02_A_R10_S33,SEC_STD02_A,10,R10-S33,VIP,AVAILABLE,0
SEC_STD02_A_R10_S34,SEC_STD02_A,10,R10-S34,VIP,AVAILABLE,0
SEC_STD02_A_R10_S35,SEC_STD02_A,10,R10-S35,VIP,AVAILABLE,0
SEC_STD02_A_R10_S36,SEC_STD02_A,10,R10-S36,VIP,AVAILABLE,0
SEC_STD02_A_R10_S37,SEC_STD02_A,10,R10-S37,VIP,AVAILABLE,0
SEC_STD02_A_R10_S38,SEC_STD02_A,10,R10-S38,VIP,AVAILABLE,0
SEC_STD02_A_R10_S39,SEC_STD02_A,10,R10-S39,VIP,AVAILABLE,0
SEC_STD02_A_R10_S40,SEC_STD02_A,10,R10-S40,VIP,AVAILABLE,0
SEC_STD02_A_R11_S01,SEC_STD02_A,11,R11-S01,VIP,AVAILABLE,0
SEC_STD02_A_R11_S02,SEC_STD02_A,11,R11-S02,VIP,AVAILABLE,0
SEC_STD02_A_R11_S03,SEC_STD02_A,11,R11-S03,VIP,AVAILABLE,0
SEC_STD02_A_R11_S04,SEC_STD02_A,11,R11-S04,VIP,AVAILABLE,0
SEC_STD02_A_R11_S05,SEC_STD02_A,11,R11-S05,VIP,AVAILABLE,0
SEC_STD02_A_R11_S06,SEC_STD02_A,11,R11-S06,VIP,AVAILABLE,0
SEC_STD02_A_R11_S07,SEC_STD02_A,11,R11-S07,VIP,AVAILABLE,0
SEC_STD02_A_R11_S08,SEC_STD02_A,11,R11-S08,VIP,AVAILABLE,0
SEC_STD02_A_R11_S09,SEC_STD02_A,11,R11-S09,VIP,AVAILABLE,0
SEC_STD02_A_R11_S10,SEC_STD02_A,11,R11-S10,VIP,AVAILABLE,0
SEC_STD02_A_R11_S11,SEC_STD02_A,11,R11-S11,VIP,AVAILABLE,0
SEC_STD02_A_R11_S12,SEC_STD02_A,11,R11-S12,VIP,AVAILABLE,0
SEC_STD02_A_R11_S13,SEC_STD02_A,11,R11-S13,VIP,AVAILABLE,0
SEC_STD02_A_R11_S14,SEC_STD02_A,11,R11-S14,VIP,AVAILABLE,0
SEC_STD02_A_R11_S15,SEC_STD02_A,11,R11-S15,VIP,AVAILABLE,0
SEC_STD02_A_R11_S16,SEC_STD02_A,11,R11-S16,VIP,AVAILABLE,0
SEC_STD02_A_R11_S17,SEC_STD02_A,11,R11-S17,VIP,AVAILABLE,0
SEC_STD02_A_R11_S18,SEC_STD02_A,11,R11-S18,VIP,AVAILABLE,0
SEC_STD02_A_R11_S19,SEC_STD02_A,11,R11-S19,VIP,AVAILABLE,0
SEC_STD02_A_R11_S20,SEC_STD02_A,11,R11-S20,VIP,AVAILABLE,0
SEC_STD02_A_R11_S21,SEC_STD02_A,11,R11-S21,VIP,AVAILABLE,0
SEC_STD02_A_R11_S22,SEC_STD02_A,11,R11-S22,VIP,AVAILABLE,0
SEC_STD02_A_R11_S23,SEC_STD02_A,11,R11-S23,VIP,AVAILABLE,0
SEC_STD02_A_R11_S24,SEC_STD02_A,11,R11-S24,VIP,AVAILABLE,0
SEC_STD02_A_R11_S25,SEC_STD02_A,11,R11-S25,VIP,AVAILABLE,0
SEC_STD02_A_R11_S26,SEC_STD02_A,11,R11-S26,VIP,AVAILABLE,0
SEC_STD02_A_R11_S27,SEC_STD02_A,11,R11-S27,VIP,AVAILABLE,0
SEC_STD02_A_R11_S28,SEC_STD02_A,11,R11-S28,VIP,AVAILABLE,0
SEC_STD02_A_R11_S29,SEC_STD02_A,11,R11-S29,VIP,AVAILABLE,0
SEC_STD02_A_R11_S30,SEC_STD02_A,11,R11-S30,VIP,AVAILABLE,0
SEC_STD02_A_R11_S31,SEC_STD02_A,11,R11-S31,VIP,AVAILABLE,0
SEC_STD02_A_R11_S32,SEC_STD02_A,11,R11-S32,VIP,AVAILABLE,0
SEC_STD02_A_R11_S33,SEC_STD02_A,11,R11-S33,VIP,AVAILABLE,0
SEC_STD02_A_R11_S34,SEC_STD02_A,11,R11-S34,VIP,AVAILABLE,0
SEC_STD02_A_R11_S35,SEC_STD02_A,11,R11-S35,VIP,AVAILABLE,0
SEC_STD02_A_R11_S36,SEC_STD02_A,11,R11-S36,VIP,AVAILABLE,0
SEC_STD02_A_R11_S37,SEC_STD02_A,11,R11-S37,VIP,AVAILABLE,0
SEC_STD02_A_R11_S38,SEC_STD02_A,11,R11-S38,VIP,AVAILABLE,0
SEC_STD02_A_R11_S39,SEC_STD02_A,11,R11-S39,VIP,AVAILABLE,0
SEC_STD02_A_R11_S40,SEC_STD02_A,11,R11-S40,VIP,AVAILABLE,0
SEC_STD02_A_R12_S01,SEC_STD02_A,12,R12-S01,VIP,AVAILABLE,0
SEC_STD02_A_R12_S02,SEC_STD02_A,12,R12-S02,VIP,AVAILABLE,0
SEC_STD02_A_R12_S03,SEC_STD02_A,12,R12-S03,VIP,AVAILABLE,0
SEC_STD02_A_R12_S04,SEC_STD02_A,12,R12-S04,VIP,AVAILABLE,0
SEC_STD02_A_R12_S05,SEC_STD02_A,12,R12-S05,VIP,AVAILABLE,0
SEC_STD02_A_R12_S06,SEC_STD02_A,12,R12-S06,VIP,AVAILABLE,0
SEC_STD02_A_R12_S07,SEC_STD02_A,12,R12-S07,VIP,AVAILABLE,0
SEC_STD02_A_R12_S08,SEC_STD02_A,12,R12-S08,VIP,AVAILABLE,0
SEC_STD02_A_R12_S09,SEC_STD02_A,12,R12-S09,VIP,AVAILABLE,0
SEC_STD02_A_R12_S10,SEC_STD02_A,12,R12-S10,VIP,AVAILABLE,0
SEC_STD02_A_R12_S11,SEC_STD02_A,12,R12-S11,VIP,AVAILABLE,0
SEC_STD02_A_R12_S12,SEC_STD02_A,12,R12-S12,VIP,AVAILABLE,0
SEC_STD02_A_R12_S13,SEC_STD02_A,12,R12-S13,VIP,AVAILABLE,0
SEC_STD02_A_R12_S14,SEC_STD02_A,12,R12-S14,VIP,AVAILABLE,0
SEC_STD02_A_R12_S15,SEC_STD02_A,12,R12-S15,VIP,AVAILABLE,0
SEC_STD02_A_R12_S16,SEC_STD02_A,12,R12-S16,VIP,AVAILABLE,0
SEC_STD02_A_R12_S17,SEC_STD02_A,12,R12-S17,VIP,AVAILABLE,0
SEC_STD02_A_R12_S18,SEC_STD02_A,12,R12-S18,VIP,AVAILABLE,0
SEC_STD02_A_R12_S19,SEC_STD02_A,12,R12-S19,VIP,AVAILABLE,0
SEC_STD02_A_R12_S20,SEC_STD02_A,12,R12-S20,VIP,AVAILABLE,0
SEC_STD02_A_R12_S21,SEC_STD02_A,12,R12-S21,VIP,AVAILABLE,0
SEC_STD02_A_R12_S22,SEC_STD02_A,12,R12-S22,VIP,AVAILABLE,0
SEC_STD02_A_R12_S23,SEC_STD02_A,12,R12-S23,VIP,AVAILABLE,0
SEC_STD02_A_R12_S24,SEC_STD02_A,12,R12-S24,VIP,AVAILABLE,0
SEC_STD02_A_R12_S25,SEC_STD02_A,12,R12-S25,VIP,AVAILABLE,0
SEC_STD02_A_R12_S26,SEC_STD02_A,12,R12-S26,VIP,AVAILABLE,0
SEC_STD02_A_R12_S27,SEC_STD02_A,12,R12-S27,VIP,AVAILABLE,0
SEC_STD02_A_R12_S28,SEC_STD02_A,12,R12-S28,VIP,AVAILABLE,0
SEC_STD02_A_R12_S29,SEC_STD02_A,12,R12-S29,VIP,AVAILABLE,0
SEC_STD02_A_R12_S30,SEC_STD02_A,12,R12-S30,VIP,AVAILABLE,0
SEC_STD02_A_R12_S31,SEC_STD02_A,12,R12-S31,VIP,AVAILABLE,0
SEC_STD02_A_R12_S32,SEC_STD02_A,12,R12-S32,VIP,AVAILABLE,0
SEC_STD02_A_R12_S33,SEC_STD02_A,12,R12-S33,VIP,AVAILABLE,0
SEC_STD02_A_R12_S34,SEC_STD02_A,12,R12-S34,VIP,AVAILABLE,0
SEC_STD02_A_R12_S35,SEC_STD02_A,12,R12-S35,VIP,AVAILABLE,0
SEC_STD02_A_R12_S36,SEC_STD02_A,12,R12-S36,VIP,AVAILABLE,0
SEC_STD02_A_R12_S37,SEC_STD02_A,12,R12-S37,VIP,AVAILABLE,0
SEC_STD02_A_R12_S38,SEC_STD02_A,12,R12-S38,VIP,AVAILABLE,0
SEC_STD02_A_R12_S39,SEC_STD02_A,12,R12-S39,VIP,AVAILABLE,0
SEC_STD02_A_R12_S40,SEC_STD02_A,12,R12-S40,VIP,AVAILABLE,0
SEC_STD02_A_R13_S01,SEC_STD02_A,13,R13-S01,VIP,AVAILABLE,0
SEC_STD02_A_R13_S02,SEC_STD02_A,13,R13-S02,VIP,AVAILABLE,0
SEC_STD02_A_R13_S03,SEC_STD02_A,13,R13-S03,VIP,AVAILABLE,0
SEC_STD02_A_R13_S04,SEC_STD02_A,13,R13-S04,VIP,AVAILABLE,0
SEC_STD02_A_R13_S05,SEC_STD02_A,13,R13-S05,VIP,AVAILABLE,0
SEC_STD02_A_R13_S06,SEC_STD02_A,13,R13-S06,VIP,AVAILABLE,0
SEC_STD02_A_R13_S07,SEC_STD02_A,13,R13-S07,VIP,AVAILABLE,0
SEC_STD02_A_R13_S08,SEC_STD02_A,13,R13-S08,VIP,AVAILABLE,0
SEC_STD02_A_R13_S09,SEC_STD02_A,13,R13-S09,VIP,AVAILABLE,0
SEC_STD02_A_R13_S10,SEC_STD02_A,13,R13-S10,VIP,AVAILABLE,0
SEC_STD02_A_R13_S11,SEC_STD02_A,13,R13-S11,VIP,AVAILABLE,0
SEC_STD02_A_R13_S12,SEC_STD02_A,13,R13-S12,VIP,AVAILABLE,0
SEC_STD02_A_R13_S13,SEC_STD02_A,13,R13-S13,VIP,AVAILABLE,0
SEC_STD02_A_R13_S14,SEC_STD02_A,13,R13-S14,VIP,AVAILABLE,0
SEC_STD02_A_R13_S15,SEC_STD02_A,13,R13-S15,VIP,AVAILABLE,0
SEC_STD02_A_R13_S16,SEC_STD02_A,13,R13-S16,VIP,AVAILABLE,0
SEC_STD02_A_R13_S17,SEC_STD02_A,13,R13-S17,VIP,AVAILABLE,0
SEC_STD02_A_R13_S18,SEC_STD02_A,13,R13-S18,VIP,AVAILABLE,0
SEC_STD02_A_R13_S19,SEC_STD02_A,13,R13-S19,VIP,AVAILABLE,0
SEC_STD02_A_R13_S20,SEC_STD02_A,13,R13-S20,VIP,AVAILABLE,0
SEC_STD02_A_R13_S21,SEC_STD02_A,13,R13-S21,VIP,AVAILABLE,0
SEC_STD02_A_R13_S22,SEC_STD02_A,13,R13-S22,VIP,AVAILABLE,0
SEC_STD02_A_R13_S23,SEC_STD02_A,13,R13-S23,VIP,AVAILABLE,0
SEC_STD02_A_R13_S24,SEC_STD02_A,13,R13-S24,VIP,AVAILABLE,0
SEC_STD02_A_R13_S25,SEC_STD02_A,13,R13-S25,VIP,AVAILABLE,0
SEC_STD02_A_R13_S26,SEC_STD02_A,13,R13-S26,VIP,AVAILABLE,0
SEC_STD02_A_R13_S27,SEC_STD02_A,13,R13-S27,VIP,AVAILABLE,0
SEC_STD02_A_R13_S28,SEC_STD02_A,13,R13-S28,VIP,AVAILABLE,0
SEC_STD02_A_R13_S29,SEC_STD02_A,13,R13-S29,VIP,AVAILABLE,0
SEC_STD02_A_R13_S30,SEC_STD02_A,13,R13-S30,VIP,AVAILABLE,0
SEC_STD02_A_R13_S31,SEC_STD02_A,13,R13-S31,VIP,AVAILABLE,0
SEC_STD02_A_R13_S32,SEC_STD02_A,13,R13-S32,VIP,AVAILABLE,0
SEC_STD02_A_R13_S33,SEC_STD02_A,13,R13-S33,VIP,AVAILABLE,0
SEC_STD02_A_R13_S34,SEC_STD02_A,13,R13-S34,VIP,AVAILABLE,0
SEC_STD02_A_R13_S35,SEC_STD02_A,13,R13-S35,VIP,AVAILABLE,0
SEC_STD02_A_R13_S36,SEC_STD02_A,13,R13-S36,VIP,AVAILABLE,0
SEC_STD02_A_R13_S37,SEC_STD02_A,13,R13-S37,VIP,AVAILABLE,0
SEC_STD02_A_R13_S38,SEC_STD02_A,13,R13-S38,VIP,AVAILABLE,0
SEC_STD02_A_R13_S39,SEC_STD02_A,13,R13-S39,VIP,AVAILABLE,0
SEC_STD02_A_R13_S40,SEC_STD02_A,13,R13-S40,VIP,AVAILABLE,0
SEC_STD02_A_R14_S01,SEC_STD02_A,14,R14-S01,VIP,AVAILABLE,0
SEC_STD02_A_R14_S02,SEC_STD02_A,14,R14-S02,VIP,AVAILABLE,0
SEC_STD02_A_R14_S03,SEC_STD02_A,14,R14-S03,VIP,AVAILABLE,0
SEC_STD02_A_R14_S04,SEC_STD02_A,14,R14-S04,VIP,AVAILABLE,0
SEC_STD02_A_R14_S05,SEC_STD02_A,14,R14-S05,VIP,AVAILABLE,0
SEC_STD02_A_R14_S06,SEC_STD02_A,14,R14-S06,VIP,AVAILABLE,0
SEC_STD02_A_R14_S07,SEC_STD02_A,14,R14-S07,VIP,AVAILABLE,0
SEC_STD02_A_R14_S08,SEC_STD02_A,14,R14-S08,VIP,AVAILABLE,0
SEC_STD02_A_R14_S09,SEC_STD02_A,14,R14-S09,VIP,AVAILABLE,0
SEC_STD02_A_R14_S10,SEC_STD02_A,14,R14-S10,VIP,AVAILABLE,0
SEC_STD02_A_R14_S11,SEC_STD02_A,14,R14-S11,VIP,AVAILABLE,0
SEC_STD02_A_R14_S12,SEC_STD02_A,14,R14-S12,VIP,AVAILABLE,0
SEC_STD02_A_R14_S13,SEC_STD02_A,14,R14-S13,VIP,AVAILABLE,0
SEC_STD02_A_R14_S14,SEC_STD02_A,14,R14-S14,VIP,AVAILABLE,0
SEC_STD02_A_R14_S15,SEC_STD02_A,14,R14-S15,VIP,AVAILABLE,0
SEC_STD02_A_R14_S16,SEC_STD02_A,14,R14-S16,VIP,AVAILABLE,0
SEC_STD02_A_R14_S17,SEC_STD02_A,14,R14-S17,VIP,AVAILABLE,0
SEC_STD02_A_R14_S18,SEC_STD02_A,14,R14-S18,VIP,AVAILABLE,0
SEC_STD02_A_R14_S19,SEC_STD02_A,14,R14-S19,VIP,AVAILABLE,0
SEC_STD02_A_R14_S20,SEC_STD02_A,14,R14-S20,VIP,AVAILABLE,0
SEC_STD02_A_R14_S21,SEC_STD02_A,14,R14-S21,VIP,AVAILABLE,0
SEC_STD02_A_R14_S22,SEC_STD02_A,14,R14-S22,VIP,AVAILABLE,0
SEC_STD02_A_R14_S23,SEC_STD02_A,14,R14-S23,VIP,AVAILABLE,0
SEC_STD02_A_R14_S24,SEC_STD02_A,14,R14-S24,VIP,AVAILABLE,0
SEC_STD02_A_R14_S25,SEC_STD02_A,14,R14-S25,VIP,AVAILABLE,0
SEC_STD02_A_R14_S26,SEC_STD02_A,14,R14-S26,VIP,AVAILABLE,0
SEC_STD02_A_R14_S27,SEC_STD02_A,14,R14-S27,VIP,AVAILABLE,0
SEC_STD02_A_R14_S28,SEC_STD02_A,14,R14-S28,VIP,AVAILABLE,0
SEC_STD02_A_R14_S29,SEC_STD02_A,14,R14-S29,VIP,AVAILABLE,0
SEC_STD02_A_R14_S30,SEC_STD02_A,14,R14-S30,VIP,AVAILABLE,0
SEC_STD02_A_R14_S31,SEC_STD02_A,14,R14-S31,VIP,AVAILABLE,0
SEC_STD02_A_R14_S32,SEC_STD02_A,14,R14-S32,VIP,AVAILABLE,0
SEC_STD02_A_R14_S33,SEC_STD02_A,14,R14-S33,VIP,AVAILABLE,0
SEC_STD02_A_R14_S34,SEC_STD02_A,14,R14-S34,VIP,AVAILABLE,0
SEC_STD02_A_R14_S35,SEC_STD02_A,14,R14-S35,VIP,AVAILABLE,0
SEC_STD02_A_R14_S36,SEC_STD02_A,14,R14-S36,VIP,AVAILABLE,0
SEC_STD02_A_R14_S37,SEC_STD02_A,14,R14-S37,VIP,AVAILABLE,0
SEC_STD02_A_R14_S38,SEC_STD02_A,14,R14-S38,VIP,AVAILABLE,0
SEC_STD02_A_R14_S39,SEC_STD02_A,14,R14-S39,VIP,AVAILABLE,0
SEC_STD02_A_R14_S40,SEC_STD02_A,14,R14-S40,VIP,AVAILABLE,0
SEC_STD02_A_R15_S01,SEC_STD02_A,15,R15-S01,VIP,AVAILABLE,0
SEC_STD02_A_R15_S02,SEC_STD02_A,15,R15-S02,VIP,AVAILABLE,0
SEC_STD02_A_R15_S03,SEC_STD02_A,15,R15-S03,VIP,AVAILABLE,0
SEC_STD02_A_R15_S04,SEC_STD02_A,15,R15-S04,VIP,AVAILABLE,0
SEC_STD02_A_R15_S05,SEC_STD02_A,15,R15-S05,VIP,AVAILABLE,0
SEC_STD02_A_R15_S06,SEC_STD02_A,15,R15-S06,VIP,AVAILABLE,0
SEC_STD02_A_R15_S07,SEC_STD02_A,15,R15-S07,VIP,AVAILABLE,0
SEC_STD02_A_R15_S08,SEC_STD02_A,15,R15-S08,VIP,AVAILABLE,0
SEC_STD02_A_R15_S09,SEC_STD02_A,15,R15-S09,VIP,AVAILABLE,0
SEC_STD02_A_R15_S10,SEC_STD02_A,15,R15-S10,VIP,AVAILABLE,0
SEC_STD02_A_R15_S11,SEC_STD02_A,15,R15-S11,VIP,AVAILABLE,0
SEC_STD02_A_R15_S12,SEC_STD02_A,15,R15-S12,VIP,AVAILABLE,0
SEC_STD02_A_R15_S13,SEC_STD02_A,15,R15-S13,VIP,AVAILABLE,0
SEC_STD02_A_R15_S14,SEC_STD02_A,15,R15-S14,VIP,AVAILABLE,0
SEC_STD02_A_R15_S15,SEC_STD02_A,15,R15-S15,VIP,AVAILABLE,0
SEC_STD02_A_R15_S16,SEC_STD02_A,15,R15-S16,VIP,AVAILABLE,0
SEC_STD02_A_R15_S17,SEC_STD02_A,15,R15-S17,VIP,AVAILABLE,0
SEC_STD02_A_R15_S18,SEC_STD02_A,15,R15-S18,VIP,AVAILABLE,0
SEC_STD02_A_R15_S19,SEC_STD02_A,15,R15-S19,VIP,AVAILABLE,0
SEC_STD02_A_R15_S20,SEC_STD02_A,15,R15-S20,VIP,AVAILABLE,0
SEC_STD02_A_R15_S21,SEC_STD02_A,15,R15-S21,VIP,AVAILABLE,0
SEC_STD02_A_R15_S22,SEC_STD02_A,15,R15-S22,VIP,AVAILABLE,0
SEC_STD02_A_R15_S23,SEC_STD02_A,15,R15-S23,VIP,AVAILABLE,0
SEC_STD02_A_R15_S24,SEC_STD02_A,15,R15-S24,VIP,AVAILABLE,0
SEC_STD02_A_R15_S25,SEC_STD02_A,15,R15-S25,VIP,AVAILABLE,0
SEC_STD02_A_R15_S26,SEC_STD02_A,15,R15-S26,VIP,AVAILABLE,0
SEC_STD02_A_R15_S27,SEC_STD02_A,15,R15-S27,VIP,AVAILABLE,0
SEC_STD02_A_R15_S28,SEC_STD02_A,15,R15-S28,VIP,AVAILABLE,0
SEC_STD02_A_R15_S29,SEC_STD02_A,15,R15-S29,VIP,AVAILABLE,0
SEC_STD02_A_R15_S30,SEC_STD02_A,15,R15-S30,VIP,AVAILABLE,0
SEC_STD02_A_R15_S31,SEC_STD02_A,15,R15-S31,VIP,AVAILABLE,0
SEC_STD02_A_R15_S32,SEC_STD02_A,15,R15-S32,VIP,AVAILABLE,0
SEC_STD02_A_R15_S33,SEC_STD02_A,15,R15-S33,VIP,AVAILABLE,0
SEC_STD02_A_R15_S34,SEC_STD02_A,15,R15-S34,VIP,AVAILABLE,0
SEC_STD02_A_R15_S35,SEC_STD02_A,15,R15-S35,VIP,AVAILABLE,0
SEC_STD02_A_R15_S36,SEC_STD02_A,15,R15-S36,VIP,AVAILABLE,0
SEC_STD02_A_R15_S37,SEC_STD02_A,15,R15-S37,VIP,AVAILABLE,0
SEC_STD02_A_R15_S38,SEC_STD02_A,15,R15-S38,VIP,AVAILABLE,0
SEC_STD02_A_R15_S39,SEC_STD02_A,15,R15-S39,VIP,AVAILABLE,0
SEC_STD02_A_R15_S40,SEC_STD02_A,15,R15-S40,VIP,AVAILABLE,0
SEC_STD02_A_R16_S01,SEC_STD02_A,16,R16-S01,VIP,AVAILABLE,0
SEC_STD02_A_R16_S02,SEC_STD02_A,16,R16-S02,VIP,AVAILABLE,0
SEC_STD02_A_R16_S03,SEC_STD02_A,16,R16-S03,VIP,AVAILABLE,0
SEC_STD02_A_R16_S04,SEC_STD02_A,16,R16-S04,VIP,AVAILABLE,0
SEC_STD02_A_R16_S05,SEC_STD02_A,16,R16-S05,VIP,AVAILABLE,0
SEC_STD02_A_R16_S06,SEC_STD02_A,16,R16-S06,VIP,AVAILABLE,0
SEC_STD02_A_R16_S07,SEC_STD02_A,16,R16-S07,VIP,AVAILABLE,0
SEC_STD02_A_R16_S08,SEC_STD02_A,16,R16-S08,VIP,AVAILABLE,0
SEC_STD02_A_R16_S09,SEC_STD02_A,16,R16-S09,VIP,AVAILABLE,0
SEC_STD02_A_R16_S10,SEC_STD02_A,16,R16-S10,VIP,AVAILABLE,0
SEC_STD02_A_R16_S11,SEC_STD02_A,16,R16-S11,VIP,AVAILABLE,0
SEC_STD02_A_R16_S12,SEC_STD02_A,16,R16-S12,VIP,AVAILABLE,0
SEC_STD02_A_R16_S13,SEC_STD02_A,16,R16-S13,VIP,AVAILABLE,0
SEC_STD02_A_R16_S14,SEC_STD02_A,16,R16-S14,VIP,AVAILABLE,0
SEC_STD02_A_R16_S15,SEC_STD02_A,16,R16-S15,VIP,AVAILABLE,0
SEC_STD02_A_R16_S16,SEC_STD02_A,16,R16-S16,VIP,AVAILABLE,0
SEC_STD02_A_R16_S17,SEC_STD02_A,16,R16-S17,VIP,AVAILABLE,0
SEC_STD02_A_R16_S18,SEC_STD02_A,16,R16-S18,VIP,AVAILABLE,0
SEC_STD02_A_R16_S19,SEC_STD02_A,16,R16-S19,VIP,AVAILABLE,0
SEC_STD02_A_R16_S20,SEC_STD02_A,16,R16-S20,VIP,AVAILABLE,0
SEC_STD02_A_R16_S21,SEC_STD02_A,16,R16-S21,VIP,AVAILABLE,0
SEC_STD02_A_R16_S22,SEC_STD02_A,16,R16-S22,VIP,AVAILABLE,0
SEC_STD02_A_R16_S23,SEC_STD02_A,16,R16-S23,VIP,AVAILABLE,0
SEC_STD02_A_R16_S24,SEC_STD02_A,16,R16-S24,VIP,AVAILABLE,0
SEC_STD02_A_R16_S25,SEC_STD02_A,16,R16-S25,VIP,AVAILABLE,0
SEC_STD02_A_R16_S26,SEC_STD02_A,16,R16-S26,VIP,AVAILABLE,0
SEC_STD02_A_R16_S27,SEC_STD02_A,16,R16-S27,VIP,AVAILABLE,0
SEC_STD02_A_R16_S28,SEC_STD02_A,16,R16-S28,VIP,AVAILABLE,0
SEC_STD02_A_R16_S29,SEC_STD02_A,16,R16-S29,VIP,AVAILABLE,0
SEC_STD02_A_R16_S30,SEC_STD02_A,16,R16-S30,VIP,AVAILABLE,0
SEC_STD02_A_R16_S31,SEC_STD02_A,16,R16-S31,VIP,AVAILABLE,0
SEC_STD02_A_R16_S32,SEC_STD02_A,16,R16-S32,VIP,AVAILABLE,0
SEC_STD02_A_R16_S33,SEC_STD02_A,16,R16-S33,VIP,AVAILABLE,0
SEC_STD02_A_R16_S34,SEC_STD02_A,16,R16-S34,VIP,AVAILABLE,0
SEC_STD02_A_R16_S35,SEC_STD02_A,16,R16-S35,VIP,AVAILABLE,0
SEC_STD02_A_R16_S36,SEC_STD02_A,16,R16-S36,VIP,AVAILABLE,0
SEC_STD02_A_R16_S37,SEC_STD02_A,16,R16-S37,VIP,AVAILABLE,0
SEC_STD02_A_R16_S38,SEC_STD02_A,16,R16-S38,VIP,AVAILABLE,0
SEC_STD02_A_R16_S39,SEC_STD02_A,16,R16-S39,VIP,AVAILABLE,0
SEC_STD02_A_R16_S40,SEC_STD02_A,16,R16-S40,VIP,AVAILABLE,0
SEC_STD02_A_R17_S01,SEC_STD02_A,17,R17-S01,VIP,AVAILABLE,0
SEC_STD02_A_R17_S02,SEC_STD02_A,17,R17-S02,VIP,AVAILABLE,0
SEC_STD02_A_R17_S03,SEC_STD02_A,17,R17-S03,VIP,AVAILABLE,0
SEC_STD02_A_R17_S04,SEC_STD02_A,17,R17-S04,VIP,AVAILABLE,0
SEC_STD02_A_R17_S05,SEC_STD02_A,17,R17-S05,VIP,AVAILABLE,0
SEC_STD02_A_R17_S06,SEC_STD02_A,17,R17-S06,VIP,AVAILABLE,0
SEC_STD02_A_R17_S07,SEC_STD02_A,17,R17-S07,VIP,AVAILABLE,0
SEC_STD02_A_R17_S08,SEC_STD02_A,17,R17-S08,VIP,AVAILABLE,0
SEC_STD02_A_R17_S09,SEC_STD02_A,17,R17-S09,VIP,AVAILABLE,0
SEC_STD02_A_R17_S10,SEC_STD02_A,17,R17-S10,VIP,AVAILABLE,0
SEC_STD02_A_R17_S11,SEC_STD02_A,17,R17-S11,VIP,AVAILABLE,0
SEC_STD02_A_R17_S12,SEC_STD02_A,17,R17-S12,VIP,AVAILABLE,0
SEC_STD02_A_R17_S13,SEC_STD02_A,17,R17-S13,VIP,AVAILABLE,0
SEC_STD02_A_R17_S14,SEC_STD02_A,17,R17-S14,VIP,AVAILABLE,0
SEC_STD02_A_R17_S15,SEC_STD02_A,17,R17-S15,VIP,AVAILABLE,0
SEC_STD02_A_R17_S16,SEC_STD02_A,17,R17-S16,VIP,AVAILABLE,0
SEC_STD02_A_R17_S17,SEC_STD02_A,17,R17-S17,VIP,AVAILABLE,0
SEC_STD02_A_R17_S18,SEC_STD02_A,17,R17-S18,VIP,AVAILABLE,0
SEC_STD02_A_R17_S19,SEC_STD02_A,17,R17-S19,VIP,AVAILABLE,0
SEC_STD02_A_R17_S20,SEC_STD02_A,17,R17-S20,VIP,AVAILABLE,0
SEC_STD02_A_R17_S21,SEC_STD02_A,17,R17-S21,VIP,AVAILABLE,0
SEC_STD02_A_R17_S22,SEC_STD02_A,17,R17-S22,VIP,AVAILABLE,0
SEC_STD02_A_R17_S23,SEC_STD02_A,17,R17-S23,VIP,AVAILABLE,0
SEC_STD02_A_R17_S24,SEC_STD02_A,17,R17-S24,VIP,AVAILABLE,0
SEC_STD02_A_R17_S25,SEC_STD02_A,17,R17-S25,VIP,AVAILABLE,0
SEC_STD02_A_R17_S26,SEC_STD02_A,17,R17-S26,VIP,AVAILABLE,0
SEC_STD02_A_R17_S27,SEC_STD02_A,17,R17-S27,VIP,AVAILABLE,0
SEC_STD02_A_R17_S28,SEC_STD02_A,17,R17-S28,VIP,AVAILABLE,0
SEC_STD02_A_R17_S29,SEC_STD02_A,17,R17-S29,VIP,AVAILABLE,0
SEC_STD02_A_R17_S30,SEC_STD02_A,17,R17-S30,VIP,AVAILABLE,0
SEC_STD02_A_R17_S31,SEC_STD02_A,17,R17-S31,VIP,AVAILABLE,0
SEC_STD02_A_R17_S32,SEC_STD02_A,17,R17-S32,VIP,AVAILABLE,0
SEC_STD02_A_R17_S33,SEC_STD02_A,17,R17-S33,VIP,AVAILABLE,0
SEC_STD02_A_R17_S34,SEC_STD02_A,17,R17-S34,VIP,AVAILABLE,0
SEC_STD02_A_R17_S35,SEC_STD02_A,17,R17-S35,VIP,AVAILABLE,0
SEC_STD02_A_R17_S36,SEC_STD02_A,17,R17-S36,VIP,AVAILABLE,0
SEC_STD02_A_R17_S37,SEC_STD02_A,17,R17-S37,VIP,AVAILABLE,0
SEC_STD02_A_R17_S38,SEC_STD02_A,17,R17-S38,VIP,AVAILABLE,0
SEC_STD02_A_R17_S39,SEC_STD02_A,17,R17-S39,VIP,AVAILABLE,0
SEC_STD02_A_R17_S40,SEC_STD02_A,17,R17-S40,VIP,AVAILABLE,0
SEC_STD02_A_R18_S01,SEC_STD02_A,18,R18-S01,VIP,AVAILABLE,0
SEC_STD02_A_R18_S02,SEC_STD02_A,18,R18-S02,VIP,AVAILABLE,0
SEC_STD02_A_R18_S03,SEC_STD02_A,18,R18-S03,VIP,AVAILABLE,0
SEC_STD02_A_R18_S04,SEC_STD02_A,18,R18-S04,VIP,AVAILABLE,0
SEC_STD02_A_R18_S05,SEC_STD02_A,18,R18-S05,VIP,AVAILABLE,0
SEC_STD02_A_R18_S06,SEC_STD02_A,18,R18-S06,VIP,AVAILABLE,0
SEC_STD02_A_R18_S07,SEC_STD02_A,18,R18-S07,VIP,AVAILABLE,0
SEC_STD02_A_R18_S08,SEC_STD02_A,18,R18-S08,VIP,AVAILABLE,0
SEC_STD02_A_R18_S09,SEC_STD02_A,18,R18-S09,VIP,AVAILABLE,0
SEC_STD02_A_R18_S10,SEC_STD02_A,18,R18-S10,VIP,AVAILABLE,0
SEC_STD02_A_R18_S11,SEC_STD02_A,18,R18-S11,VIP,AVAILABLE,0
SEC_STD02_A_R18_S12,SEC_STD02_A,18,R18-S12,VIP,AVAILABLE,0
SEC_STD02_A_R18_S13,SEC_STD02_A,18,R18-S13,VIP,AVAILABLE,0
SEC_STD02_A_R18_S14,SEC_STD02_A,18,R18-S14,VIP,AVAILABLE,0
SEC_STD02_A_R18_S15,SEC_STD02_A,18,R18-S15,VIP,AVAILABLE,0
SEC_STD02_A_R18_S16,SEC_STD02_A,18,R18-S16,VIP,AVAILABLE,0
SEC_STD02_A_R18_S17,SEC_STD02_A,18,R18-S17,VIP,AVAILABLE,0
SEC_STD02_A_R18_S18,SEC_STD02_A,18,R18-S18,VIP,AVAILABLE,0
SEC_STD02_A_R18_S19,SEC_STD02_A,18,R18-S19,VIP,AVAILABLE,0
SEC_STD02_A_R18_S20,SEC_STD02_A,18,R18-S20,VIP,AVAILABLE,0
SEC_STD02_A_R18_S21,SEC_STD02_A,18,R18-S21,VIP,AVAILABLE,0
SEC_STD02_A_R18_S22,SEC_STD02_A,18,R18-S22,VIP,AVAILABLE,0
SEC_STD02_A_R18_S23,SEC_STD02_A,18,R18-S23,VIP,AVAILABLE,0
SEC_STD02_A_R18_S24,SEC_STD02_A,18,R18-S24,VIP,AVAILABLE,0
SEC_STD02_A_R18_S25,SEC_STD02_A,18,R18-S25,VIP,AVAILABLE,0
SEC_STD02_A_R18_S26,SEC_STD02_A,18,R18-S26,VIP,AVAILABLE,0
SEC_STD02_A_R18_S27,SEC_STD02_A,18,R18-S27,VIP,AVAILABLE,0
SEC_STD02_A_R18_S28,SEC_STD02_A,18,R18-S28,VIP,AVAILABLE,0
SEC_STD02_A_R18_S29,SEC_STD02_A,18,R18-S29,VIP,AVAILABLE,0
SEC_STD02_A_R18_S30,SEC_STD02_A,18,R18-S30,VIP,AVAILABLE,0
SEC_STD02_A_R18_S31,SEC_STD02_A,18,R18-S31,VIP,AVAILABLE,0
SEC_STD02_A_R18_S32,SEC_STD02_A,18,R18-S32,VIP,AVAILABLE,0
SEC_STD02_A_R18_S33,SEC_STD02_A,18,R18-S33,VIP,AVAILABLE,0
SEC_STD02_A_R18_S34,SEC_STD02_A,18,R18-S34,VIP,AVAILABLE,0
SEC_STD02_A_R18_S35,SEC_STD02_A,18,R18-S35,VIP,AVAILABLE,0
SEC_STD02_A_R18_S36,SEC_STD02_A,18,R18-S36,VIP,AVAILABLE,0
SEC_STD02_A_R18_S37,SEC_STD02_A,18,R18-S37,VIP,AVAILABLE,0
SEC_STD02_A_R18_S38,SEC_STD02_A,18,R18-S38,VIP,AVAILABLE,0
SEC_STD02_A_R18_S39,SEC_STD02_A,18,R18-S39,VIP,AVAILABLE,0
SEC_STD02_A_R18_S40,SEC_STD02_A,18,R18-S40,VIP,AVAILABLE,0
SEC_STD02_A_R19_S01,SEC_STD02_A,19,R19-S01,VIP,AVAILABLE,0
SEC_STD02_A_R19_S02,SEC_STD02_A,19,R19-S02,VIP,AVAILABLE,0
SEC_STD02_A_R19_S03,SEC_STD02_A,19,R19-S03,VIP,AVAILABLE,0
SEC_STD02_A_R19_S04,SEC_STD02_A,19,R19-S04,VIP,AVAILABLE,0
SEC_STD02_A_R19_S05,SEC_STD02_A,19,R19-S05,VIP,AVAILABLE,0
SEC_STD02_A_R19_S06,SEC_STD02_A,19,R19-S06,VIP,AVAILABLE,0
SEC_STD02_A_R19_S07,SEC_STD02_A,19,R19-S07,VIP,AVAILABLE,0
SEC_STD02_A_R19_S08,SEC_STD02_A,19,R19-S08,VIP,AVAILABLE,0
SEC_STD02_A_R19_S09,SEC_STD02_A,19,R19-S09,VIP,AVAILABLE,0
SEC_STD02_A_R19_S10,SEC_STD02_A,19,R19-S10,VIP,AVAILABLE,0
SEC_STD02_A_R19_S11,SEC_STD02_A,19,R19-S11,VIP,AVAILABLE,0
SEC_STD02_A_R19_S12,SEC_STD02_A,19,R19-S12,VIP,AVAILABLE,0
SEC_STD02_A_R19_S13,SEC_STD02_A,19,R19-S13,VIP,AVAILABLE,0
SEC_STD02_A_R19_S14,SEC_STD02_A,19,R19-S14,VIP,AVAILABLE,0
SEC_STD02_A_R19_S15,SEC_STD02_A,19,R19-S15,VIP,AVAILABLE,0
SEC_STD02_A_R19_S16,SEC_STD02_A,19,R19-S16,VIP,AVAILABLE,0
SEC_STD02_A_R19_S17,SEC_STD02_A,19,R19-S17,VIP,AVAILABLE,0
SEC_STD02_A_R19_S18,SEC_STD02_A,19,R19-S18,VIP,AVAILABLE,0
SEC_STD02_A_R19_S19,SEC_STD02_A,19,R19-S19,VIP,AVAILABLE,0
SEC_STD02_A_R19_S20,SEC_STD02_A,19,R19-S20,VIP,AVAILABLE,0
SEC_STD02_A_R19_S21,SEC_STD02_A,19,R19-S21,VIP,AVAILABLE,0
SEC_STD02_A_R19_S22,SEC_STD02_A,19,R19-S22,VIP,AVAILABLE,0
SEC_STD02_A_R19_S23,SEC_STD02_A,19,R19-S23,VIP,AVAILABLE,0
SEC_STD02_A_R19_S24,SEC_STD02_A,19,R19-S24,VIP,AVAILABLE,0
SEC_STD02_A_R19_S25,SEC_STD02_A,19,R19-S25,VIP,AVAILABLE,0
SEC_STD02_A_R19_S26,SEC_STD02_A,19,R19-S26,VIP,AVAILABLE,0
SEC_STD02_A_R19_S27,SEC_STD02_A,19,R19-S27,VIP,AVAILABLE,0
SEC_STD02_A_R19_S28,SEC_STD02_A,19,R19-S28,VIP,AVAILABLE,0
SEC_STD02_A_R19_S29,SEC_STD02_A,19,R19-S29,VIP,AVAILABLE,0
SEC_STD02_A_R19_S30,SEC_STD02_A,19,R19-S30,VIP,AVAILABLE,0
SEC_STD02_A_R19_S31,SEC_STD02_A,19,R19-S31,VIP,AVAILABLE,0
SEC_STD02_A_R19_S32,SEC_STD02_A,19,R19-S32,VIP,AVAILABLE,0
SEC_STD02_A_R19_S33,SEC_STD02_A,19,R19-S33,VIP,AVAILABLE,0
SEC_STD02_A_R19_S34,SEC_STD02_A,19,R19-S34,VIP,AVAILABLE,0
SEC_STD02_A_R19_S35,SEC_STD02_A,19,R19-S35,VIP,AVAILABLE,0
SEC_STD02_A_R19_S36,SEC_STD02_A,19,R19-S36,VIP,AVAILABLE,0
SEC_STD02_A_R19_S37,SEC_STD02_A,19,R19-S37,VIP,AVAILABLE,0
SEC_STD02_A_R19_S38,SEC_STD02_A,19,R19-S38,VIP,AVAILABLE,0
SEC_STD02_A_R19_S39,SEC_STD02_A,19,R19-S39,VIP,AVAILABLE,0
SEC_STD02_A_R19_S40,SEC_STD02_A,19,R19-S40,VIP,AVAILABLE,0
SEC_STD02_A_R20_S01,SEC_STD02_A,20,R20-S01,VIP,AVAILABLE,0
SEC_STD02_A_R20_S02,SEC_STD02_A,20,R20-S02,VIP,AVAILABLE,0
SEC_STD02_A_R20_S03,SEC_STD02_A,20,R20-S03,VIP,AVAILABLE,0
SEC_STD02_A_R20_S04,SEC_STD02_A,20,R20-S04,VIP,AVAILABLE,0
SEC_STD02_A_R20_S05,SEC_STD02_A,20,R20-S05,VIP,AVAILABLE,0
SEC_STD02_A_R20_S06,SEC_STD02_A,20,R20-S06,VIP,AVAILABLE,0
SEC_STD02_A_R20_S07,SEC_STD02_A,20,R20-S07,VIP,AVAILABLE,0
SEC_STD02_A_R20_S08,SEC_STD02_A,20,R20-S08,VIP,AVAILABLE,0
SEC_STD02_A_R20_S09,SEC_STD02_A,20,R20-S09,VIP,AVAILABLE,0
SEC_STD02_A_R20_S10,SEC_STD02_A,20,R20-S10,VIP,AVAILABLE,0
SEC_STD02_A_R20_S11,SEC_STD02_A,20,R20-S11,VIP,AVAILABLE,0
SEC_STD02_A_R20_S12,SEC_STD02_A,20,R20-S12,VIP,AVAILABLE,0
SEC_STD02_A_R20_S13,SEC_STD02_A,20,R20-S13,VIP,AVAILABLE,0
SEC_STD02_A_R20_S14,SEC_STD02_A,20,R20-S14,VIP,AVAILABLE,0
SEC_STD02_A_R20_S15,SEC_STD02_A,20,R20-S15,VIP,AVAILABLE,0
SEC_STD02_A_R20_S16,SEC_STD02_A,20,R20-S16,VIP,AVAILABLE,0
SEC_STD02_A_R20_S17,SEC_STD02_A,20,R20-S17,VIP,AVAILABLE,0
SEC_STD02_A_R20_S18,SEC_STD02_A,20,R20-S18,VIP,AVAILABLE,0
SEC_STD02_A_R20_S19,SEC_STD02_A,20,R20-S19,VIP,AVAILABLE,0
SEC_STD02_A_R20_S20,SEC_STD02_A,20,R20-S20,VIP,AVAILABLE,0
SEC_STD02_A_R20_S21,SEC_STD02_A,20,R20-S21,VIP,AVAILABLE,0
SEC_STD02_A_R20_S22,SEC_STD02_A,20,R20-S22,VIP,AVAILABLE,0
SEC_STD02_A_R20_S23,SEC_STD02_A,20,R20-S23,VIP,AVAILABLE,0
SEC_STD02_A_R20_S24,SEC_STD02_A,20,R20-S24,VIP,AVAILABLE,0
SEC_STD02_A_R20_S25,SEC_STD02_A,20,R20-S25,VIP,AVAILABLE,0
SEC_STD02_A_R20_S26,SEC_STD02_A,20,R20-S26,VIP,AVAILABLE,0
SEC_STD02_A_R20_S27,SEC_STD02_A,20,R20-S27,VIP,AVAILABLE,0
SEC_STD02_A_R20_S28,SEC_STD02_A,20,R20-S28,VIP,AVAILABLE,0
SEC_STD02_A_R20_S29,SEC_STD02_A,20,R20-S29,VIP,AVAILABLE,0
SEC_STD02_A_R20_S30,SEC_STD02_A,20,R20-S30,VIP,AVAILABLE,0
SEC_STD02_A_R20_S31,SEC_STD02_A,20,R20-S31,VIP,AVAILABLE,0
SEC_STD02_A_R20_S32,SEC_STD02_A,20,R20-S32,VIP,AVAILABLE,0
SEC_STD02_A_R20_S33,SEC_STD02_A,20,R20-S33,VIP,AVAILABLE,0
SEC_STD02_A_R20_S34,SEC_STD02_A,20,R20-S34,VIP,AVAILABLE,0
SEC_STD02_A_R20_S35,SEC_STD02_A,20,R20-S35,VIP,AVAILABLE,0
SEC_STD02_A_R20_S36,SEC_STD02_A,20,R20-S36,VIP,AVAILABLE,0
SEC_STD02_A_R20_S37,SEC_STD02_A,20,R20-S37,VIP,AVAILABLE,0
SEC_STD02_A_R20_S38,SEC_STD02_A,20,R20-S38,VIP,AVAILABLE,0
SEC_STD02_A_R20_S39,SEC_STD02_A,20,R20-S39,VIP,AVAILABLE,0
SEC_STD02_A_R20_S40,SEC_STD02_A,20,R20-S40,VIP,AVAILABLE,0
SEC_STD02_B_R01_S01,SEC_STD02_B,1,R01-S01,STANDARD,AVAILABLE,0
SEC_STD02_B_R01_S02,SEC_STD02_B,1,R01-S02,STANDARD,AVAILABLE,0
SEC_STD02_B_R01_S03,SEC_STD02_B,1,R01-S03,STANDARD,AVAILABLE,0
SEC_STD02_B_R01_S04,SEC_STD02_B,1,R01-S04,STANDARD,AVAILABLE,0
SEC_STD02_B_R01_S05,SEC_STD02_B,1,R01-S05,STANDARD,AVAILABLE,0
SEC_STD02_B_R01_S06,SEC_STD02_B,1,R01-S06,STANDARD,AVAILABLE,0
SEC_STD02_B_R01_S07,SEC_STD02_B,1,R01-S07,STANDARD,AVAILABLE,0
SEC_STD02_B_R01_S08,SEC_STD02_B,1,R01-S08,STANDARD,AVAILABLE,0
SEC_STD02_B_R01_S09,SEC_STD02_B,1,R01-S09,STANDARD,AVAILABLE,0
SEC_STD02_B_R01_S10,SEC_STD02_B,1,R01-S10,STANDARD,AVAILABLE,0
SEC_STD02_B_R01_S11,SEC_STD02_B,1,R01-S11,STANDARD,AVAILABLE,0
SEC_STD02_B_R01_S12,SEC_STD02_B,1,R01-S12,STANDARD,AVAILABLE,0
SEC_STD02_B_R01_S13,SEC_STD02_B,1,R01-S13,STANDARD,AVAILABLE,0
SEC_STD02_B_R01_S14,SEC_STD02_B,1,R01-S14,STANDARD,AVAILABLE,0
SEC_STD02_B_R01_S15,SEC_STD02_B,1,R01-S15,STANDARD,AVAILABLE,0
SEC_STD02_B_R01_S16,SEC_STD02_B,1,R01-S16,STANDARD,AVAILABLE,0
SEC_STD02_B_R01_S17,SEC_STD02_B,1,R01-S17,STANDARD,AVAILABLE,0
SEC_STD02_B_R01_S18,SEC_STD02_B,1,R01-S18,STANDARD,AVAILABLE,0
SEC_STD02_B_R01_S19,SEC_STD02_B,1,R01-S19,STANDARD,AVAILABLE,0
SEC_STD02_B_R01_S20,SEC_STD02_B,1,R01-S20,STANDARD,AVAILABLE,0
SEC_STD02_B_R01_S21,SEC_STD02_B,1,R01-S21,STANDARD,AVAILABLE,0
SEC_STD02_B_R01_S22,SEC_STD02_B,1,R01-S22,STANDARD,AVAILABLE,0
SEC_STD02_B_R01_S23,SEC_STD02_B,1,R01-S23,STANDARD,AVAILABLE,0
SEC_STD02_B_R01_S24,SEC_STD02_B,1,R01-S24,STANDARD,AVAILABLE,0
SEC_STD02_B_R01_S25,SEC_STD02_B,1,R01-S25,STANDARD,AVAILABLE,0
SEC_STD02_B_R01_S26,SEC_STD02_B,1,R01-S26,STANDARD,AVAILABLE,0
SEC_STD02_B_R01_S27,SEC_STD02_B,1,R01-S27,STANDARD,AVAILABLE,0
SEC_STD02_B_R01_S28,SEC_STD02_B,1,R01-S28,STANDARD,AVAILABLE,0
SEC_STD02_B_R01_S29,SEC_STD02_B,1,R01-S29,STANDARD,AVAILABLE,0
SEC_STD02_B_R01_S30,SEC_STD02_B,1,R01-S30,STANDARD,AVAILABLE,0
SEC_STD02_B_R01_S31,SEC_STD02_B,1,R01-S31,STANDARD,AVAILABLE,0
SEC_STD02_B_R01_S32,SEC_STD02_B,1,R01-S32,STANDARD,AVAILABLE,0
SEC_STD02_B_R01_S33,SEC_STD02_B,1,R01-S33,STANDARD,AVAILABLE,0
SEC_STD02_B_R01_S34,SEC_STD02_B,1,R01-S34,STANDARD,AVAILABLE,0
SEC_STD02_B_R01_S35,SEC_STD02_B,1,R01-S35,STANDARD,AVAILABLE,0
SEC_STD02_B_R01_S36,SEC_STD02_B,1,R01-S36,STANDARD,AVAILABLE,0
SEC_STD02_B_R01_S37,SEC_STD02_B,1,R01-S37,STANDARD,AVAILABLE,0
SEC_STD02_B_R01_S38,SEC_STD02_B,1,R01-S38,STANDARD,AVAILABLE,0
SEC_STD02_B_R01_S39,SEC_STD02_B,1,R01-S39,STANDARD,AVAILABLE,0
SEC_STD02_B_R01_S40,SEC_STD02_B,1,R01-S40,STANDARD,AVAILABLE,0
SEC_STD02_B_R02_S01,SEC_STD02_B,2,R02-S01,STANDARD,AVAILABLE,0
SEC_STD02_B_R02_S02,SEC_STD02_B,2,R02-S02,STANDARD,AVAILABLE,0
SEC_STD02_B_R02_S03,SEC_STD02_B,2,R02-S03,STANDARD,AVAILABLE,0
SEC_STD02_B_R02_S04,SEC_STD02_B,2,R02-S04,STANDARD,AVAILABLE,0
SEC_STD02_B_R02_S05,SEC_STD02_B,2,R02-S05,STANDARD,AVAILABLE,0
SEC_STD02_B_R02_S06,SEC_STD02_B,2,R02-S06,STANDARD,AVAILABLE,0
SEC_STD02_B_R02_S07,SEC_STD02_B,2,R02-S07,STANDARD,AVAILABLE,0
SEC_STD02_B_R02_S08,SEC_STD02_B,2,R02-S08,STANDARD,AVAILABLE,0
SEC_STD02_B_R02_S09,SEC_STD02_B,2,R02-S09,STANDARD,AVAILABLE,0
SEC_STD02_B_R02_S10,SEC_STD02_B,2,R02-S10,STANDARD,AVAILABLE,0
SEC_STD02_B_R02_S11,SEC_STD02_B,2,R02-S11,STANDARD,AVAILABLE,0
SEC_STD02_B_R02_S12,SEC_STD02_B,2,R02-S12,STANDARD,AVAILABLE,0
SEC_STD02_B_R02_S13,SEC_STD02_B,2,R02-S13,STANDARD,AVAILABLE,0
SEC_STD02_B_R02_S14,SEC_STD02_B,2,R02-S14,STANDARD,AVAILABLE,0
SEC_STD02_B_R02_S15,SEC_STD02_B,2,R02-S15,STANDARD,AVAILABLE,0
SEC_STD02_B_R02_S16,SEC_STD02_B,2,R02-S16,STANDARD,AVAILABLE,0
SEC_STD02_B_R02_S17,SEC_STD02_B,2,R02-S17,STANDARD,AVAILABLE,0
SEC_STD02_B_R02_S18,SEC_STD02_B,2,R02-S18,STANDARD,AVAILABLE,0
SEC_STD02_B_R02_S19,SEC_STD02_B,2,R02-S19,STANDARD,AVAILABLE,0
SEC_STD02_B_R02_S20,SEC_STD02_B,2,R02-S20,STANDARD,AVAILABLE,0
SEC_STD02_B_R02_S21,SEC_STD02_B,2,R02-S21,STANDARD,AVAILABLE,0
SEC_STD02_B_R02_S22,SEC_STD02_B,2,R02-S22,STANDARD,AVAILABLE,0
SEC_STD02_B_R02_S23,SEC_STD02_B,2,R02-S23,STANDARD,AVAILABLE,0
SEC_STD02_B_R02_S24,SEC_STD02_B,2,R02-S24,STANDARD,AVAILABLE,0
SEC_STD02_B_R02_S25,SEC_STD02_B,2,R02-S25,STANDARD,AVAILABLE,0
SEC_STD02_B_R02_S26,SEC_STD02_B,2,R02-S26,STANDARD,AVAILABLE,0
SEC_STD02_B_R02_S27,SEC_STD02_B,2,R02-S27,STANDARD,AVAILABLE,0
SEC_STD02_B_R02_S28,SEC_STD02_B,2,R02-S28,STANDARD,AVAILABLE,0
SEC_STD02_B_R02_S29,SEC_STD02_B,2,R02-S29,STANDARD,AVAILABLE,0
SEC_STD02_B_R02_S30,SEC_STD02_B,2,R02-S30,STANDARD,AVAILABLE,0
SEC_STD02_B_R02_S31,SEC_STD02_B,2,R02-S31,STANDARD,AVAILABLE,0
SEC_STD02_B_R02_S32,SEC_STD02_B,2,R02-S32,STANDARD,AVAILABLE,0
SEC_STD02_B_R02_S33,SEC_STD02_B,2,R02-S33,STANDARD,AVAILABLE,0
SEC_STD02_B_R02_S34,SEC_STD02_B,2,R02-S34,STANDARD,AVAILABLE,0
SEC_STD02_B_R02_S35,SEC_STD02_B,2,R02-S35,STANDARD,AVAILABLE,0
SEC_STD02_B_R02_S36,SEC_STD02_B,2,R02-S36,STANDARD,AVAILABLE,0
SEC_STD02_B_R02_S37,SEC_STD02_B,2,R02-S37,STANDARD,AVAILABLE,0
SEC_STD02_B_R02_S38,SEC_STD02_B,2,R02-S38,STANDARD,AVAILABLE,0
SEC_STD02_B_R02_S39,SEC_STD02_B,2,R02-S39,STANDARD,AVAILABLE,0
SEC_STD02_B_R02_S40,SEC_STD02_B,2,R02-S40,STANDARD,AVAILABLE,0
SEC_STD02_B_R03_S01,SEC_STD02_B,3,R03-S01,STANDARD,AVAILABLE,0
SEC_STD02_B_R03_S02,SEC_STD02_B,3,R03-S02,STANDARD,AVAILABLE,0
SEC_STD02_B_R03_S03,SEC_STD02_B,3,R03-S03,STANDARD,AVAILABLE,0
SEC_STD02_B_R03_S04,SEC_STD02_B,3,R03-S04,STANDARD,AVAILABLE,0
SEC_STD02_B_R03_S05,SEC_STD02_B,3,R03-S05,STANDARD,AVAILABLE,0
SEC_STD02_B_R03_S06,SEC_STD02_B,3,R03-S06,STANDARD,AVAILABLE,0
SEC_STD02_B_R03_S07,SEC_STD02_B,3,R03-S07,STANDARD,AVAILABLE,0
SEC_STD02_B_R03_S08,SEC_STD02_B,3,R03-S08,STANDARD,AVAILABLE,0
SEC_STD02_B_R03_S09,SEC_STD02_B,3,R03-S09,STANDARD,AVAILABLE,0
SEC_STD02_B_R03_S10,SEC_STD02_B,3,R03-S10,STANDARD,AVAILABLE,0
SEC_STD02_B_R03_S11,SEC_STD02_B,3,R03-S11,STANDARD,AVAILABLE,0
SEC_STD02_B_R03_S12,SEC_STD02_B,3,R03-S12,STANDARD,AVAILABLE,0
SEC_STD02_B_R03_S13,SEC_STD02_B,3,R03-S13,STANDARD,AVAILABLE,0
SEC_STD02_B_R03_S14,SEC_STD02_B,3,R03-S14,STANDARD,AVAILABLE,0
SEC_STD02_B_R03_S15,SEC_STD02_B,3,R03-S15,STANDARD,AVAILABLE,0
SEC_STD02_B_R03_S16,SEC_STD02_B,3,R03-S16,STANDARD,AVAILABLE,0
SEC_STD02_B_R03_S17,SEC_STD02_B,3,R03-S17,STANDARD,AVAILABLE,0
SEC_STD02_B_R03_S18,SEC_STD02_B,3,R03-S18,STANDARD,AVAILABLE,0
SEC_STD02_B_R03_S19,SEC_STD02_B,3,R03-S19,STANDARD,AVAILABLE,0
SEC_STD02_B_R03_S20,SEC_STD02_B,3,R03-S20,STANDARD,AVAILABLE,0
SEC_STD02_B_R03_S21,SEC_STD02_B,3,R03-S21,STANDARD,AVAILABLE,0
SEC_STD02_B_R03_S22,SEC_STD02_B,3,R03-S22,STANDARD,AVAILABLE,0
SEC_STD02_B_R03_S23,SEC_STD02_B,3,R03-S23,STANDARD,AVAILABLE,0
SEC_STD02_B_R03_S24,SEC_STD02_B,3,R03-S24,STANDARD,AVAILABLE,0
SEC_STD02_B_R03_S25,SEC_STD02_B,3,R03-S25,STANDARD,AVAILABLE,0
SEC_STD02_B_R03_S26,SEC_STD02_B,3,R03-S26,STANDARD,AVAILABLE,0
SEC_STD02_B_R03_S27,SEC_STD02_B,3,R03-S27,STANDARD,AVAILABLE,0
SEC_STD02_B_R03_S28,SEC_STD02_B,3,R03-S28,STANDARD,AVAILABLE,0
SEC_STD02_B_R03_S29,SEC_STD02_B,3,R03-S29,STANDARD,AVAILABLE,0
SEC_STD02_B_R03_S30,SEC_STD02_B,3,R03-S30,STANDARD,AVAILABLE,0
SEC_STD02_B_R03_S31,SEC_STD02_B,3,R03-S31,STANDARD,AVAILABLE,0
SEC_STD02_B_R03_S32,SEC_STD02_B,3,R03-S32,STANDARD,AVAILABLE,0
SEC_STD02_B_R03_S33,SEC_STD02_B,3,R03-S33,STANDARD,AVAILABLE,0
SEC_STD02_B_R03_S34,SEC_STD02_B,3,R03-S34,STANDARD,AVAILABLE,0
SEC_STD02_B_R03_S35,SEC_STD02_B,3,R03-S35,STANDARD,AVAILABLE,0
SEC_STD02_B_R03_S36,SEC_STD02_B,3,R03-S36,STANDARD,AVAILABLE,0
SEC_STD02_B_R03_S37,SEC_STD02_B,3,R03-S37,STANDARD,AVAILABLE,0
SEC_STD02_B_R03_S38,SEC_STD02_B,3,R03-S38,STANDARD,AVAILABLE,0
SEC_STD02_B_R03_S39,SEC_STD02_B,3,R03-S39,STANDARD,AVAILABLE,0
SEC_STD02_B_R03_S40,SEC_STD02_B,3,R03-S40,STANDARD,AVAILABLE,0
SEC_STD02_B_R04_S01,SEC_STD02_B,4,R04-S01,STANDARD,AVAILABLE,0
SEC_STD02_B_R04_S02,SEC_STD02_B,4,R04-S02,STANDARD,AVAILABLE,0
SEC_STD02_B_R04_S03,SEC_STD02_B,4,R04-S03,STANDARD,AVAILABLE,0
SEC_STD02_B_R04_S04,SEC_STD02_B,4,R04-S04,STANDARD,AVAILABLE,0
SEC_STD02_B_R04_S05,SEC_STD02_B,4,R04-S05,STANDARD,AVAILABLE,0
SEC_STD02_B_R04_S06,SEC_STD02_B,4,R04-S06,STANDARD,AVAILABLE,0
SEC_STD02_B_R04_S07,SEC_STD02_B,4,R04-S07,STANDARD,AVAILABLE,0
SEC_STD02_B_R04_S08,SEC_STD02_B,4,R04-S08,STANDARD,AVAILABLE,0
SEC_STD02_B_R04_S09,SEC_STD02_B,4,R04-S09,STANDARD,AVAILABLE,0
SEC_STD02_B_R04_S10,SEC_STD02_B,4,R04-S10,STANDARD,AVAILABLE,0
SEC_STD02_B_R04_S11,SEC_STD02_B,4,R04-S11,STANDARD,AVAILABLE,0
SEC_STD02_B_R04_S12,SEC_STD02_B,4,R04-S12,STANDARD,AVAILABLE,0
SEC_STD02_B_R04_S13,SEC_STD02_B,4,R04-S13,STANDARD,AVAILABLE,0
SEC_STD02_B_R04_S14,SEC_STD02_B,4,R04-S14,STANDARD,AVAILABLE,0
SEC_STD02_B_R04_S15,SEC_STD02_B,4,R04-S15,STANDARD,AVAILABLE,0
SEC_STD02_B_R04_S16,SEC_STD02_B,4,R04-S16,STANDARD,AVAILABLE,0
SEC_STD02_B_R04_S17,SEC_STD02_B,4,R04-S17,STANDARD,AVAILABLE,0
SEC_STD02_B_R04_S18,SEC_STD02_B,4,R04-S18,STANDARD,AVAILABLE,0
SEC_STD02_B_R04_S19,SEC_STD02_B,4,R04-S19,STANDARD,AVAILABLE,0
SEC_STD02_B_R04_S20,SEC_STD02_B,4,R04-S20,STANDARD,AVAILABLE,0
SEC_STD02_B_R04_S21,SEC_STD02_B,4,R04-S21,STANDARD,AVAILABLE,0
SEC_STD02_B_R04_S22,SEC_STD02_B,4,R04-S22,STANDARD,AVAILABLE,0
SEC_STD02_B_R04_S23,SEC_STD02_B,4,R04-S23,STANDARD,AVAILABLE,0
SEC_STD02_B_R04_S24,SEC_STD02_B,4,R04-S24,STANDARD,AVAILABLE,0
SEC_STD02_B_R04_S25,SEC_STD02_B,4,R04-S25,STANDARD,AVAILABLE,0
SEC_STD02_B_R04_S26,SEC_STD02_B,4,R04-S26,STANDARD,AVAILABLE,0
SEC_STD02_B_R04_S27,SEC_STD02_B,4,R04-S27,STANDARD,AVAILABLE,0
SEC_STD02_B_R04_S28,SEC_STD02_B,4,R04-S28,STANDARD,AVAILABLE,0
SEC_STD02_B_R04_S29,SEC_STD02_B,4,R04-S29,STANDARD,AVAILABLE,0
SEC_STD02_B_R04_S30,SEC_STD02_B,4,R04-S30,STANDARD,AVAILABLE,0
SEC_STD02_B_R04_S31,SEC_STD02_B,4,R04-S31,STANDARD,AVAILABLE,0
SEC_STD02_B_R04_S32,SEC_STD02_B,4,R04-S32,STANDARD,AVAILABLE,0
SEC_STD02_B_R04_S33,SEC_STD02_B,4,R04-S33,STANDARD,AVAILABLE,0
SEC_STD02_B_R04_S34,SEC_STD02_B,4,R04-S34,STANDARD,AVAILABLE,0
SEC_STD02_B_R04_S35,SEC_STD02_B,4,R04-S35,STANDARD,AVAILABLE,0
SEC_STD02_B_R04_S36,SEC_STD02_B,4,R04-S36,STANDARD,AVAILABLE,0
SEC_STD02_B_R04_S37,SEC_STD02_B,4,R04-S37,STANDARD,AVAILABLE,0
SEC_STD02_B_R04_S38,SEC_STD02_B,4,R04-S38,STANDARD,AVAILABLE,0
SEC_STD02_B_R04_S39,SEC_STD02_B,4,R04-S39,STANDARD,AVAILABLE,0
SEC_STD02_B_R04_S40,SEC_STD02_B,4,R04-S40,STANDARD,AVAILABLE,0
SEC_STD02_B_R05_S01,SEC_STD02_B,5,R05-S01,STANDARD,AVAILABLE,0
SEC_STD02_B_R05_S02,SEC_STD02_B,5,R05-S02,STANDARD,AVAILABLE,0
SEC_STD02_B_R05_S03,SEC_STD02_B,5,R05-S03,STANDARD,AVAILABLE,0
SEC_STD02_B_R05_S04,SEC_STD02_B,5,R05-S04,STANDARD,AVAILABLE,0
SEC_STD02_B_R05_S05,SEC_STD02_B,5,R05-S05,STANDARD,AVAILABLE,0
SEC_STD02_B_R05_S06,SEC_STD02_B,5,R05-S06,STANDARD,AVAILABLE,0
SEC_STD02_B_R05_S07,SEC_STD02_B,5,R05-S07,STANDARD,AVAILABLE,0
SEC_STD02_B_R05_S08,SEC_STD02_B,5,R05-S08,STANDARD,AVAILABLE,0
SEC_STD02_B_R05_S09,SEC_STD02_B,5,R05-S09,STANDARD,AVAILABLE,0
SEC_STD02_B_R05_S10,SEC_STD02_B,5,R05-S10,STANDARD,AVAILABLE,0
SEC_STD02_B_R05_S11,SEC_STD02_B,5,R05-S11,STANDARD,AVAILABLE,0
SEC_STD02_B_R05_S12,SEC_STD02_B,5,R05-S12,STANDARD,AVAILABLE,0
SEC_STD02_B_R05_S13,SEC_STD02_B,5,R05-S13,STANDARD,AVAILABLE,0
SEC_STD02_B_R05_S14,SEC_STD02_B,5,R05-S14,STANDARD,AVAILABLE,0
SEC_STD02_B_R05_S15,SEC_STD02_B,5,R05-S15,STANDARD,AVAILABLE,0
SEC_STD02_B_R05_S16,SEC_STD02_B,5,R05-S16,STANDARD,AVAILABLE,0
SEC_STD02_B_R05_S17,SEC_STD02_B,5,R05-S17,STANDARD,AVAILABLE,0
SEC_STD02_B_R05_S18,SEC_STD02_B,5,R05-S18,STANDARD,AVAILABLE,0
SEC_STD02_B_R05_S19,SEC_STD02_B,5,R05-S19,STANDARD,AVAILABLE,0
SEC_STD02_B_R05_S20,SEC_STD02_B,5,R05-S20,STANDARD,AVAILABLE,0
SEC_STD02_B_R05_S21,SEC_STD02_B,5,R05-S21,STANDARD,AVAILABLE,0
SEC_STD02_B_R05_S22,SEC_STD02_B,5,R05-S22,STANDARD,AVAILABLE,0
SEC_STD02_B_R05_S23,SEC_STD02_B,5,R05-S23,STANDARD,AVAILABLE,0
SEC_STD02_B_R05_S24,SEC_STD02_B,5,R05-S24,STANDARD,AVAILABLE,0
SEC_STD02_B_R05_S25,SEC_STD02_B,5,R05-S25,STANDARD,AVAILABLE,0
SEC_STD02_B_R05_S26,SEC_STD02_B,5,R05-S26,STANDARD,AVAILABLE,0
SEC_STD02_B_R05_S27,SEC_STD02_B,5,R05-S27,STANDARD,AVAILABLE,0
SEC_STD02_B_R05_S28,SEC_STD02_B,5,R05-S28,STANDARD,AVAILABLE,0
SEC_STD02_B_R05_S29,SEC_STD02_B,5,R05-S29,STANDARD,AVAILABLE,0
SEC_STD02_B_R05_S30,SEC_STD02_B,5,R05-S30,STANDARD,AVAILABLE,0
SEC_STD02_B_R05_S31,SEC_STD02_B,5,R05-S31,STANDARD,AVAILABLE,0
SEC_STD02_B_R05_S32,SEC_STD02_B,5,R05-S32,STANDARD,AVAILABLE,0
SEC_STD02_B_R05_S33,SEC_STD02_B,5,R05-S33,STANDARD,AVAILABLE,0
SEC_STD02_B_R05_S34,SEC_STD02_B,5,R05-S34,STANDARD,AVAILABLE,0
SEC_STD02_B_R05_S35,SEC_STD02_B,5,R05-S35,STANDARD,AVAILABLE,0
SEC_STD02_B_R05_S36,SEC_STD02_B,5,R05-S36,STANDARD,AVAILABLE,0
SEC_STD02_B_R05_S37,SEC_STD02_B,5,R05-S37,STANDARD,AVAILABLE,0
SEC_STD02_B_R05_S38,SEC_STD02_B,5,R05-S38,STANDARD,AVAILABLE,0
SEC_STD02_B_R05_S39,SEC_STD02_B,5,R05-S39,STANDARD,AVAILABLE,0
SEC_STD02_B_R05_S40,SEC_STD02_B,5,R05-S40,STANDARD,AVAILABLE,0
SEC_STD02_B_R06_S01,SEC_STD02_B,6,R06-S01,STANDARD,AVAILABLE,0
SEC_STD02_B_R06_S02,SEC_STD02_B,6,R06-S02,STANDARD,AVAILABLE,0
SEC_STD02_B_R06_S03,SEC_STD02_B,6,R06-S03,STANDARD,AVAILABLE,0
SEC_STD02_B_R06_S04,SEC_STD02_B,6,R06-S04,STANDARD,AVAILABLE,0
SEC_STD02_B_R06_S05,SEC_STD02_B,6,R06-S05,STANDARD,AVAILABLE,0
SEC_STD02_B_R06_S06,SEC_STD02_B,6,R06-S06,STANDARD,AVAILABLE,0
SEC_STD02_B_R06_S07,SEC_STD02_B,6,R06-S07,STANDARD,AVAILABLE,0
SEC_STD02_B_R06_S08,SEC_STD02_B,6,R06-S08,STANDARD,AVAILABLE,0
SEC_STD02_B_R06_S09,SEC_STD02_B,6,R06-S09,STANDARD,AVAILABLE,0
SEC_STD02_B_R06_S10,SEC_STD02_B,6,R06-S10,STANDARD,AVAILABLE,0
SEC_STD02_B_R06_S11,SEC_STD02_B,6,R06-S11,STANDARD,AVAILABLE,0
SEC_STD02_B_R06_S12,SEC_STD02_B,6,R06-S12,STANDARD,AVAILABLE,0
SEC_STD02_B_R06_S13,SEC_STD02_B,6,R06-S13,STANDARD,AVAILABLE,0
SEC_STD02_B_R06_S14,SEC_STD02_B,6,R06-S14,STANDARD,AVAILABLE,0
SEC_STD02_B_R06_S15,SEC_STD02_B,6,R06-S15,STANDARD,AVAILABLE,0
SEC_STD02_B_R06_S16,SEC_STD02_B,6,R06-S16,STANDARD,AVAILABLE,0
SEC_STD02_B_R06_S17,SEC_STD02_B,6,R06-S17,STANDARD,AVAILABLE,0
SEC_STD02_B_R06_S18,SEC_STD02_B,6,R06-S18,STANDARD,AVAILABLE,0
SEC_STD02_B_R06_S19,SEC_STD02_B,6,R06-S19,STANDARD,AVAILABLE,0
SEC_STD02_B_R06_S20,SEC_STD02_B,6,R06-S20,STANDARD,AVAILABLE,0
SEC_STD02_B_R06_S21,SEC_STD02_B,6,R06-S21,STANDARD,AVAILABLE,0
SEC_STD02_B_R06_S22,SEC_STD02_B,6,R06-S22,STANDARD,AVAILABLE,0
SEC_STD02_B_R06_S23,SEC_STD02_B,6,R06-S23,STANDARD,AVAILABLE,0
SEC_STD02_B_R06_S24,SEC_STD02_B,6,R06-S24,STANDARD,AVAILABLE,0
SEC_STD02_B_R06_S25,SEC_STD02_B,6,R06-S25,STANDARD,AVAILABLE,0
SEC_STD02_B_R06_S26,SEC_STD02_B,6,R06-S26,STANDARD,AVAILABLE,0
SEC_STD02_B_R06_S27,SEC_STD02_B,6,R06-S27,STANDARD,AVAILABLE,0
SEC_STD02_B_R06_S28,SEC_STD02_B,6,R06-S28,STANDARD,AVAILABLE,0
SEC_STD02_B_R06_S29,SEC_STD02_B,6,R06-S29,STANDARD,AVAILABLE,0
SEC_STD02_B_R06_S30,SEC_STD02_B,6,R06-S30,STANDARD,AVAILABLE,0
SEC_STD02_B_R06_S31,SEC_STD02_B,6,R06-S31,STANDARD,AVAILABLE,0
SEC_STD02_B_R06_S32,SEC_STD02_B,6,R06-S32,STANDARD,AVAILABLE,0
SEC_STD02_B_R06_S33,SEC_STD02_B,6,R06-S33,STANDARD,AVAILABLE,0
SEC_STD02_B_R06_S34,SEC_STD02_B,6,R06-S34,STANDARD,AVAILABLE,0
SEC_STD02_B_R06_S35,SEC_STD02_B,6,R06-S35,STANDARD,AVAILABLE,0
SEC_STD02_B_R06_S36,SEC_STD02_B,6,R06-S36,STANDARD,AVAILABLE,0
SEC_STD02_B_R06_S37,SEC_STD02_B,6,R06-S37,STANDARD,AVAILABLE,0
SEC_STD02_B_R06_S38,SEC_STD02_B,6,R06-S38,STANDARD,AVAILABLE,0
SEC_STD02_B_R06_S39,SEC_STD02_B,6,R06-S39,STANDARD,AVAILABLE,0
SEC_STD02_B_R06_S40,SEC_STD02_B,6,R06-S40,STANDARD,AVAILABLE,0
SEC_STD02_B_R07_S01,SEC_STD02_B,7,R07-S01,STANDARD,AVAILABLE,0
SEC_STD02_B_R07_S02,SEC_STD02_B,7,R07-S02,STANDARD,AVAILABLE,0
SEC_STD02_B_R07_S03,SEC_STD02_B,7,R07-S03,STANDARD,AVAILABLE,0
SEC_STD02_B_R07_S04,SEC_STD02_B,7,R07-S04,STANDARD,AVAILABLE,0
SEC_STD02_B_R07_S05,SEC_STD02_B,7,R07-S05,STANDARD,AVAILABLE,0
SEC_STD02_B_R07_S06,SEC_STD02_B,7,R07-S06,STANDARD,AVAILABLE,0
SEC_STD02_B_R07_S07,SEC_STD02_B,7,R07-S07,STANDARD,AVAILABLE,0
SEC_STD02_B_R07_S08,SEC_STD02_B,7,R07-S08,STANDARD,AVAILABLE,0
SEC_STD02_B_R07_S09,SEC_STD02_B,7,R07-S09,STANDARD,AVAILABLE,0
SEC_STD02_B_R07_S10,SEC_STD02_B,7,R07-S10,STANDARD,AVAILABLE,0
SEC_STD02_B_R07_S11,SEC_STD02_B,7,R07-S11,STANDARD,AVAILABLE,0
SEC_STD02_B_R07_S12,SEC_STD02_B,7,R07-S12,STANDARD,AVAILABLE,0
SEC_STD02_B_R07_S13,SEC_STD02_B,7,R07-S13,STANDARD,AVAILABLE,0
SEC_STD02_B_R07_S14,SEC_STD02_B,7,R07-S14,STANDARD,AVAILABLE,0
SEC_STD02_B_R07_S15,SEC_STD02_B,7,R07-S15,STANDARD,AVAILABLE,0
SEC_STD02_B_R07_S16,SEC_STD02_B,7,R07-S16,STANDARD,AVAILABLE,0
SEC_STD02_B_R07_S17,SEC_STD02_B,7,R07-S17,STANDARD,AVAILABLE,0
SEC_STD02_B_R07_S18,SEC_STD02_B,7,R07-S18,STANDARD,AVAILABLE,0
SEC_STD02_B_R07_S19,SEC_STD02_B,7,R07-S19,STANDARD,AVAILABLE,0
SEC_STD02_B_R07_S20,SEC_STD02_B,7,R07-S20,STANDARD,AVAILABLE,0
SEC_STD02_B_R07_S21,SEC_STD02_B,7,R07-S21,STANDARD,AVAILABLE,0
SEC_STD02_B_R07_S22,SEC_STD02_B,7,R07-S22,STANDARD,AVAILABLE,0
SEC_STD02_B_R07_S23,SEC_STD02_B,7,R07-S23,STANDARD,AVAILABLE,0
SEC_STD02_B_R07_S24,SEC_STD02_B,7,R07-S24,STANDARD,AVAILABLE,0
SEC_STD02_B_R07_S25,SEC_STD02_B,7,R07-S25,STANDARD,AVAILABLE,0
SEC_STD02_B_R07_S26,SEC_STD02_B,7,R07-S26,STANDARD,AVAILABLE,0
SEC_STD02_B_R07_S27,SEC_STD02_B,7,R07-S27,STANDARD,AVAILABLE,0
SEC_STD02_B_R07_S28,SEC_STD02_B,7,R07-S28,STANDARD,AVAILABLE,0
SEC_STD02_B_R07_S29,SEC_STD02_B,7,R07-S29,STANDARD,AVAILABLE,0
SEC_STD02_B_R07_S30,SEC_STD02_B,7,R07-S30,STANDARD,AVAILABLE,0
SEC_STD02_B_R07_S31,SEC_STD02_B,7,R07-S31,STANDARD,AVAILABLE,0
SEC_STD02_B_R07_S32,SEC_STD02_B,7,R07-S32,STANDARD,AVAILABLE,0
SEC_STD02_B_R07_S33,SEC_STD02_B,7,R07-S33,STANDARD,AVAILABLE,0
SEC_STD02_B_R07_S34,SEC_STD02_B,7,R07-S34,STANDARD,AVAILABLE,0
SEC_STD02_B_R07_S35,SEC_STD02_B,7,R07-S35,STANDARD,AVAILABLE,0
SEC_STD02_B_R07_S36,SEC_STD02_B,7,R07-S36,STANDARD,AVAILABLE,0
SEC_STD02_B_R07_S37,SEC_STD02_B,7,R07-S37,STANDARD,AVAILABLE,0
SEC_STD02_B_R07_S38,SEC_STD02_B,7,R07-S38,STANDARD,AVAILABLE,0
SEC_STD02_B_R07_S39,SEC_STD02_B,7,R07-S39,STANDARD,AVAILABLE,0
SEC_STD02_B_R07_S40,SEC_STD02_B,7,R07-S40,STANDARD,AVAILABLE,0
SEC_STD02_B_R08_S01,SEC_STD02_B,8,R08-S01,STANDARD,AVAILABLE,0
SEC_STD02_B_R08_S02,SEC_STD02_B,8,R08-S02,STANDARD,AVAILABLE,0
SEC_STD02_B_R08_S03,SEC_STD02_B,8,R08-S03,STANDARD,AVAILABLE,0
SEC_STD02_B_R08_S04,SEC_STD02_B,8,R08-S04,STANDARD,AVAILABLE,0
SEC_STD02_B_R08_S05,SEC_STD02_B,8,R08-S05,STANDARD,AVAILABLE,0
SEC_STD02_B_R08_S06,SEC_STD02_B,8,R08-S06,STANDARD,AVAILABLE,0
SEC_STD02_B_R08_S07,SEC_STD02_B,8,R08-S07,STANDARD,AVAILABLE,0
SEC_STD02_B_R08_S08,SEC_STD02_B,8,R08-S08,STANDARD,AVAILABLE,0
SEC_STD02_B_R08_S09,SEC_STD02_B,8,R08-S09,STANDARD,AVAILABLE,0
SEC_STD02_B_R08_S10,SEC_STD02_B,8,R08-S10,STANDARD,AVAILABLE,0
SEC_STD02_B_R08_S11,SEC_STD02_B,8,R08-S11,STANDARD,AVAILABLE,0
SEC_STD02_B_R08_S12,SEC_STD02_B,8,R08-S12,STANDARD,AVAILABLE,0
SEC_STD02_B_R08_S13,SEC_STD02_B,8,R08-S13,STANDARD,AVAILABLE,0
SEC_STD02_B_R08_S14,SEC_STD02_B,8,R08-S14,STANDARD,AVAILABLE,0
SEC_STD02_B_R08_S15,SEC_STD02_B,8,R08-S15,STANDARD,AVAILABLE,0
SEC_STD02_B_R08_S16,SEC_STD02_B,8,R08-S16,STANDARD,AVAILABLE,0
SEC_STD02_B_R08_S17,SEC_STD02_B,8,R08-S17,STANDARD,AVAILABLE,0
SEC_STD02_B_R08_S18,SEC_STD02_B,8,R08-S18,STANDARD,AVAILABLE,0
SEC_STD02_B_R08_S19,SEC_STD02_B,8,R08-S19,STANDARD,AVAILABLE,0
SEC_STD02_B_R08_S20,SEC_STD02_B,8,R08-S20,STANDARD,AVAILABLE,0
SEC_STD02_B_R08_S21,SEC_STD02_B,8,R08-S21,STANDARD,AVAILABLE,0
SEC_STD02_B_R08_S22,SEC_STD02_B,8,R08-S22,STANDARD,AVAILABLE,0
SEC_STD02_B_R08_S23,SEC_STD02_B,8,R08-S23,STANDARD,AVAILABLE,0
SEC_STD02_B_R08_S24,SEC_STD02_B,8,R08-S24,STANDARD,AVAILABLE,0
SEC_STD02_B_R08_S25,SEC_STD02_B,8,R08-S25,STANDARD,AVAILABLE,0
SEC_STD02_B_R08_S26,SEC_STD02_B,8,R08-S26,STANDARD,AVAILABLE,0
SEC_STD02_B_R08_S27,SEC_STD02_B,8,R08-S27,STANDARD,AVAILABLE,0
SEC_STD02_B_R08_S28,SEC_STD02_B,8,R08-S28,STANDARD,AVAILABLE,0
SEC_STD02_B_R08_S29,SEC_STD02_B,8,R08-S29,STANDARD,AVAILABLE,0
SEC_STD02_B_R08_S30,SEC_STD02_B,8,R08-S30,STANDARD,AVAILABLE,0
SEC_STD02_B_R08_S31,SEC_STD02_B,8,R08-S31,STANDARD,AVAILABLE,0
SEC_STD02_B_R08_S32,SEC_STD02_B,8,R08-S32,STANDARD,AVAILABLE,0
SEC_STD02_B_R08_S33,SEC_STD02_B,8,R08-S33,STANDARD,AVAILABLE,0
SEC_STD02_B_R08_S34,SEC_STD02_B,8,R08-S34,STANDARD,AVAILABLE,0
SEC_STD02_B_R08_S35,SEC_STD02_B,8,R08-S35,STANDARD,AVAILABLE,0
SEC_STD02_B_R08_S36,SEC_STD02_B,8,R08-S36,STANDARD,AVAILABLE,0
SEC_STD02_B_R08_S37,SEC_STD02_B,8,R08-S37,STANDARD,AVAILABLE,0
SEC_STD02_B_R08_S38,SEC_STD02_B,8,R08-S38,STANDARD,AVAILABLE,0
SEC_STD02_B_R08_S39,SEC_STD02_B,8,R08-S39,STANDARD,AVAILABLE,0
SEC_STD02_B_R08_S40,SEC_STD02_B,8,R08-S40,STANDARD,AVAILABLE,0
SEC_STD02_B_R09_S01,SEC_STD02_B,9,R09-S01,STANDARD,AVAILABLE,0
SEC_STD02_B_R09_S02,SEC_STD02_B,9,R09-S02,STANDARD,AVAILABLE,0
SEC_STD02_B_R09_S03,SEC_STD02_B,9,R09-S03,STANDARD,AVAILABLE,0
SEC_STD02_B_R09_S04,SEC_STD02_B,9,R09-S04,STANDARD,AVAILABLE,0
SEC_STD02_B_R09_S05,SEC_STD02_B,9,R09-S05,STANDARD,AVAILABLE,0
SEC_STD02_B_R09_S06,SEC_STD02_B,9,R09-S06,STANDARD,AVAILABLE,0
SEC_STD02_B_R09_S07,SEC_STD02_B,9,R09-S07,STANDARD,AVAILABLE,0
SEC_STD02_B_R09_S08,SEC_STD02_B,9,R09-S08,STANDARD,AVAILABLE,0
SEC_STD02_B_R09_S09,SEC_STD02_B,9,R09-S09,STANDARD,AVAILABLE,0
SEC_STD02_B_R09_S10,SEC_STD02_B,9,R09-S10,STANDARD,AVAILABLE,0
SEC_STD02_B_R09_S11,SEC_STD02_B,9,R09-S11,STANDARD,AVAILABLE,0
SEC_STD02_B_R09_S12,SEC_STD02_B,9,R09-S12,STANDARD,AVAILABLE,0
SEC_STD02_B_R09_S13,SEC_STD02_B,9,R09-S13,STANDARD,AVAILABLE,0
SEC_STD02_B_R09_S14,SEC_STD02_B,9,R09-S14,STANDARD,AVAILABLE,0
SEC_STD02_B_R09_S15,SEC_STD02_B,9,R09-S15,STANDARD,AVAILABLE,0
SEC_STD02_B_R09_S16,SEC_STD02_B,9,R09-S16,STANDARD,AVAILABLE,0
SEC_STD02_B_R09_S17,SEC_STD02_B,9,R09-S17,STANDARD,AVAILABLE,0
SEC_STD02_B_R09_S18,SEC_STD02_B,9,R09-S18,STANDARD,AVAILABLE,0
SEC_STD02_B_R09_S19,SEC_STD02_B,9,R09-S19,STANDARD,AVAILABLE,0
SEC_STD02_B_R09_S20,SEC_STD02_B,9,R09-S20,STANDARD,AVAILABLE,0
SEC_STD02_B_R09_S21,SEC_STD02_B,9,R09-S21,STANDARD,AVAILABLE,0
SEC_STD02_B_R09_S22,SEC_STD02_B,9,R09-S22,STANDARD,AVAILABLE,0
SEC_STD02_B_R09_S23,SEC_STD02_B,9,R09-S23,STANDARD,AVAILABLE,0
SEC_STD02_B_R09_S24,SEC_STD02_B,9,R09-S24,STANDARD,AVAILABLE,0
SEC_STD02_B_R09_S25,SEC_STD02_B,9,R09-S25,STANDARD,AVAILABLE,0
SEC_STD02_B_R09_S26,SEC_STD02_B,9,R09-S26,STANDARD,AVAILABLE,0
SEC_STD02_B_R09_S27,SEC_STD02_B,9,R09-S27,STANDARD,AVAILABLE,0
SEC_STD02_B_R09_S28,SEC_STD02_B,9,R09-S28,STANDARD,AVAILABLE,0
SEC_STD02_B_R09_S29,SEC_STD02_B,9,R09-S29,STANDARD,AVAILABLE,0
SEC_STD02_B_R09_S30,SEC_STD02_B,9,R09-S30,STANDARD,AVAILABLE,0
SEC_STD02_B_R09_S31,SEC_STD02_B,9,R09-S31,STANDARD,AVAILABLE,0
SEC_STD02_B_R09_S32,SEC_STD02_B,9,R09-S32,STANDARD,AVAILABLE,0
SEC_STD02_B_R09_S33,SEC_STD02_B,9,R09-S33,STANDARD,AVAILABLE,0
SEC_STD02_B_R09_S34,SEC_STD02_B,9,R09-S34,STANDARD,AVAILABLE,0
SEC_STD02_B_R09_S35,SEC_STD02_B,9,R09-S35,STANDARD,AVAILABLE,0
SEC_STD02_B_R09_S36,SEC_STD02_B,9,R09-S36,STANDARD,AVAILABLE,0
SEC_STD02_B_R09_S37,SEC_STD02_B,9,R09-S37,STANDARD,AVAILABLE,0
SEC_STD02_B_R09_S38,SEC_STD02_B,9,R09-S38,STANDARD,AVAILABLE,0
SEC_STD02_B_R09_S39,SEC_STD02_B,9,R09-S39,STANDARD,AVAILABLE,0
SEC_STD02_B_R09_S40,SEC_STD02_B,9,R09-S40,STANDARD,AVAILABLE,0
SEC_STD02_B_R10_S01,SEC_STD02_B,10,R10-S01,STANDARD,AVAILABLE,0
SEC_STD02_B_R10_S02,SEC_STD02_B,10,R10-S02,STANDARD,AVAILABLE,0
SEC_STD02_B_R10_S03,SEC_STD02_B,10,R10-S03,STANDARD,AVAILABLE,0
SEC_STD02_B_R10_S04,SEC_STD02_B,10,R10-S04,STANDARD,AVAILABLE,0
SEC_STD02_B_R10_S05,SEC_STD02_B,10,R10-S05,STANDARD,AVAILABLE,0
SEC_STD02_B_R10_S06,SEC_STD02_B,10,R10-S06,STANDARD,AVAILABLE,0
SEC_STD02_B_R10_S07,SEC_STD02_B,10,R10-S07,STANDARD,AVAILABLE,0
SEC_STD02_B_R10_S08,SEC_STD02_B,10,R10-S08,STANDARD,AVAILABLE,0
SEC_STD02_B_R10_S09,SEC_STD02_B,10,R10-S09,STANDARD,AVAILABLE,0
SEC_STD02_B_R10_S10,SEC_STD02_B,10,R10-S10,STANDARD,AVAILABLE,0
SEC_STD02_B_R10_S11,SEC_STD02_B,10,R10-S11,STANDARD,AVAILABLE,0
SEC_STD02_B_R10_S12,SEC_STD02_B,10,R10-S12,STANDARD,AVAILABLE,0
SEC_STD02_B_R10_S13,SEC_STD02_B,10,R10-S13,STANDARD,AVAILABLE,0
SEC_STD02_B_R10_S14,SEC_STD02_B,10,R10-S14,STANDARD,AVAILABLE,0
SEC_STD02_B_R10_S15,SEC_STD02_B,10,R10-S15,STANDARD,AVAILABLE,0
SEC_STD02_B_R10_S16,SEC_STD02_B,10,R10-S16,STANDARD,AVAILABLE,0
SEC_STD02_B_R10_S17,SEC_STD02_B,10,R10-S17,STANDARD,AVAILABLE,0
SEC_STD02_B_R10_S18,SEC_STD02_B,10,R10-S18,STANDARD,AVAILABLE,0
SEC_STD02_B_R10_S19,SEC_STD02_B,10,R10-S19,STANDARD,AVAILABLE,0
SEC_STD02_B_R10_S20,SEC_STD02_B,10,R10-S20,STANDARD,AVAILABLE,0
SEC_STD02_B_R10_S21,SEC_STD02_B,10,R10-S21,STANDARD,AVAILABLE,0
SEC_STD02_B_R10_S22,SEC_STD02_B,10,R10-S22,STANDARD,AVAILABLE,0
SEC_STD02_B_R10_S23,SEC_STD02_B,10,R10-S23,STANDARD,AVAILABLE,0
SEC_STD02_B_R10_S24,SEC_STD02_B,10,R10-S24,STANDARD,AVAILABLE,0
SEC_STD02_B_R10_S25,SEC_STD02_B,10,R10-S25,STANDARD,AVAILABLE,0
SEC_STD02_B_R10_S26,SEC_STD02_B,10,R10-S26,STANDARD,AVAILABLE,0
SEC_STD02_B_R10_S27,SEC_STD02_B,10,R10-S27,STANDARD,AVAILABLE,0
SEC_STD02_B_R10_S28,SEC_STD02_B,10,R10-S28,STANDARD,AVAILABLE,0
SEC_STD02_B_R10_S29,SEC_STD02_B,10,R10-S29,STANDARD,AVAILABLE,0
SEC_STD02_B_R10_S30,SEC_STD02_B,10,R10-S30,STANDARD,AVAILABLE,0
SEC_STD02_B_R10_S31,SEC_STD02_B,10,R10-S31,STANDARD,AVAILABLE,0
SEC_STD02_B_R10_S32,SEC_STD02_B,10,R10-S32,STANDARD,AVAILABLE,0
SEC_STD02_B_R10_S33,SEC_STD02_B,10,R10-S33,STANDARD,AVAILABLE,0
SEC_STD02_B_R10_S34,SEC_STD02_B,10,R10-S34,STANDARD,AVAILABLE,0
SEC_STD02_B_R10_S35,SEC_STD02_B,10,R10-S35,STANDARD,AVAILABLE,0
SEC_STD02_B_R10_S36,SEC_STD02_B,10,R10-S36,STANDARD,AVAILABLE,0
SEC_STD02_B_R10_S37,SEC_STD02_B,10,R10-S37,STANDARD,AVAILABLE,0
SEC_STD02_B_R10_S38,SEC_STD02_B,10,R10-S38,STANDARD,AVAILABLE,0
SEC_STD02_B_R10_S39,SEC_STD02_B,10,R10-S39,STANDARD,AVAILABLE,0
SEC_STD02_B_R10_S40,SEC_STD02_B,10,R10-S40,STANDARD,AVAILABLE,0
SEC_STD02_B_R11_S01,SEC_STD02_B,11,R11-S01,STANDARD,AVAILABLE,0
SEC_STD02_B_R11_S02,SEC_STD02_B,11,R11-S02,STANDARD,AVAILABLE,0
SEC_STD02_B_R11_S03,SEC_STD02_B,11,R11-S03,STANDARD,AVAILABLE,0
SEC_STD02_B_R11_S04,SEC_STD02_B,11,R11-S04,STANDARD,AVAILABLE,0
SEC_STD02_B_R11_S05,SEC_STD02_B,11,R11-S05,STANDARD,AVAILABLE,0
SEC_STD02_B_R11_S06,SEC_STD02_B,11,R11-S06,STANDARD,AVAILABLE,0
SEC_STD02_B_R11_S07,SEC_STD02_B,11,R11-S07,STANDARD,AVAILABLE,0
SEC_STD02_B_R11_S08,SEC_STD02_B,11,R11-S08,STANDARD,AVAILABLE,0
SEC_STD02_B_R11_S09,SEC_STD02_B,11,R11-S09,STANDARD,AVAILABLE,0
SEC_STD02_B_R11_S10,SEC_STD02_B,11,R11-S10,STANDARD,AVAILABLE,0
SEC_STD02_B_R11_S11,SEC_STD02_B,11,R11-S11,STANDARD,AVAILABLE,0
SEC_STD02_B_R11_S12,SEC_STD02_B,11,R11-S12,STANDARD,AVAILABLE,0
SEC_STD02_B_R11_S13,SEC_STD02_B,11,R11-S13,STANDARD,AVAILABLE,0
SEC_STD02_B_R11_S14,SEC_STD02_B,11,R11-S14,STANDARD,AVAILABLE,0
SEC_STD02_B_R11_S15,SEC_STD02_B,11,R11-S15,STANDARD,AVAILABLE,0
SEC_STD02_B_R11_S16,SEC_STD02_B,11,R11-S16,STANDARD,AVAILABLE,0
SEC_STD02_B_R11_S17,SEC_STD02_B,11,R11-S17,STANDARD,AVAILABLE,0
SEC_STD02_B_R11_S18,SEC_STD02_B,11,R11-S18,STANDARD,AVAILABLE,0
SEC_STD02_B_R11_S19,SEC_STD02_B,11,R11-S19,STANDARD,AVAILABLE,0
SEC_STD02_B_R11_S20,SEC_STD02_B,11,R11-S20,STANDARD,AVAILABLE,0
SEC_STD02_B_R11_S21,SEC_STD02_B,11,R11-S21,STANDARD,AVAILABLE,0
SEC_STD02_B_R11_S22,SEC_STD02_B,11,R11-S22,STANDARD,AVAILABLE,0
SEC_STD02_B_R11_S23,SEC_STD02_B,11,R11-S23,STANDARD,AVAILABLE,0
SEC_STD02_B_R11_S24,SEC_STD02_B,11,R11-S24,STANDARD,AVAILABLE,0
SEC_STD02_B_R11_S25,SEC_STD02_B,11,R11-S25,STANDARD,AVAILABLE,0
SEC_STD02_B_R11_S26,SEC_STD02_B,11,R11-S26,STANDARD,AVAILABLE,0
SEC_STD02_B_R11_S27,SEC_STD02_B,11,R11-S27,STANDARD,AVAILABLE,0
SEC_STD02_B_R11_S28,SEC_STD02_B,11,R11-S28,STANDARD,AVAILABLE,0
SEC_STD02_B_R11_S29,SEC_STD02_B,11,R11-S29,STANDARD,AVAILABLE,0
SEC_STD02_B_R11_S30,SEC_STD02_B,11,R11-S30,STANDARD,AVAILABLE,0
SEC_STD02_B_R11_S31,SEC_STD02_B,11,R11-S31,STANDARD,AVAILABLE,0
SEC_STD02_B_R11_S32,SEC_STD02_B,11,R11-S32,STANDARD,AVAILABLE,0
SEC_STD02_B_R11_S33,SEC_STD02_B,11,R11-S33,STANDARD,AVAILABLE,0
SEC_STD02_B_R11_S34,SEC_STD02_B,11,R11-S34,STANDARD,AVAILABLE,0
SEC_STD02_B_R11_S35,SEC_STD02_B,11,R11-S35,STANDARD,AVAILABLE,0
SEC_STD02_B_R11_S36,SEC_STD02_B,11,R11-S36,STANDARD,AVAILABLE,0
SEC_STD02_B_R11_S37,SEC_STD02_B,11,R11-S37,STANDARD,AVAILABLE,0
SEC_STD02_B_R11_S38,SEC_STD02_B,11,R11-S38,STANDARD,AVAILABLE,0
SEC_STD02_B_R11_S39,SEC_STD02_B,11,R11-S39,STANDARD,AVAILABLE,0
SEC_STD02_B_R11_S40,SEC_STD02_B,11,R11-S40,STANDARD,AVAILABLE,0
SEC_STD02_B_R12_S01,SEC_STD02_B,12,R12-S01,STANDARD,AVAILABLE,0
SEC_STD02_B_R12_S02,SEC_STD02_B,12,R12-S02,STANDARD,AVAILABLE,0
SEC_STD02_B_R12_S03,SEC_STD02_B,12,R12-S03,STANDARD,AVAILABLE,0
SEC_STD02_B_R12_S04,SEC_STD02_B,12,R12-S04,STANDARD,AVAILABLE,0
SEC_STD02_B_R12_S05,SEC_STD02_B,12,R12-S05,STANDARD,AVAILABLE,0
SEC_STD02_B_R12_S06,SEC_STD02_B,12,R12-S06,STANDARD,AVAILABLE,0
SEC_STD02_B_R12_S07,SEC_STD02_B,12,R12-S07,STANDARD,AVAILABLE,0
SEC_STD02_B_R12_S08,SEC_STD02_B,12,R12-S08,STANDARD,AVAILABLE,0
SEC_STD02_B_R12_S09,SEC_STD02_B,12,R12-S09,STANDARD,AVAILABLE,0
SEC_STD02_B_R12_S10,SEC_STD02_B,12,R12-S10,STANDARD,AVAILABLE,0
SEC_STD02_B_R12_S11,SEC_STD02_B,12,R12-S11,STANDARD,AVAILABLE,0
SEC_STD02_B_R12_S12,SEC_STD02_B,12,R12-S12,STANDARD,AVAILABLE,0
SEC_STD02_B_R12_S13,SEC_STD02_B,12,R12-S13,STANDARD,AVAILABLE,0
SEC_STD02_B_R12_S14,SEC_STD02_B,12,R12-S14,STANDARD,AVAILABLE,0
SEC_STD02_B_R12_S15,SEC_STD02_B,12,R12-S15,STANDARD,AVAILABLE,0
SEC_STD02_B_R12_S16,SEC_STD02_B,12,R12-S16,STANDARD,AVAILABLE,0
SEC_STD02_B_R12_S17,SEC_STD02_B,12,R12-S17,STANDARD,AVAILABLE,0
SEC_STD02_B_R12_S18,SEC_STD02_B,12,R12-S18,STANDARD,AVAILABLE,0
SEC_STD02_B_R12_S19,SEC_STD02_B,12,R12-S19,STANDARD,AVAILABLE,0
SEC_STD02_B_R12_S20,SEC_STD02_B,12,R12-S20,STANDARD,AVAILABLE,0
SEC_STD02_B_R12_S21,SEC_STD02_B,12,R12-S21,STANDARD,AVAILABLE,0
SEC_STD02_B_R12_S22,SEC_STD02_B,12,R12-S22,STANDARD,AVAILABLE,0
SEC_STD02_B_R12_S23,SEC_STD02_B,12,R12-S23,STANDARD,AVAILABLE,0
SEC_STD02_B_R12_S24,SEC_STD02_B,12,R12-S24,STANDARD,AVAILABLE,0
SEC_STD02_B_R12_S25,SEC_STD02_B,12,R12-S25,STANDARD,AVAILABLE,0
SEC_STD02_B_R12_S26,SEC_STD02_B,12,R12-S26,STANDARD,AVAILABLE,0
SEC_STD02_B_R12_S27,SEC_STD02_B,12,R12-S27,STANDARD,AVAILABLE,0
SEC_STD02_B_R12_S28,SEC_STD02_B,12,R12-S28,STANDARD,AVAILABLE,0
SEC_STD02_B_R12_S29,SEC_STD02_B,12,R12-S29,STANDARD,AVAILABLE,0
SEC_STD02_B_R12_S30,SEC_STD02_B,12,R12-S30,STANDARD,AVAILABLE,0
SEC_STD02_B_R12_S31,SEC_STD02_B,12,R12-S31,STANDARD,AVAILABLE,0
SEC_STD02_B_R12_S32,SEC_STD02_B,12,R12-S32,STANDARD,AVAILABLE,0
SEC_STD02_B_R12_S33,SEC_STD02_B,12,R12-S33,STANDARD,AVAILABLE,0
SEC_STD02_B_R12_S34,SEC_STD02_B,12,R12-S34,STANDARD,AVAILABLE,0
SEC_STD02_B_R12_S35,SEC_STD02_B,12,R12-S35,STANDARD,AVAILABLE,0
SEC_STD02_B_R12_S36,SEC_STD02_B,12,R12-S36,STANDARD,AVAILABLE,0
SEC_STD02_B_R12_S37,SEC_STD02_B,12,R12-S37,STANDARD,AVAILABLE,0
SEC_STD02_B_R12_S38,SEC_STD02_B,12,R12-S38,STANDARD,AVAILABLE,0
SEC_STD02_B_R12_S39,SEC_STD02_B,12,R12-S39,STANDARD,AVAILABLE,0
SEC_STD02_B_R12_S40,SEC_STD02_B,12,R12-S40,STANDARD,AVAILABLE,0
SEC_STD02_B_R13_S01,SEC_STD02_B,13,R13-S01,STANDARD,AVAILABLE,0
SEC_STD02_B_R13_S02,SEC_STD02_B,13,R13-S02,STANDARD,AVAILABLE,0
SEC_STD02_B_R13_S03,SEC_STD02_B,13,R13-S03,STANDARD,AVAILABLE,0
SEC_STD02_B_R13_S04,SEC_STD02_B,13,R13-S04,STANDARD,AVAILABLE,0
SEC_STD02_B_R13_S05,SEC_STD02_B,13,R13-S05,STANDARD,AVAILABLE,0
SEC_STD02_B_R13_S06,SEC_STD02_B,13,R13-S06,STANDARD,AVAILABLE,0
SEC_STD02_B_R13_S07,SEC_STD02_B,13,R13-S07,STANDARD,AVAILABLE,0
SEC_STD02_B_R13_S08,SEC_STD02_B,13,R13-S08,STANDARD,AVAILABLE,0
SEC_STD02_B_R13_S09,SEC_STD02_B,13,R13-S09,STANDARD,AVAILABLE,0
SEC_STD02_B_R13_S10,SEC_STD02_B,13,R13-S10,STANDARD,AVAILABLE,0
SEC_STD02_B_R13_S11,SEC_STD02_B,13,R13-S11,STANDARD,AVAILABLE,0
SEC_STD02_B_R13_S12,SEC_STD02_B,13,R13-S12,STANDARD,AVAILABLE,0
SEC_STD02_B_R13_S13,SEC_STD02_B,13,R13-S13,STANDARD,AVAILABLE,0
SEC_STD02_B_R13_S14,SEC_STD02_B,13,R13-S14,STANDARD,AVAILABLE,0
SEC_STD02_B_R13_S15,SEC_STD02_B,13,R13-S15,STANDARD,AVAILABLE,0
SEC_STD02_B_R13_S16,SEC_STD02_B,13,R13-S16,STANDARD,AVAILABLE,0
SEC_STD02_B_R13_S17,SEC_STD02_B,13,R13-S17,STANDARD,AVAILABLE,0
SEC_STD02_B_R13_S18,SEC_STD02_B,13,R13-S18,STANDARD,AVAILABLE,0
SEC_STD02_B_R13_S19,SEC_STD02_B,13,R13-S19,STANDARD,AVAILABLE,0
SEC_STD02_B_R13_S20,SEC_STD02_B,13,R13-S20,STANDARD,AVAILABLE,0
SEC_STD02_B_R13_S21,SEC_STD02_B,13,R13-S21,STANDARD,AVAILABLE,0
SEC_STD02_B_R13_S22,SEC_STD02_B,13,R13-S22,STANDARD,AVAILABLE,0
SEC_STD02_B_R13_S23,SEC_STD02_B,13,R13-S23,STANDARD,AVAILABLE,0
SEC_STD02_B_R13_S24,SEC_STD02_B,13,R13-S24,STANDARD,AVAILABLE,0
SEC_STD02_B_R13_S25,SEC_STD02_B,13,R13-S25,STANDARD,AVAILABLE,0
SEC_STD02_B_R13_S26,SEC_STD02_B,13,R13-S26,STANDARD,AVAILABLE,0
SEC_STD02_B_R13_S27,SEC_STD02_B,13,R13-S27,STANDARD,AVAILABLE,0
SEC_STD02_B_R13_S28,SEC_STD02_B,13,R13-S28,STANDARD,AVAILABLE,0
SEC_STD02_B_R13_S29,SEC_STD02_B,13,R13-S29,STANDARD,AVAILABLE,0
SEC_STD02_B_R13_S30,SEC_STD02_B,13,R13-S30,STANDARD,AVAILABLE,0
SEC_STD02_B_R13_S31,SEC_STD02_B,13,R13-S31,STANDARD,AVAILABLE,0
SEC_STD02_B_R13_S32,SEC_STD02_B,13,R13-S32,STANDARD,AVAILABLE,0
SEC_STD02_B_R13_S33,SEC_STD02_B,13,R13-S33,STANDARD,AVAILABLE,0
SEC_STD02_B_R13_S34,SEC_STD02_B,13,R13-S34,STANDARD,AVAILABLE,0
SEC_STD02_B_R13_S35,SEC_STD02_B,13,R13-S35,STANDARD,AVAILABLE,0
SEC_STD02_B_R13_S36,SEC_STD02_B,13,R13-S36,STANDARD,AVAILABLE,0
SEC_STD02_B_R13_S37,SEC_STD02_B,13,R13-S37,STANDARD,AVAILABLE,0
SEC_STD02_B_R13_S38,SEC_STD02_B,13,R13-S38,STANDARD,AVAILABLE,0
SEC_STD02_B_R13_S39,SEC_STD02_B,13,R13-S39,STANDARD,AVAILABLE,0
SEC_STD02_B_R13_S40,SEC_STD02_B,13,R13-S40,STANDARD,AVAILABLE,0
SEC_STD02_B_R14_S01,SEC_STD02_B,14,R14-S01,STANDARD,AVAILABLE,0
SEC_STD02_B_R14_S02,SEC_STD02_B,14,R14-S02,STANDARD,AVAILABLE,0
SEC_STD02_B_R14_S03,SEC_STD02_B,14,R14-S03,STANDARD,AVAILABLE,0
SEC_STD02_B_R14_S04,SEC_STD02_B,14,R14-S04,STANDARD,AVAILABLE,0
SEC_STD02_B_R14_S05,SEC_STD02_B,14,R14-S05,STANDARD,AVAILABLE,0
SEC_STD02_B_R14_S06,SEC_STD02_B,14,R14-S06,STANDARD,AVAILABLE,0
SEC_STD02_B_R14_S07,SEC_STD02_B,14,R14-S07,STANDARD,AVAILABLE,0
SEC_STD02_B_R14_S08,SEC_STD02_B,14,R14-S08,STANDARD,AVAILABLE,0
SEC_STD02_B_R14_S09,SEC_STD02_B,14,R14-S09,STANDARD,AVAILABLE,0
SEC_STD02_B_R14_S10,SEC_STD02_B,14,R14-S10,STANDARD,AVAILABLE,0
SEC_STD02_B_R14_S11,SEC_STD02_B,14,R14-S11,STANDARD,AVAILABLE,0
SEC_STD02_B_R14_S12,SEC_STD02_B,14,R14-S12,STANDARD,AVAILABLE,0
SEC_STD02_B_R14_S13,SEC_STD02_B,14,R14-S13,STANDARD,AVAILABLE,0
SEC_STD02_B_R14_S14,SEC_STD02_B,14,R14-S14,STANDARD,AVAILABLE,0
SEC_STD02_B_R14_S15,SEC_STD02_B,14,R14-S15,STANDARD,AVAILABLE,0
SEC_STD02_B_R14_S16,SEC_STD02_B,14,R14-S16,STANDARD,AVAILABLE,0
SEC_STD02_B_R14_S17,SEC_STD02_B,14,R14-S17,STANDARD,AVAILABLE,0
SEC_STD02_B_R14_S18,SEC_STD02_B,14,R14-S18,STANDARD,AVAILABLE,0
SEC_STD02_B_R14_S19,SEC_STD02_B,14,R14-S19,STANDARD,AVAILABLE,0
SEC_STD02_B_R14_S20,SEC_STD02_B,14,R14-S20,STANDARD,AVAILABLE,0
SEC_STD02_B_R14_S21,SEC_STD02_B,14,R14-S21,STANDARD,AVAILABLE,0
SEC_STD02_B_R14_S22,SEC_STD02_B,14,R14-S22,STANDARD,AVAILABLE,0
SEC_STD02_B_R14_S23,SEC_STD02_B,14,R14-S23,STANDARD,AVAILABLE,0
SEC_STD02_B_R14_S24,SEC_STD02_B,14,R14-S24,STANDARD,AVAILABLE,0
SEC_STD02_B_R14_S25,SEC_STD02_B,14,R14-S25,STANDARD,AVAILABLE,0
SEC_STD02_B_R14_S26,SEC_STD02_B,14,R14-S26,STANDARD,AVAILABLE,0
SEC_STD02_B_R14_S27,SEC_STD02_B,14,R14-S27,STANDARD,AVAILABLE,0
SEC_STD02_B_R14_S28,SEC_STD02_B,14,R14-S28,STANDARD,AVAILABLE,0
SEC_STD02_B_R14_S29,SEC_STD02_B,14,R14-S29,STANDARD,AVAILABLE,0
SEC_STD02_B_R14_S30,SEC_STD02_B,14,R14-S30,STANDARD,AVAILABLE,0
SEC_STD02_B_R14_S31,SEC_STD02_B,14,R14-S31,STANDARD,AVAILABLE,0
SEC_STD02_B_R14_S32,SEC_STD02_B,14,R14-S32,STANDARD,AVAILABLE,0
SEC_STD02_B_R14_S33,SEC_STD02_B,14,R14-S33,STANDARD,AVAILABLE,0
SEC_STD02_B_R14_S34,SEC_STD02_B,14,R14-S34,STANDARD,AVAILABLE,0
SEC_STD02_B_R14_S35,SEC_STD02_B,14,R14-S35,STANDARD,AVAILABLE,0
SEC_STD02_B_R14_S36,SEC_STD02_B,14,R14-S36,STANDARD,AVAILABLE,0
SEC_STD02_B_R14_S37,SEC_STD02_B,14,R14-S37,STANDARD,AVAILABLE,0
SEC_STD02_B_R14_S38,SEC_STD02_B,14,R14-S38,STANDARD,AVAILABLE,0
SEC_STD02_B_R14_S39,SEC_STD02_B,14,R14-S39,STANDARD,AVAILABLE,0
SEC_STD02_B_R14_S40,SEC_STD02_B,14,R14-S40,STANDARD,AVAILABLE,0
SEC_STD02_B_R15_S01,SEC_STD02_B,15,R15-S01,STANDARD,AVAILABLE,0
SEC_STD02_B_R15_S02,SEC_STD02_B,15,R15-S02,STANDARD,AVAILABLE,0
SEC_STD02_B_R15_S03,SEC_STD02_B,15,R15-S03,STANDARD,AVAILABLE,0
SEC_STD02_B_R15_S04,SEC_STD02_B,15,R15-S04,STANDARD,AVAILABLE,0
SEC_STD02_B_R15_S05,SEC_STD02_B,15,R15-S05,STANDARD,AVAILABLE,0
SEC_STD02_B_R15_S06,SEC_STD02_B,15,R15-S06,STANDARD,AVAILABLE,0
SEC_STD02_B_R15_S07,SEC_STD02_B,15,R15-S07,STANDARD,AVAILABLE,0
SEC_STD02_B_R15_S08,SEC_STD02_B,15,R15-S08,STANDARD,AVAILABLE,0
SEC_STD02_B_R15_S09,SEC_STD02_B,15,R15-S09,STANDARD,AVAILABLE,0
SEC_STD02_B_R15_S10,SEC_STD02_B,15,R15-S10,STANDARD,AVAILABLE,0
SEC_STD02_B_R15_S11,SEC_STD02_B,15,R15-S11,STANDARD,AVAILABLE,0
SEC_STD02_B_R15_S12,SEC_STD02_B,15,R15-S12,STANDARD,AVAILABLE,0
SEC_STD02_B_R15_S13,SEC_STD02_B,15,R15-S13,STANDARD,AVAILABLE,0
SEC_STD02_B_R15_S14,SEC_STD02_B,15,R15-S14,STANDARD,AVAILABLE,0
SEC_STD02_B_R15_S15,SEC_STD02_B,15,R15-S15,STANDARD,AVAILABLE,0
SEC_STD02_B_R15_S16,SEC_STD02_B,15,R15-S16,STANDARD,AVAILABLE,0
SEC_STD02_B_R15_S17,SEC_STD02_B,15,R15-S17,STANDARD,AVAILABLE,0
SEC_STD02_B_R15_S18,SEC_STD02_B,15,R15-S18,STANDARD,AVAILABLE,0
SEC_STD02_B_R15_S19,SEC_STD02_B,15,R15-S19,STANDARD,AVAILABLE,0
SEC_STD02_B_R15_S20,SEC_STD02_B,15,R15-S20,STANDARD,AVAILABLE,0
SEC_STD02_B_R15_S21,SEC_STD02_B,15,R15-S21,STANDARD,AVAILABLE,0
SEC_STD02_B_R15_S22,SEC_STD02_B,15,R15-S22,STANDARD,AVAILABLE,0
SEC_STD02_B_R15_S23,SEC_STD02_B,15,R15-S23,STANDARD,AVAILABLE,0
SEC_STD02_B_R15_S24,SEC_STD02_B,15,R15-S24,STANDARD,AVAILABLE,0
SEC_STD02_B_R15_S25,SEC_STD02_B,15,R15-S25,STANDARD,AVAILABLE,0
SEC_STD02_B_R15_S26,SEC_STD02_B,15,R15-S26,STANDARD,AVAILABLE,0
SEC_STD02_B_R15_S27,SEC_STD02_B,15,R15-S27,STANDARD,AVAILABLE,0
SEC_STD02_B_R15_S28,SEC_STD02_B,15,R15-S28,STANDARD,AVAILABLE,0
SEC_STD02_B_R15_S29,SEC_STD02_B,15,R15-S29,STANDARD,AVAILABLE,0
SEC_STD02_B_R15_S30,SEC_STD02_B,15,R15-S30,STANDARD,AVAILABLE,0
SEC_STD02_B_R15_S31,SEC_STD02_B,15,R15-S31,STANDARD,AVAILABLE,0
SEC_STD02_B_R15_S32,SEC_STD02_B,15,R15-S32,STANDARD,AVAILABLE,0
SEC_STD02_B_R15_S33,SEC_STD02_B,15,R15-S33,STANDARD,AVAILABLE,0
SEC_STD02_B_R15_S34,SEC_STD02_B,15,R15-S34,STANDARD,AVAILABLE,0
SEC_STD02_B_R15_S35,SEC_STD02_B,15,R15-S35,STANDARD,AVAILABLE,0
SEC_STD02_B_R15_S36,SEC_STD02_B,15,R15-S36,STANDARD,AVAILABLE,0
SEC_STD02_B_R15_S37,SEC_STD02_B,15,R15-S37,STANDARD,AVAILABLE,0
SEC_STD02_B_R15_S38,SEC_STD02_B,15,R15-S38,STANDARD,AVAILABLE,0
SEC_STD02_B_R15_S39,SEC_STD02_B,15,R15-S39,STANDARD,AVAILABLE,0
SEC_STD02_B_R15_S40,SEC_STD02_B,15,R15-S40,STANDARD,AVAILABLE,0
SEC_STD02_B_R16_S01,SEC_STD02_B,16,R16-S01,STANDARD,AVAILABLE,0
SEC_STD02_B_R16_S02,SEC_STD02_B,16,R16-S02,STANDARD,AVAILABLE,0
SEC_STD02_B_R16_S03,SEC_STD02_B,16,R16-S03,STANDARD,AVAILABLE,0
SEC_STD02_B_R16_S04,SEC_STD02_B,16,R16-S04,STANDARD,AVAILABLE,0
SEC_STD02_B_R16_S05,SEC_STD02_B,16,R16-S05,STANDARD,AVAILABLE,0
SEC_STD02_B_R16_S06,SEC_STD02_B,16,R16-S06,STANDARD,AVAILABLE,0
SEC_STD02_B_R16_S07,SEC_STD02_B,16,R16-S07,STANDARD,AVAILABLE,0
SEC_STD02_B_R16_S08,SEC_STD02_B,16,R16-S08,STANDARD,AVAILABLE,0
SEC_STD02_B_R16_S09,SEC_STD02_B,16,R16-S09,STANDARD,AVAILABLE,0
SEC_STD02_B_R16_S10,SEC_STD02_B,16,R16-S10,STANDARD,AVAILABLE,0
SEC_STD02_B_R16_S11,SEC_STD02_B,16,R16-S11,STANDARD,AVAILABLE,0
SEC_STD02_B_R16_S12,SEC_STD02_B,16,R16-S12,STANDARD,AVAILABLE,0
SEC_STD02_B_R16_S13,SEC_STD02_B,16,R16-S13,STANDARD,AVAILABLE,0
SEC_STD02_B_R16_S14,SEC_STD02_B,16,R16-S14,STANDARD,AVAILABLE,0
SEC_STD02_B_R16_S15,SEC_STD02_B,16,R16-S15,STANDARD,AVAILABLE,0
SEC_STD02_B_R16_S16,SEC_STD02_B,16,R16-S16,STANDARD,AVAILABLE,0
SEC_STD02_B_R16_S17,SEC_STD02_B,16,R16-S17,STANDARD,AVAILABLE,0
SEC_STD02_B_R16_S18,SEC_STD02_B,16,R16-S18,STANDARD,AVAILABLE,0
SEC_STD02_B_R16_S19,SEC_STD02_B,16,R16-S19,STANDARD,AVAILABLE,0
SEC_STD02_B_R16_S20,SEC_STD02_B,16,R16-S20,STANDARD,AVAILABLE,0
SEC_STD02_B_R16_S21,SEC_STD02_B,16,R16-S21,STANDARD,AVAILABLE,0
SEC_STD02_B_R16_S22,SEC_STD02_B,16,R16-S22,STANDARD,AVAILABLE,0
SEC_STD02_B_R16_S23,SEC_STD02_B,16,R16-S23,STANDARD,AVAILABLE,0
SEC_STD02_B_R16_S24,SEC_STD02_B,16,R16-S24,STANDARD,AVAILABLE,0
SEC_STD02_B_R16_S25,SEC_STD02_B,16,R16-S25,STANDARD,AVAILABLE,0
SEC_STD02_B_R16_S26,SEC_STD02_B,16,R16-S26,STANDARD,AVAILABLE,0
SEC_STD02_B_R16_S27,SEC_STD02_B,16,R16-S27,STANDARD,AVAILABLE,0
SEC_STD02_B_R16_S28,SEC_STD02_B,16,R16-S28,STANDARD,AVAILABLE,0
SEC_STD02_B_R16_S29,SEC_STD02_B,16,R16-S29,STANDARD,AVAILABLE,0
SEC_STD02_B_R16_S30,SEC_STD02_B,16,R16-S30,STANDARD,AVAILABLE,0
SEC_STD02_B_R16_S31,SEC_STD02_B,16,R16-S31,STANDARD,AVAILABLE,0
SEC_STD02_B_R16_S32,SEC_STD02_B,16,R16-S32,STANDARD,AVAILABLE,0
SEC_STD02_B_R16_S33,SEC_STD02_B,16,R16-S33,STANDARD,AVAILABLE,0
SEC_STD02_B_R16_S34,SEC_STD02_B,16,R16-S34,STANDARD,AVAILABLE,0
SEC_STD02_B_R16_S35,SEC_STD02_B,16,R16-S35,STANDARD,AVAILABLE,0
SEC_STD02_B_R16_S36,SEC_STD02_B,16,R16-S36,STANDARD,AVAILABLE,0
SEC_STD02_B_R16_S37,SEC_STD02_B,16,R16-S37,STANDARD,AVAILABLE,0
SEC_STD02_B_R16_S38,SEC_STD02_B,16,R16-S38,STANDARD,AVAILABLE,0
SEC_STD02_B_R16_S39,SEC_STD02_B,16,R16-S39,STANDARD,AVAILABLE,0
SEC_STD02_B_R16_S40,SEC_STD02_B,16,R16-S40,STANDARD,AVAILABLE,0
SEC_STD02_B_R17_S01,SEC_STD02_B,17,R17-S01,STANDARD,AVAILABLE,0
SEC_STD02_B_R17_S02,SEC_STD02_B,17,R17-S02,STANDARD,AVAILABLE,0
SEC_STD02_B_R17_S03,SEC_STD02_B,17,R17-S03,STANDARD,AVAILABLE,0
SEC_STD02_B_R17_S04,SEC_STD02_B,17,R17-S04,STANDARD,AVAILABLE,0
SEC_STD02_B_R17_S05,SEC_STD02_B,17,R17-S05,STANDARD,AVAILABLE,0
SEC_STD02_B_R17_S06,SEC_STD02_B,17,R17-S06,STANDARD,AVAILABLE,0
SEC_STD02_B_R17_S07,SEC_STD02_B,17,R17-S07,STANDARD,AVAILABLE,0
SEC_STD02_B_R17_S08,SEC_STD02_B,17,R17-S08,STANDARD,AVAILABLE,0
SEC_STD02_B_R17_S09,SEC_STD02_B,17,R17-S09,STANDARD,AVAILABLE,0
SEC_STD02_B_R17_S10,SEC_STD02_B,17,R17-S10,STANDARD,AVAILABLE,0
SEC_STD02_B_R17_S11,SEC_STD02_B,17,R17-S11,STANDARD,AVAILABLE,0
SEC_STD02_B_R17_S12,SEC_STD02_B,17,R17-S12,STANDARD,AVAILABLE,0
SEC_STD02_B_R17_S13,SEC_STD02_B,17,R17-S13,STANDARD,AVAILABLE,0
SEC_STD02_B_R17_S14,SEC_STD02_B,17,R17-S14,STANDARD,AVAILABLE,0
SEC_STD02_B_R17_S15,SEC_STD02_B,17,R17-S15,STANDARD,AVAILABLE,0
SEC_STD02_B_R17_S16,SEC_STD02_B,17,R17-S16,STANDARD,AVAILABLE,0
SEC_STD02_B_R17_S17,SEC_STD02_B,17,R17-S17,STANDARD,AVAILABLE,0
SEC_STD02_B_R17_S18,SEC_STD02_B,17,R17-S18,STANDARD,AVAILABLE,0
SEC_STD02_B_R17_S19,SEC_STD02_B,17,R17-S19,STANDARD,AVAILABLE,0
SEC_STD02_B_R17_S20,SEC_STD02_B,17,R17-S20,STANDARD,AVAILABLE,0
SEC_STD02_B_R17_S21,SEC_STD02_B,17,R17-S21,STANDARD,AVAILABLE,0
SEC_STD02_B_R17_S22,SEC_STD02_B,17,R17-S22,STANDARD,AVAILABLE,0
SEC_STD02_B_R17_S23,SEC_STD02_B,17,R17-S23,STANDARD,AVAILABLE,0
SEC_STD02_B_R17_S24,SEC_STD02_B,17,R17-S24,STANDARD,AVAILABLE,0
SEC_STD02_B_R17_S25,SEC_STD02_B,17,R17-S25,STANDARD,AVAILABLE,0
SEC_STD02_B_R17_S26,SEC_STD02_B,17,R17-S26,STANDARD,AVAILABLE,0
SEC_STD02_B_R17_S27,SEC_STD02_B,17,R17-S27,STANDARD,AVAILABLE,0
SEC_STD02_B_R17_S28,SEC_STD02_B,17,R17-S28,STANDARD,AVAILABLE,0
SEC_STD02_B_R17_S29,SEC_STD02_B,17,R17-S29,STANDARD,AVAILABLE,0
SEC_STD02_B_R17_S30,SEC_STD02_B,17,R17-S30,STANDARD,AVAILABLE,0
SEC_STD02_B_R17_S31,SEC_STD02_B,17,R17-S31,STANDARD,AVAILABLE,0
SEC_STD02_B_R17_S32,SEC_STD02_B,17,R17-S32,STANDARD,AVAILABLE,0
SEC_STD02_B_R17_S33,SEC_STD02_B,17,R17-S33,STANDARD,AVAILABLE,0
SEC_STD02_B_R17_S34,SEC_STD02_B,17,R17-S34,STANDARD,AVAILABLE,0
SEC_STD02_B_R17_S35,SEC_STD02_B,17,R17-S35,STANDARD,AVAILABLE,0
SEC_STD02_B_R17_S36,SEC_STD02_B,17,R17-S36,STANDARD,AVAILABLE,0
SEC_STD02_B_R17_S37,SEC_STD02_B,17,R17-S37,STANDARD,AVAILABLE,0
SEC_STD02_B_R17_S38,SEC_STD02_B,17,R17-S38,STANDARD,AVAILABLE,0
SEC_STD02_B_R17_S39,SEC_STD02_B,17,R17-S39,STANDARD,AVAILABLE,0
SEC_STD02_B_R17_S40,SEC_STD02_B,17,R17-S40,STANDARD,AVAILABLE,0
SEC_STD02_B_R18_S01,SEC_STD02_B,18,R18-S01,STANDARD,AVAILABLE,0
SEC_STD02_B_R18_S02,SEC_STD02_B,18,R18-S02,STANDARD,AVAILABLE,0
SEC_STD02_B_R18_S03,SEC_STD02_B,18,R18-S03,STANDARD,AVAILABLE,0
SEC_STD02_B_R18_S04,SEC_STD02_B,18,R18-S04,STANDARD,AVAILABLE,0
SEC_STD02_B_R18_S05,SEC_STD02_B,18,R18-S05,STANDARD,AVAILABLE,0
SEC_STD02_B_R18_S06,SEC_STD02_B,18,R18-S06,STANDARD,AVAILABLE,0
SEC_STD02_B_R18_S07,SEC_STD02_B,18,R18-S07,STANDARD,AVAILABLE,0
SEC_STD02_B_R18_S08,SEC_STD02_B,18,R18-S08,STANDARD,AVAILABLE,0
SEC_STD02_B_R18_S09,SEC_STD02_B,18,R18-S09,STANDARD,AVAILABLE,0
SEC_STD02_B_R18_S10,SEC_STD02_B,18,R18-S10,STANDARD,AVAILABLE,0
SEC_STD02_B_R18_S11,SEC_STD02_B,18,R18-S11,STANDARD,AVAILABLE,0
SEC_STD02_B_R18_S12,SEC_STD02_B,18,R18-S12,STANDARD,AVAILABLE,0
SEC_STD02_B_R18_S13,SEC_STD02_B,18,R18-S13,STANDARD,AVAILABLE,0
SEC_STD02_B_R18_S14,SEC_STD02_B,18,R18-S14,STANDARD,AVAILABLE,0
SEC_STD02_B_R18_S15,SEC_STD02_B,18,R18-S15,STANDARD,AVAILABLE,0
SEC_STD02_B_R18_S16,SEC_STD02_B,18,R18-S16,STANDARD,AVAILABLE,0
SEC_STD02_B_R18_S17,SEC_STD02_B,18,R18-S17,STANDARD,AVAILABLE,0
SEC_STD02_B_R18_S18,SEC_STD02_B,18,R18-S18,STANDARD,AVAILABLE,0
SEC_STD02_B_R18_S19,SEC_STD02_B,18,R18-S19,STANDARD,AVAILABLE,0
SEC_STD02_B_R18_S20,SEC_STD02_B,18,R18-S20,STANDARD,AVAILABLE,0
SEC_STD02_B_R18_S21,SEC_STD02_B,18,R18-S21,STANDARD,AVAILABLE,0
SEC_STD02_B_R18_S22,SEC_STD02_B,18,R18-S22,STANDARD,AVAILABLE,0
SEC_STD02_B_R18_S23,SEC_STD02_B,18,R18-S23,STANDARD,AVAILABLE,0
SEC_STD02_B_R18_S24,SEC_STD02_B,18,R18-S24,STANDARD,AVAILABLE,0
SEC_STD02_B_R18_S25,SEC_STD02_B,18,R18-S25,STANDARD,AVAILABLE,0
SEC_STD02_B_R18_S26,SEC_STD02_B,18,R18-S26,STANDARD,AVAILABLE,0
SEC_STD02_B_R18_S27,SEC_STD02_B,18,R18-S27,STANDARD,AVAILABLE,0
SEC_STD02_B_R18_S28,SEC_STD02_B,18,R18-S28,STANDARD,AVAILABLE,0
SEC_STD02_B_R18_S29,SEC_STD02_B,18,R18-S29,STANDARD,AVAILABLE,0
SEC_STD02_B_R18_S30,SEC_STD02_B,18,R18-S30,STANDARD,AVAILABLE,0
SEC_STD02_B_R18_S31,SEC_STD02_B,18,R18-S31,STANDARD,AVAILABLE,0
SEC_STD02_B_R18_S32,SEC_STD02_B,18,R18-S32,STANDARD,AVAILABLE,0
SEC_STD02_B_R18_S33,SEC_STD02_B,18,R18-S33,STANDARD,AVAILABLE,0
SEC_STD02_B_R18_S34,SEC_STD02_B,18,R18-S34,STANDARD,AVAILABLE,0
SEC_STD02_B_R18_S35,SEC_STD02_B,18,R18-S35,STANDARD,AVAILABLE,0
SEC_STD02_B_R18_S36,SEC_STD02_B,18,R18-S36,STANDARD,AVAILABLE,0
SEC_STD02_B_R18_S37,SEC_STD02_B,18,R18-S37,STANDARD,AVAILABLE,0
SEC_STD02_B_R18_S38,SEC_STD02_B,18,R18-S38,STANDARD,AVAILABLE,0
SEC_STD02_B_R18_S39,SEC_STD02_B,18,R18-S39,STANDARD,AVAILABLE,0
SEC_STD02_B_R18_S40,SEC_STD02_B,18,R18-S40,STANDARD,AVAILABLE,0
SEC_STD02_B_R19_S01,SEC_STD02_B,19,R19-S01,STANDARD,AVAILABLE,0
SEC_STD02_B_R19_S02,SEC_STD02_B,19,R19-S02,STANDARD,AVAILABLE,0
SEC_STD02_B_R19_S03,SEC_STD02_B,19,R19-S03,STANDARD,AVAILABLE,0
SEC_STD02_B_R19_S04,SEC_STD02_B,19,R19-S04,STANDARD,AVAILABLE,0
SEC_STD02_B_R19_S05,SEC_STD02_B,19,R19-S05,STANDARD,AVAILABLE,0
SEC_STD02_B_R19_S06,SEC_STD02_B,19,R19-S06,STANDARD,AVAILABLE,0
SEC_STD02_B_R19_S07,SEC_STD02_B,19,R19-S07,STANDARD,AVAILABLE,0
SEC_STD02_B_R19_S08,SEC_STD02_B,19,R19-S08,STANDARD,AVAILABLE,0
SEC_STD02_B_R19_S09,SEC_STD02_B,19,R19-S09,STANDARD,AVAILABLE,0
SEC_STD02_B_R19_S10,SEC_STD02_B,19,R19-S10,STANDARD,AVAILABLE,0
SEC_STD02_B_R19_S11,SEC_STD02_B,19,R19-S11,STANDARD,AVAILABLE,0
SEC_STD02_B_R19_S12,SEC_STD02_B,19,R19-S12,STANDARD,AVAILABLE,0
SEC_STD02_B_R19_S13,SEC_STD02_B,19,R19-S13,STANDARD,AVAILABLE,0
SEC_STD02_B_R19_S14,SEC_STD02_B,19,R19-S14,STANDARD,AVAILABLE,0
SEC_STD02_B_R19_S15,SEC_STD02_B,19,R19-S15,STANDARD,AVAILABLE,0
SEC_STD02_B_R19_S16,SEC_STD02_B,19,R19-S16,STANDARD,AVAILABLE,0
SEC_STD02_B_R19_S17,SEC_STD02_B,19,R19-S17,STANDARD,AVAILABLE,0
SEC_STD02_B_R19_S18,SEC_STD02_B,19,R19-S18,STANDARD,AVAILABLE,0
SEC_STD02_B_R19_S19,SEC_STD02_B,19,R19-S19,STANDARD,AVAILABLE,0
SEC_STD02_B_R19_S20,SEC_STD02_B,19,R19-S20,STANDARD,AVAILABLE,0
SEC_STD02_B_R19_S21,SEC_STD02_B,19,R19-S21,STANDARD,AVAILABLE,0
SEC_STD02_B_R19_S22,SEC_STD02_B,19,R19-S22,STANDARD,AVAILABLE,0
SEC_STD02_B_R19_S23,SEC_STD02_B,19,R19-S23,STANDARD,AVAILABLE,0
SEC_STD02_B_R19_S24,SEC_STD02_B,19,R19-S24,STANDARD,AVAILABLE,0
SEC_STD02_B_R19_S25,SEC_STD02_B,19,R19-S25,STANDARD,AVAILABLE,0
SEC_STD02_B_R19_S26,SEC_STD02_B,19,R19-S26,STANDARD,AVAILABLE,0
SEC_STD02_B_R19_S27,SEC_STD02_B,19,R19-S27,STANDARD,AVAILABLE,0
SEC_STD02_B_R19_S28,SEC_STD02_B,19,R19-S28,STANDARD,AVAILABLE,0
SEC_STD02_B_R19_S29,SEC_STD02_B,19,R19-S29,STANDARD,AVAILABLE,0
SEC_STD02_B_R19_S30,SEC_STD02_B,19,R19-S30,STANDARD,AVAILABLE,0
SEC_STD02_B_R19_S31,SEC_STD02_B,19,R19-S31,STANDARD,AVAILABLE,0
SEC_STD02_B_R19_S32,SEC_STD02_B,19,R19-S32,STANDARD,AVAILABLE,0
SEC_STD02_B_R19_S33,SEC_STD02_B,19,R19-S33,STANDARD,AVAILABLE,0
SEC_STD02_B_R19_S34,SEC_STD02_B,19,R19-S34,STANDARD,AVAILABLE,0
SEC_STD02_B_R19_S35,SEC_STD02_B,19,R19-S35,STANDARD,AVAILABLE,0
SEC_STD02_B_R19_S36,SEC_STD02_B,19,R19-S36,STANDARD,AVAILABLE,0
SEC_STD02_B_R19_S37,SEC_STD02_B,19,R19-S37,STANDARD,AVAILABLE,0
SEC_STD02_B_R19_S38,SEC_STD02_B,19,R19-S38,STANDARD,AVAILABLE,0
SEC_STD02_B_R19_S39,SEC_STD02_B,19,R19-S39,STANDARD,AVAILABLE,0
SEC_STD02_B_R19_S40,SEC_STD02_B,19,R19-S40,STANDARD,AVAILABLE,0
SEC_STD02_B_R20_S01,SEC_STD02_B,20,R20-S01,STANDARD,AVAILABLE,0
SEC_STD02_B_R20_S02,SEC_STD02_B,20,R20-S02,STANDARD,AVAILABLE,0
SEC_STD02_B_R20_S03,SEC_STD02_B,20,R20-S03,STANDARD,AVAILABLE,0
SEC_STD02_B_R20_S04,SEC_STD02_B,20,R20-S04,STANDARD,AVAILABLE,0
SEC_STD02_B_R20_S05,SEC_STD02_B,20,R20-S05,STANDARD,AVAILABLE,0
SEC_STD02_B_R20_S06,SEC_STD02_B,20,R20-S06,STANDARD,AVAILABLE,0
SEC_STD02_B_R20_S07,SEC_STD02_B,20,R20-S07,STANDARD,AVAILABLE,0
SEC_STD02_B_R20_S08,SEC_STD02_B,20,R20-S08,STANDARD,AVAILABLE,0
SEC_STD02_B_R20_S09,SEC_STD02_B,20,R20-S09,STANDARD,AVAILABLE,0
SEC_STD02_B_R20_S10,SEC_STD02_B,20,R20-S10,STANDARD,AVAILABLE,0
SEC_STD02_B_R20_S11,SEC_STD02_B,20,R20-S11,STANDARD,AVAILABLE,0
SEC_STD02_B_R20_S12,SEC_STD02_B,20,R20-S12,STANDARD,AVAILABLE,0
SEC_STD02_B_R20_S13,SEC_STD02_B,20,R20-S13,STANDARD,AVAILABLE,0
SEC_STD02_B_R20_S14,SEC_STD02_B,20,R20-S14,STANDARD,AVAILABLE,0
SEC_STD02_B_R20_S15,SEC_STD02_B,20,R20-S15,STANDARD,AVAILABLE,0
SEC_STD02_B_R20_S16,SEC_STD02_B,20,R20-S16,STANDARD,AVAILABLE,0
SEC_STD02_B_R20_S17,SEC_STD02_B,20,R20-S17,STANDARD,AVAILABLE,0
SEC_STD02_B_R20_S18,SEC_STD02_B,20,R20-S18,STANDARD,AVAILABLE,0
SEC_STD02_B_R20_S19,SEC_STD02_B,20,R20-S19,STANDARD,AVAILABLE,0
SEC_STD02_B_R20_S20,SEC_STD02_B,20,R20-S20,STANDARD,AVAILABLE,0
SEC_STD02_B_R20_S21,SEC_STD02_B,20,R20-S21,STANDARD,AVAILABLE,0
SEC_STD02_B_R20_S22,SEC_STD02_B,20,R20-S22,STANDARD,AVAILABLE,0
SEC_STD02_B_R20_S23,SEC_STD02_B,20,R20-S23,STANDARD,AVAILABLE,0
SEC_STD02_B_R20_S24,SEC_STD02_B,20,R20-S24,STANDARD,AVAILABLE,0
SEC_STD02_B_R20_S25,SEC_STD02_B,20,R20-S25,STANDARD,AVAILABLE,0
SEC_STD02_B_R20_S26,SEC_STD02_B,20,R20-S26,STANDARD,AVAILABLE,0
SEC_STD02_B_R20_S27,SEC_STD02_B,20,R20-S27,STANDARD,AVAILABLE,0
SEC_STD02_B_R20_S28,SEC_STD02_B,20,R20-S28,STANDARD,AVAILABLE,0
SEC_STD02_B_R20_S29,SEC_STD02_B,20,R20-S29,STANDARD,AVAILABLE,0
SEC_STD02_B_R20_S30,SEC_STD02_B,20,R20-S30,STANDARD,AVAILABLE,0
SEC_STD02_B_R20_S31,SEC_STD02_B,20,R20-S31,STANDARD,AVAILABLE,0
SEC_STD02_B_R20_S32,SEC_STD02_B,20,R20-S32,STANDARD,AVAILABLE,0
SEC_STD02_B_R20_S33,SEC_STD02_B,20,R20-S33,STANDARD,AVAILABLE,0
SEC_STD02_B_R20_S34,SEC_STD02_B,20,R20-S34,STANDARD,AVAILABLE,0
SEC_STD02_B_R20_S35,SEC_STD02_B,20,R20-S35,STANDARD,AVAILABLE,0
SEC_STD02_B_R20_S36,SEC_STD02_B,20,R20-S36,STANDARD,AVAILABLE,0
SEC_STD02_B_R20_S37,SEC_STD02_B,20,R20-S37,STANDARD,AVAILABLE,0
SEC_STD02_B_R20_S38,SEC_STD02_B,20,R20-S38,STANDARD,AVAILABLE,0
SEC_STD02_B_R20_S39,SEC_STD02_B,20,R20-S39,STANDARD,AVAILABLE,0
SEC_STD02_B_R20_S40,SEC_STD02_B,20,R20-S40,STANDARD,AVAILABLE,0
